area,item,year,yield_hg_ha,pesticides_tonnes,rain_mm,avg_temp,yield_t_ha
Albania,Maize,1990,36613,121.0,1485.0,16.37,3.6613
Albania,Maize,1991,29068,121.0,1485.0,15.36,2.9068
Albania,Maize,1992,24876,121.0,1485.0,16.06,2.4876
Albania,Maize,1993,24185,121.0,1485.0,16.05,2.4185
Albania,Maize,1994,25848,201.0,1485.0,16.96,2.5848
Albania,Maize,1995,31300,251.0,1485.0,15.67,3.13
Albania,Maize,1996,32604,313.96,1485.0,15.64,3.2604
Albania,Maize,1997,31862,376.93,1485.0,15.9,3.1862
Albania,Maize,1998,33416,439.89,1485.0,16.27,3.3416
Albania,Maize,1999,37455,502.86,1485.0,16.57,3.7455
Albania,Maize,2000,38811,565.82,1485.0,16.67,3.8811
Albania,Maize,2001,38135,628.79,1485.0,16.59,3.8135
Albania,Maize,2002,39460,691.75,1485.0,16.47,3.946
Albania,Maize,2004,46197,817.68,1485.0,16.16,4.6197
Albania,Maize,2005,45442,880.64,1485.0,15.67,4.5442
Albania,Maize,2006,50111,943.61,1485.0,15.92,5.0111
Albania,Maize,2007,46732,1006.57,1485.0,16.67,4.6732
Albania,Maize,2008,50000,1069.54,1485.0,16.71,5.0
Albania,Maize,2009,55693,1132.5,1485.0,16.73,5.5693
Albania,Maize,2010,66790,1311.17,1485.0,16.52,6.679
Albania,Maize,2011,59869,1302.63,1485.0,16.45,5.9869
Albania,Maize,2012,67290,766.25,1485.0,16.7,6.729
Albania,Maize,2013,69533,982.32,1485.0,17.41,6.9533
Albania,Potatoes,1990,66667,121.0,1485.0,16.37,6.6667
Albania,Potatoes,1991,77818,121.0,1485.0,15.36,7.7818
Albania,Potatoes,1992,82920,121.0,1485.0,16.06,8.292
Albania,Potatoes,1993,98446,121.0,1485.0,16.05,9.8446
Albania,Potatoes,1994,81404,201.0,1485.0,16.96,8.1404
Albania,Potatoes,1995,111323,251.0,1485.0,15.67,11.1323
Albania,Potatoes,1996,106138,313.96,1485.0,15.64,10.6138
Albania,Potatoes,1997,109874,376.93,1485.0,15.9,10.9874
Albania,Potatoes,1998,127212,439.89,1485.0,16.27,12.7212
Albania,Potatoes,1999,142018,502.86,1485.0,16.57,14.2018
Albania,Potatoes,2000,141228,565.82,1485.0,16.67,14.1228
Albania,Potatoes,2001,148818,628.79,1485.0,16.59,14.8818
Albania,Potatoes,2002,153868,691.75,1485.0,16.47,15.3868
Albania,Potatoes,2004,149346,817.68,1485.0,16.16,14.9346
Albania,Potatoes,2005,167061,880.64,1485.0,15.67,16.7061
Albania,Potatoes,2006,170745,943.61,1485.0,15.92,17.0745
Albania,Potatoes,2007,188902,1006.57,1485.0,16.67,18.8902
Albania,Potatoes,2008,193878,1069.54,1485.0,16.71,19.3878
Albania,Potatoes,2009,219780,1132.5,1485.0,16.73,21.978
Albania,Potatoes,2010,231111,1311.17,1485.0,16.52,23.1111
Albania,Potatoes,2011,242211,1302.63,1485.0,16.45,24.2211
Albania,Potatoes,2012,250538,766.25,1485.0,16.7,25.0538
Albania,Potatoes,2013,260110,982.32,1485.0,17.41,26.011
Albania,"Rice, paddy",1990,23333,121.0,1485.0,16.37,2.3333
Albania,"Rice, paddy",1991,28538,121.0,1485.0,15.36,2.8538
Albania,"Rice, paddy",1992,40000,121.0,1485.0,16.06,4.0
Albania,"Rice, paddy",1993,41786,121.0,1485.0,16.05,4.1786
Albania,Sorghum,1990,12500,121.0,1485.0,16.37,1.25
Albania,Sorghum,1991,6667,121.0,1485.0,15.36,0.6667
Albania,Sorghum,1992,3747,121.0,1485.0,16.06,0.3747
Albania,Soybeans,1990,7000,121.0,1485.0,16.37,0.7
Albania,Soybeans,1991,6066,121.0,1485.0,15.36,0.6066
Albania,Soybeans,1992,4507,121.0,1485.0,16.06,0.4507
Albania,Soybeans,1993,7998,121.0,1485.0,16.05,0.7998
Albania,Soybeans,1994,7927,201.0,1485.0,16.96,0.7927
Albania,Soybeans,1995,11791,251.0,1485.0,15.67,1.1791
Albania,Soybeans,1996,15480,313.96,1485.0,15.64,1.548
Albania,Soybeans,1997,12768,376.93,1485.0,15.9,1.2768
Albania,Soybeans,1998,14327,439.89,1485.0,16.27,1.4327
Albania,Soybeans,1999,17143,502.86,1485.0,16.57,1.7143
Albania,Soybeans,2000,15000,565.82,1485.0,16.67,1.5
Albania,Soybeans,2001,20000,628.79,1485.0,16.59,2.0
Albania,Soybeans,2002,20000,691.75,1485.0,16.47,2.0
Albania,Soybeans,2004,13333,817.68,1485.0,16.16,1.3333
Albania,Soybeans,2005,17500,880.64,1485.0,15.67,1.75
Albania,Soybeans,2006,20000,943.61,1485.0,15.92,2.0
Albania,Soybeans,2007,20000,1006.57,1485.0,16.67,2.0
Albania,Soybeans,2008,20000,1069.54,1485.0,16.71,2.0
Albania,Soybeans,2009,16667,1132.5,1485.0,16.73,1.6667
Albania,Soybeans,2010,16667,1311.17,1485.0,16.52,1.6667
Albania,Soybeans,2011,18519,1302.63,1485.0,16.45,1.8519
Albania,Soybeans,2012,13333,766.25,1485.0,16.7,1.3333
Albania,Soybeans,2013,10000,982.32,1485.0,17.41,1.0
Albania,Wheat,1990,30197,121.0,1485.0,16.37,3.0197
Albania,Wheat,1991,20698,121.0,1485.0,15.36,2.0698
Albania,Wheat,1992,24388,121.0,1485.0,16.06,2.4388
Albania,Wheat,1993,29976,121.0,1485.0,16.05,2.9976
Albania,Wheat,1994,24745,201.0,1485.0,16.96,2.4745
Albania,Wheat,1995,28703,251.0,1485.0,15.67,2.8703
Albania,Wheat,1996,21741,313.96,1485.0,15.64,2.1741
Albania,Wheat,1997,28516,376.93,1485.0,15.9,2.8516
Albania,Wheat,1998,28037,439.89,1485.0,16.27,2.8037
Albania,Wheat,1999,24954,502.86,1485.0,16.57,2.4954
Albania,Wheat,2000,30455,565.82,1485.0,16.67,3.0455
Albania,Wheat,2001,28220,628.79,1485.0,16.59,2.822
Albania,Wheat,2002,31617,691.75,1485.0,16.47,3.1617
Albania,Wheat,2004,31130,817.68,1485.0,16.16,3.113
Albania,Wheat,2005,31582,880.64,1485.0,15.67,3.1582
Albania,Wheat,2006,30787,943.61,1485.0,15.92,3.0787
Albania,Wheat,2007,35496,1006.57,1485.0,16.67,3.5496
Albania,Wheat,2008,40168,1069.54,1485.0,16.71,4.0168
Albania,Wheat,2009,40229,1132.5,1485.0,16.73,4.0229
Albania,Wheat,2010,39905,1311.17,1485.0,16.52,3.9905
Albania,Wheat,2011,42301,1302.63,1485.0,16.45,4.2301
Albania,Wheat,2012,41096,766.25,1485.0,16.7,4.1096
Albania,Wheat,2013,41292,982.32,1485.0,17.41,4.1292
Algeria,Maize,1990,16500,1828.92,89.0,17.48,1.65
Algeria,Maize,1991,19231,2461.8,89.0,16.26,1.9231
Algeria,Maize,1992,22828,1215.47,89.0,16.27,2.2828
Algeria,Maize,1993,12500,1021.89,89.0,17.0,1.25
Algeria,Maize,1994,4512,1255.02,89.0,17.88,0.4512
Algeria,Maize,1995,16115,2697.09,89.0,17.36,1.6115
Algeria,Maize,1996,17154,479.77,89.0,16.76,1.7154
Algeria,Maize,1997,21417,401.22,89.0,17.84,2.1417
Algeria,Maize,1998,17222,322.84,89.0,17.14,1.7222
Algeria,Maize,1999,22375,654.45,89.0,17.97,2.2375
Algeria,Maize,2000,36186,603.67,89.0,17.9,3.6186
Algeria,Maize,2001,27175,710.11,89.0,18.13,2.7175
Algeria,Maize,2002,33480,816.55,89.0,17.85,3.348
Algeria,Maize,2004,31729,3747.86,89.0,17.38,3.1729
Algeria,Maize,2005,33864,3662.87,89.0,17.19,3.3864
Algeria,Maize,2006,65668,4110.72,89.0,18.13,6.5668
Algeria,Maize,2007,85625,5390.79,89.0,17.42,8.5625
Algeria,Maize,2008,44714,11556.12,89.0,17.55,4.4714
Algeria,Maize,2009,30914,3867.99,89.0,17.78,3.0914
Algeria,Maize,2010,25827,1295.88,89.0,17.59,2.5827
Algeria,Maize,2011,23374,13861.76,89.0,17.79,2.3374
Algeria,Maize,2012,25583,17379.76,89.0,17.91,2.5583
Algeria,Maize,2013,33649,17278.65,89.0,17.65,3.3649
Algeria,Potatoes,1990,78936,1828.92,89.0,17.48,7.8936
Algeria,Potatoes,1991,90747,2461.8,89.0,16.26,9.0747
Algeria,Potatoes,1992,107917,1215.47,89.0,16.27,10.7917
Algeria,Potatoes,1993,111215,1021.89,89.0,17.0,11.1215
Algeria,Potatoes,1994,95078,1255.02,89.0,17.88,9.5078
Algeria,Potatoes,1995,136768,2697.09,89.0,17.36,13.6768
Algeria,Potatoes,1996,134629,479.77,89.0,16.76,13.4629
Algeria,Potatoes,1997,141042,401.22,89.0,17.84,14.1042
Algeria,Potatoes,1998,160256,322.84,89.0,17.14,16.0256
Algeria,Potatoes,1999,153532,654.45,89.0,17.97,15.3532
Algeria,Potatoes,2000,166143,603.67,89.0,17.9,16.6143
Algeria,Potatoes,2001,147018,710.11,89.0,18.13,14.7018
Algeria,Potatoes,2002,183774,816.55,89.0,17.85,18.3774
Algeria,Potatoes,2004,203585,3747.86,89.0,17.38,20.3585
Algeria,Potatoes,2005,216267,3662.87,89.0,17.19,21.6267
Algeria,Potatoes,2006,220689,4110.72,89.0,18.13,22.0689
Algeria,Potatoes,2007,189927,5390.79,89.0,17.42,18.9927
Algeria,Potatoes,2008,236393,11556.12,89.0,17.55,23.6393
Algeria,Potatoes,2009,250764,3867.99,89.0,17.78,25.0764
Algeria,Potatoes,2010,270526,1295.88,89.0,17.59,27.0526
Algeria,Potatoes,2011,292806,13861.76,89.0,17.79,29.2806
Algeria,Potatoes,2012,304291,17379.76,89.0,17.91,30.4291
Algeria,Potatoes,2013,303218,17278.65,89.0,17.65,30.3218
Algeria,"Rice, paddy",1990,28000,1828.92,89.0,17.48,2.8
Algeria,"Rice, paddy",1991,26786,2461.8,89.0,16.26,2.6786
Algeria,"Rice, paddy",1992,24733,1215.47,89.0,16.27,2.4733
Algeria,"Rice, paddy",1993,23111,1021.89,89.0,17.0,2.3111
Algeria,"Rice, paddy",1994,21374,1255.02,89.0,17.88,2.1374
Algeria,"Rice, paddy",1995,19598,2697.09,89.0,17.36,1.9598
Algeria,"Rice, paddy",1996,17861,479.77,89.0,16.76,1.7861
Algeria,"Rice, paddy",1997,15000,401.22,89.0,17.84,1.5
Algeria,"Rice, paddy",1998,15000,322.84,89.0,17.14,1.5
Algeria,"Rice, paddy",1999,13942,654.45,89.0,17.97,1.3942
Algeria,"Rice, paddy",2000,13052,603.67,89.0,17.9,1.3052
Algeria,"Rice, paddy",2001,12314,710.11,89.0,18.13,1.2314
Algeria,"Rice, paddy",2002,12959,816.55,89.0,17.85,1.2959
Algeria,"Rice, paddy",2004,12829,3747.86,89.0,17.38,1.2829
Algeria,"Rice, paddy",2005,12998,3662.87,89.0,17.19,1.2998
Algeria,"Rice, paddy",2006,12769,4110.72,89.0,18.13,1.2769
Algeria,"Rice, paddy",2007,13375,5390.79,89.0,17.42,1.3375
Algeria,"Rice, paddy",2008,13952,11556.12,89.0,17.55,1.3952
Algeria,"Rice, paddy",2009,14594,3867.99,89.0,17.78,1.4594
Algeria,"Rice, paddy",2010,15305,1295.88,89.0,17.59,1.5305
Algeria,"Rice, paddy",2011,16081,13861.76,89.0,17.79,1.6081
Algeria,"Rice, paddy",2012,16667,17379.76,89.0,17.91,1.6667
Algeria,"Rice, paddy",2013,17778,17278.65,89.0,17.65,1.7778
Algeria,Sorghum,1990,16571,1828.92,89.0,17.48,1.6571
Algeria,Sorghum,1991,24231,2461.8,89.0,16.26,2.4231
Algeria,Sorghum,1992,40000,1215.47,89.0,16.27,4.0
Algeria,Sorghum,1993,50000,1021.89,89.0,17.0,5.0
Algeria,Sorghum,1995,12667,2697.09,89.0,17.36,1.2667
Algeria,Sorghum,1996,14750,479.77,89.0,16.76,1.475
Algeria,Sorghum,1997,40000,401.22,89.0,17.84,4.0
Algeria,Sorghum,1998,24500,322.84,89.0,17.14,2.45
Algeria,Sorghum,1999,27000,654.45,89.0,17.97,2.7
Algeria,Sorghum,2000,69500,603.67,89.0,17.9,6.95
Algeria,Sorghum,2001,27750,710.11,89.0,18.13,2.775
Algeria,Sorghum,2002,33900,816.55,89.0,17.85,3.39
Algeria,Sorghum,2004,43316,3747.86,89.0,17.38,4.3316
Algeria,Sorghum,2005,33486,3662.87,89.0,17.19,3.3486
Algeria,Sorghum,2006,56728,4110.72,89.0,18.13,5.6728
Algeria,Sorghum,2007,119059,5390.79,89.0,17.42,11.9059
Algeria,Sorghum,2008,61786,11556.12,89.0,17.55,6.1786
Algeria,Sorghum,2009,90465,3867.99,89.0,17.78,9.0465
Algeria,Sorghum,2010,30286,1295.88,89.0,17.59,3.0286
Algeria,Sorghum,2011,100000,13861.76,89.0,17.79,10.0
Algeria,Sorghum,2012,206000,17379.76,89.0,17.91,20.6
Algeria,Sorghum,2013,60000,17278.65,89.0,17.65,6.0
Algeria,Wheat,1990,6315,1828.92,89.0,17.48,0.6315
Algeria,Wheat,1991,10809,2461.8,89.0,16.26,1.0809
Algeria,Wheat,1992,9939,1215.47,89.0,16.27,0.9939
Algeria,Wheat,1993,8097,1021.89,89.0,17.0,0.8097
Algeria,Wheat,1994,7999,1255.02,89.0,17.88,0.7999
Algeria,Wheat,1995,8924,2697.09,89.0,17.36,0.8924
Algeria,Wheat,1996,13090,479.77,89.0,16.76,1.309
Algeria,Wheat,1997,8016,401.22,89.0,17.84,0.8016
Algeria,Wheat,1998,8847,322.84,89.0,17.14,0.8847
Algeria,Wheat,1999,10711,654.45,89.0,17.97,1.0711
Algeria,Wheat,2000,9194,603.67,89.0,17.9,0.9194
Algeria,Wheat,2001,11104,710.11,89.0,18.13,1.1104
Algeria,Wheat,2002,10739,816.55,89.0,17.85,1.0739
Algeria,Wheat,2004,13582,3747.86,89.0,17.38,1.3582
Algeria,Wheat,2005,15057,3662.87,89.0,17.19,1.5057
Algeria,Wheat,2006,15068,4110.72,89.0,18.13,1.5068
Algeria,Wheat,2007,12742,5390.79,89.0,17.42,1.2742
Algeria,Wheat,2008,11038,11556.12,89.0,17.55,1.1038
Algeria,Wheat,2009,15975,3867.99,89.0,17.78,1.5975
Algeria,Wheat,2010,14838,1295.88,89.0,17.59,1.4838
Algeria,Wheat,2011,17405,13861.76,89.0,17.79,1.7405
Algeria,Wheat,2012,17639,17379.76,89.0,17.91,1.7639
Algeria,Wheat,2013,19100,17278.65,89.0,17.65,1.91
Angola,Cassava,1990,41177,64.0,1010.0,24.12,4.1177
Angola,Cassava,1991,40295,79.0,1010.0,24.02,4.0295
Angola,Cassava,1992,42295,23.0,1010.0,23.96,4.2295
Angola,Cassava,1993,42295,169.0,1010.0,24.15,4.2295
Angola,Cassava,1994,58596,25.5,1010.0,24.04,5.8596
Angola,Cassava,1995,51000,336.0,1010.0,24.56,5.1
Angola,Cassava,1996,48077,40.0,1010.0,24.11,4.8077
Angola,Cassava,1997,44205,40.0,1010.0,24.06,4.4205
Angola,Cassava,1998,55728,40.0,1010.0,24.96,5.5728
Angola,Cassava,1999,59821,40.0,1010.0,24.37,5.9821
Angola,Cassava,2000,82992,40.0,1010.0,24.41,8.2992
Angola,Cassava,2001,94072,40.0,1010.0,24.43,9.4072
Angola,Cassava,2002,110071,40.0,1010.0,24.79,11.0071
Angola,Cassava,2004,125605,40.0,1010.0,24.22,12.5605
Angola,Cassava,2005,117628,40.0,1010.0,24.41,11.7628
Angola,Cassava,2006,117201,40.0,1010.0,24.14,11.7201
Angola,Cassava,2007,115387,40.0,1010.0,24.24,11.5387
Angola,Cassava,2008,148084,40.0,1010.0,24.27,14.8084
Angola,Cassava,2009,151759,40.0,1010.0,24.33,15.1759
Angola,Cassava,2010,155782,40.0,1010.0,24.44,15.5782
Angola,Cassava,2011,133649,40.0,1010.0,24.15,13.3649
Angola,Cassava,2012,100073,40.0,1010.0,24.24,10.0073
Angola,Cassava,2013,140517,40.0,1010.0,24.55,14.0517
Angola,Maize,1990,2736,64.0,1010.0,24.12,0.2736
Angola,Maize,1991,4013,79.0,1010.0,24.02,0.4013
Angola,Maize,1992,3778,23.0,1010.0,23.96,0.3778
Angola,Maize,1993,2627,169.0,1010.0,24.15,0.2627
Angola,Maize,1994,2463,25.5,1010.0,24.04,0.2463
Angola,Maize,1995,3517,336.0,1010.0,24.56,0.3517
Angola,Maize,1996,6993,40.0,1010.0,24.11,0.6993
Angola,Maize,1997,5959,40.0,1010.0,24.06,0.5959
Angola,Maize,1998,7396,40.0,1010.0,24.96,0.7396
Angola,Maize,1999,6361,40.0,1010.0,24.37,0.6361
Angola,Maize,2000,5745,40.0,1010.0,24.41,0.5745
Angola,Maize,2001,5754,40.0,1010.0,24.43,0.5754
Angola,Maize,2002,6706,40.0,1010.0,24.79,0.6706
Angola,Maize,2004,5404,40.0,1010.0,24.22,0.5404
Angola,Maize,2005,6736,40.0,1010.0,24.41,0.6736
Angola,Maize,2006,4687,40.0,1010.0,24.14,0.4687
Angola,Maize,2007,5091,40.0,1010.0,24.24,0.5091
Angola,Maize,2008,7946,40.0,1010.0,24.27,0.7946
Angola,Maize,2009,6614,40.0,1010.0,24.33,0.6614
Angola,Maize,2010,7200,40.0,1010.0,24.44,0.72
Angola,Maize,2011,7376,40.0,1010.0,24.15,0.7376
Angola,Maize,2012,7770,40.0,1010.0,24.24,0.777
Angola,Maize,2013,9467,40.0,1010.0,24.55,0.9467
Angola,Potatoes,1990,40000,64.0,1010.0,24.12,4.0
Angola,Potatoes,1991,40000,79.0,1010.0,24.02,4.0
Angola,Potatoes,1992,40000,23.0,1010.0,23.96,4.0
Angola,Potatoes,1993,70000,169.0,1010.0,24.15,7.0
Angola,Potatoes,1994,90000,25.5,1010.0,24.04,9.0
Angola,Potatoes,1995,76738,336.0,1010.0,24.56,7.6738
Angola,Potatoes,1996,70000,40.0,1010.0,24.11,7.0
Angola,Potatoes,1997,68571,40.0,1010.0,24.06,6.8571
Angola,Potatoes,1998,62724,40.0,1010.0,24.96,6.2724
Angola,Potatoes,1999,54597,40.0,1010.0,24.37,5.4597
Angola,Potatoes,2000,29885,40.0,1010.0,24.41,2.9885
Angola,Potatoes,2001,42552,40.0,1010.0,24.43,4.2552
Angola,Potatoes,2002,42754,40.0,1010.0,24.79,4.2754
Angola,Potatoes,2004,20150,40.0,1010.0,24.22,2.015
Angola,Potatoes,2005,23646,40.0,1010.0,24.41,2.3646
Angola,Potatoes,2006,52148,40.0,1010.0,24.14,5.2148
Angola,Potatoes,2007,62138,40.0,1010.0,24.24,6.2138
Angola,Potatoes,2008,85085,40.0,1010.0,24.27,8.5085
Angola,Potatoes,2009,86509,40.0,1010.0,24.33,8.6509
Angola,Potatoes,2010,87425,40.0,1010.0,24.44,8.7425
Angola,Potatoes,2011,81366,40.0,1010.0,24.15,8.1366
Angola,Potatoes,2012,69381,40.0,1010.0,24.24,6.9381
Angola,Potatoes,2013,63303,40.0,1010.0,24.55,6.3303
Angola,"Rice, paddy",1990,9512,64.0,1010.0,24.12,0.9512
Angola,"Rice, paddy",1991,10000,79.0,1010.0,24.02,1.0
Angola,"Rice, paddy",1992,9106,23.0,1010.0,23.96,0.9106
Angola,"Rice, paddy",1993,8000,169.0,1010.0,24.15,0.8
Angola,"Rice, paddy",1994,8750,25.5,1010.0,24.04,0.875
Angola,"Rice, paddy",1995,14615,336.0,1010.0,24.56,1.4615
Angola,"Rice, paddy",1996,17500,40.0,1010.0,24.11,1.75
Angola,"Rice, paddy",1997,20000,40.0,1010.0,24.06,2.0
Angola,"Rice, paddy",1998,20000,40.0,1010.0,24.96,2.0
Angola,"Rice, paddy",1999,14235,40.0,1010.0,24.37,1.4235
Angola,"Rice, paddy",2000,13454,40.0,1010.0,24.41,1.3454
Angola,"Rice, paddy",2001,13701,40.0,1010.0,24.43,1.3701
Angola,"Rice, paddy",2002,13198,40.0,1010.0,24.79,1.3198
Angola,"Rice, paddy",2004,11584,40.0,1010.0,24.22,1.1584
Angola,"Rice, paddy",2005,6977,40.0,1010.0,24.41,0.6977
Angola,"Rice, paddy",2006,4947,40.0,1010.0,24.14,0.4947
Angola,"Rice, paddy",2007,5143,40.0,1010.0,24.24,0.5143
Angola,"Rice, paddy",2008,5084,40.0,1010.0,24.27,0.5084
Angola,"Rice, paddy",2009,6028,40.0,1010.0,24.33,0.6028
Angola,"Rice, paddy",2010,7403,40.0,1010.0,24.44,0.7403
Angola,"Rice, paddy",2011,8914,40.0,1010.0,24.15,0.8914
Angola,"Rice, paddy",2012,7703,40.0,1010.0,24.24,0.7703
Angola,"Rice, paddy",2013,12744,40.0,1010.0,24.55,1.2744
Angola,Sorghum,2000,3333,40.0,1010.0,24.41,0.3333
Angola,Sorghum,2001,3571,40.0,1010.0,24.43,0.3571
Angola,Sorghum,2002,3400,40.0,1010.0,24.79,0.34
Angola,Sorghum,2004,3333,40.0,1010.0,24.22,0.3333
Angola,Sorghum,2005,3333,40.0,1010.0,24.41,0.3333
Angola,Sorghum,2006,4091,40.0,1010.0,24.14,0.4091
Angola,Sorghum,2007,4031,40.0,1010.0,24.24,0.4031
Angola,Sorghum,2008,929,40.0,1010.0,24.27,0.0929
Angola,Sorghum,2009,2480,40.0,1010.0,24.33,0.248
Angola,Sorghum,2010,2814,40.0,1010.0,24.44,0.2814
Angola,Sorghum,2011,3320,40.0,1010.0,24.15,0.332
Angola,Sorghum,2012,998,40.0,1010.0,24.24,0.0998
Angola,Sorghum,2013,2415,40.0,1010.0,24.55,0.2415
Angola,Soybeans,2000,2333,40.0,1010.0,24.41,0.2333
Angola,Soybeans,2001,2500,40.0,1010.0,24.43,0.25
Angola,Soybeans,2002,2857,40.0,1010.0,24.79,0.2857
Angola,Soybeans,2004,3600,40.0,1010.0,24.22,0.36
Angola,Soybeans,2005,3793,40.0,1010.0,24.41,0.3793
Angola,Soybeans,2006,4286,40.0,1010.0,24.14,0.4286
Angola,Soybeans,2007,6883,40.0,1010.0,24.24,0.6883
Angola,Soybeans,2008,8575,40.0,1010.0,24.27,0.8575
Angola,Soybeans,2009,4449,40.0,1010.0,24.33,0.4449
Angola,Soybeans,2010,4446,40.0,1010.0,24.44,0.4446
Angola,Soybeans,2011,5294,40.0,1010.0,24.15,0.5294
Angola,Soybeans,2012,1641,40.0,1010.0,24.24,0.1641
Angola,Soybeans,2013,4405,40.0,1010.0,24.55,0.4405
Angola,Sweet potatoes,1990,89342,64.0,1010.0,24.12,8.9342
Angola,Sweet potatoes,1991,83001,79.0,1010.0,24.02,8.3001
Angola,Sweet potatoes,1992,90000,23.0,1010.0,23.96,9.0
Angola,Sweet potatoes,1993,88095,169.0,1010.0,24.15,8.8095
Angola,Sweet potatoes,1994,83192,25.5,1010.0,24.04,8.3192
Angola,Sweet potatoes,1995,81138,336.0,1010.0,24.56,8.1138
Angola,Sweet potatoes,1996,85455,40.0,1010.0,24.11,8.5455
Angola,Sweet potatoes,1997,78098,40.0,1010.0,24.06,7.8098
Angola,Sweet potatoes,1998,76256,40.0,1010.0,24.96,7.6256
Angola,Sweet potatoes,1999,82865,40.0,1010.0,24.37,8.2865
Angola,Sweet potatoes,2000,34938,40.0,1010.0,24.41,3.4938
Angola,Sweet potatoes,2001,44458,40.0,1010.0,24.43,4.4458
Angola,Sweet potatoes,2002,42190,40.0,1010.0,24.79,4.219
Angola,Sweet potatoes,2004,45360,40.0,1010.0,24.22,4.536
Angola,Sweet potatoes,2005,46159,40.0,1010.0,24.41,4.6159
Angola,Sweet potatoes,2006,44240,40.0,1010.0,24.14,4.424
Angola,Sweet potatoes,2007,58855,40.0,1010.0,24.24,5.8855
Angola,Sweet potatoes,2008,65437,40.0,1010.0,24.27,6.5437
Angola,Sweet potatoes,2009,66475,40.0,1010.0,24.33,6.6475
Angola,Sweet potatoes,2010,63001,40.0,1010.0,24.44,6.3001
Angola,Sweet potatoes,2011,65512,40.0,1010.0,24.15,6.5512
Angola,Sweet potatoes,2012,52954,40.0,1010.0,24.24,5.2954
Angola,Sweet potatoes,2013,73409,40.0,1010.0,24.55,7.3409
Angola,Wheat,1990,7995,64.0,1010.0,24.12,0.7995
Angola,Wheat,1991,8000,79.0,1010.0,24.02,0.8
Angola,Wheat,1992,8000,23.0,1010.0,23.96,0.8
Angola,Wheat,1993,8876,169.0,1010.0,24.15,0.8876
Angola,Wheat,1994,10000,25.5,1010.0,24.04,1.0
Angola,Wheat,1995,11855,336.0,1010.0,24.56,1.1855
Angola,Wheat,1996,13738,40.0,1010.0,24.11,1.3738
Angola,Wheat,1997,15509,40.0,1010.0,24.06,1.5509
Angola,Wheat,1998,17143,40.0,1010.0,24.96,1.7143
Angola,Wheat,1999,17391,40.0,1010.0,24.37,1.7391
Angola,Wheat,2000,17023,40.0,1010.0,24.41,1.7023
Angola,Wheat,2001,16667,40.0,1010.0,24.43,1.6667
Angola,Wheat,2002,15455,40.0,1010.0,24.79,1.5455
Angola,Wheat,2004,12442,40.0,1010.0,24.22,1.2442
Angola,Wheat,2005,10946,40.0,1010.0,24.41,1.0946
Angola,Wheat,2006,10000,40.0,1010.0,24.14,1.0
Angola,Wheat,2007,10000,40.0,1010.0,24.24,1.0
Angola,Wheat,2008,10000,40.0,1010.0,24.27,1.0
Angola,Wheat,2009,10000,40.0,1010.0,24.33,1.0
Angola,Wheat,2010,10526,40.0,1010.0,24.44,1.0526
Angola,Wheat,2011,10959,40.0,1010.0,24.15,1.0959
Angola,Wheat,2012,11258,40.0,1010.0,24.24,1.1258
Angola,Wheat,2013,9022,40.0,1010.0,24.55,0.9022
Argentina,Cassava,1990,100000,26156.0,591.0,17.565,10.0
Argentina,Cassava,1991,100000,26156.0,591.0,17.75,10.0
Argentina,Cassava,1992,100000,26156.0,591.0,17.3,10.0
Argentina,Cassava,1993,100000,26156.0,591.0,17.425,10.0
Argentina,Cassava,1994,100000,30195.0,591.0,18.240000000000002,10.0
Argentina,Cassava,1995,100000,37842.0,591.0,17.68,10.0
Argentina,Cassava,1996,100000,54595.0,591.0,17.805,10.0
Argentina,Cassava,1997,100000,77691.0,591.0,18.415,10.0
Argentina,Cassava,1998,100000,62397.0,591.0,17.375,10.0
Argentina,Cassava,1999,100000,62831.39,591.0,17.43,10.0
Argentina,Cassava,2000,100000,63265.78,591.0,17.32,10.0
Argentina,Cassava,2001,100000,63700.17,591.0,18.065,10.0
Argentina,Cassava,2002,100000,64134.56,591.0,17.825,10.0
Argentina,Cassava,2004,100000,65003.34,591.0,17.89,10.0
Argentina,Cassava,2005,100000,65437.73,591.0,17.575,10.0
Argentina,Cassava,2006,100000,65872.12,591.0,18.225,10.0
Argentina,Cassava,2007,100000,81582.64,591.0,16.925,10.0
Argentina,Cassava,2008,100000,87149.01,591.0,18.05,10.0
Argentina,Cassava,2009,101695,61586.56,591.0,18.125,10.1695
Argentina,Cassava,2010,101000,105915.04,591.0,17.585,10.1
Argentina,Cassava,2011,100000,100424.62,591.0,17.755,10.0
Argentina,Cassava,2012,100000,136185.08,591.0,18.305,10.0
Argentina,Cassava,2013,99459,171945.54,591.0,16.665,9.9459
Argentina,Maize,1990,34608,26156.0,591.0,17.565,3.4608
Argentina,Maize,1991,40444,26156.0,591.0,17.75,4.0444
Argentina,Maize,1992,45237,26156.0,591.0,17.3,4.5237
Argentina,Maize,1993,43552,26156.0,591.0,17.425,4.3552
Argentina,Maize,1994,42371,30195.0,591.0,18.240000000000002,4.2371
Argentina,Maize,1995,45223,37842.0,591.0,17.68,4.5223
Argentina,Maize,1996,40397,54595.0,591.0,17.805,4.0397
Argentina,Maize,1997,45557,77691.0,591.0,18.415,4.5557
Argentina,Maize,1998,60780,62397.0,591.0,17.375,6.078
Argentina,Maize,1999,53702,62831.39,591.0,17.43,5.3702
Argentina,Maize,2000,54329,63265.78,591.0,17.32,5.4329
Argentina,Maize,2001,54553,63700.17,591.0,18.065,5.4553
Argentina,Maize,2002,60791,64134.56,591.0,17.825,6.0791
Argentina,Maize,2004,63931,65003.34,591.0,17.89,6.3931
Argentina,Maize,2005,73587,65437.73,591.0,17.575,7.3587
Argentina,Maize,2006,59030,65872.12,591.0,18.225,5.903
Argentina,Maize,2007,76655,81582.64,591.0,16.925,7.6655
Argentina,Maize,2008,64525,87149.01,591.0,18.05,6.4525
Argentina,Maize,2009,55760,61586.56,591.0,18.125,5.576
Argentina,Maize,2010,78040,105915.04,591.0,17.585,7.804
Argentina,Maize,2011,63503,100424.62,591.0,17.755,6.3503
Argentina,Maize,2012,57346,136185.08,591.0,18.305,5.7346
Argentina,Maize,2013,66037,171945.54,591.0,16.665,6.6037
Argentina,Potatoes,1990,202747,26156.0,591.0,17.565,20.2747
Argentina,Potatoes,1991,205692,26156.0,591.0,17.75,20.5692
Argentina,Potatoes,1992,199039,26156.0,591.0,17.3,19.9039
Argentina,Potatoes,1993,210314,26156.0,591.0,17.425,21.0314
Argentina,Potatoes,1994,230166,30195.0,591.0,18.240000000000002,23.0166
Argentina,Potatoes,1995,274272,37842.0,591.0,17.68,27.4272
Argentina,Potatoes,1996,228877,54595.0,591.0,17.805,22.8877
Argentina,Potatoes,1997,268502,77691.0,591.0,18.415,26.8502
Argentina,Potatoes,1998,293744,62397.0,591.0,17.375,29.3744
Argentina,Potatoes,1999,238938,62831.39,591.0,17.43,23.8938
Argentina,Potatoes,2000,277566,63265.78,591.0,17.32,27.7566
Argentina,Potatoes,2001,283768,63700.17,591.0,18.065,28.3768
Argentina,Potatoes,2002,251347,64134.56,591.0,17.825,25.1347
Argentina,Potatoes,2004,288717,65003.34,591.0,17.89,28.8717
Argentina,Potatoes,2005,283917,65437.73,591.0,17.575,28.3917
Argentina,Potatoes,2006,285828,65872.12,591.0,18.225,28.5828
Argentina,Potatoes,2007,286765,81582.64,591.0,16.925,28.6765
Argentina,Potatoes,2008,279412,87149.01,591.0,18.05,27.9412
Argentina,Potatoes,2009,284439,61586.56,591.0,18.125,28.4439
Argentina,Potatoes,2010,289849,105915.04,591.0,17.585,28.9849
Argentina,Potatoes,2011,286657,100424.62,591.0,17.755,28.6657
Argentina,Potatoes,2012,287821,136185.08,591.0,18.305,28.7821
Argentina,Potatoes,2013,288984,171945.54,591.0,16.665,28.8984
Argentina,"Rice, paddy",1990,36709,26156.0,591.0,17.565,3.6709
Argentina,"Rice, paddy",1991,40294,26156.0,591.0,17.75,4.0294
Argentina,"Rice, paddy",1992,52075,26156.0,591.0,17.3,5.2075
Argentina,"Rice, paddy",1993,43559,26156.0,591.0,17.425,4.3559
Argentina,"Rice, paddy",1994,42989,30195.0,591.0,18.240000000000002,4.2989
Argentina,"Rice, paddy",1995,50306,37842.0,591.0,17.68,5.0306
Argentina,"Rice, paddy",1996,51031,54595.0,591.0,17.805,5.1031
Argentina,"Rice, paddy",1997,53703,77691.0,591.0,18.415,5.3703
Argentina,"Rice, paddy",1998,47762,62397.0,591.0,17.375,4.7762
Argentina,"Rice, paddy",1999,57337,62831.39,591.0,17.43,5.7337
Argentina,"Rice, paddy",2000,47798,63265.78,591.0,17.32,4.7798
Argentina,"Rice, paddy",2001,57495,63700.17,591.0,18.065,5.7495
Argentina,"Rice, paddy",2002,57197,64134.56,591.0,17.825,5.7197
Argentina,"Rice, paddy",2004,62661,65003.34,591.0,17.89,6.2661
Argentina,"Rice, paddy",2005,60165,65437.73,591.0,17.575,6.0165
Argentina,"Rice, paddy",2006,70610,65872.12,591.0,18.225,7.061
Argentina,"Rice, paddy",2007,65604,81582.64,591.0,16.925,6.5604
Argentina,"Rice, paddy",2008,68278,87149.01,591.0,18.05,6.8278
Argentina,"Rice, paddy",2009,68842,61586.56,591.0,18.125,6.8842
Argentina,"Rice, paddy",2010,57646,105915.04,591.0,17.585,5.7646
Argentina,"Rice, paddy",2011,67901,100424.62,591.0,17.755,6.7901
Argentina,"Rice, paddy",2012,66617,136185.08,591.0,18.305,6.6617
Argentina,"Rice, paddy",2013,67187,171945.54,591.0,16.665,6.7187
Argentina,Sorghum,1990,28116,26156.0,591.0,17.565,2.8116
Argentina,Sorghum,1991,33320,26156.0,591.0,17.75,3.332
Argentina,Sorghum,1992,36217,26156.0,591.0,17.3,3.6217
Argentina,Sorghum,1993,39529,26156.0,591.0,17.425,3.9529
Argentina,Sorghum,1994,35065,30195.0,591.0,18.240000000000002,3.5065
Argentina,Sorghum,1995,34588,37842.0,591.0,17.68,3.4588
Argentina,Sorghum,1996,38763,54595.0,591.0,17.805,3.8763
Argentina,Sorghum,1997,36845,77691.0,591.0,18.415,3.6845
Argentina,Sorghum,1998,48105,62397.0,591.0,17.375,4.8105
Argentina,Sorghum,1999,43845,62831.39,591.0,17.43,4.3845
Argentina,Sorghum,2000,46477,63265.78,591.0,17.32,4.6477
Argentina,Sorghum,2001,47429,63700.17,591.0,18.065,4.7429
Argentina,Sorghum,2002,52691,64134.56,591.0,17.825,5.2691
Argentina,Sorghum,2004,45531,65003.34,591.0,17.89,4.5531
Argentina,Sorghum,2005,51872,65437.73,591.0,17.575,5.1872
Argentina,Sorghum,2006,46778,65872.12,591.0,18.225,4.6778
Argentina,Sorghum,2007,47021,81582.64,591.0,16.925,4.7021
Argentina,Sorghum,2008,47474,87149.01,591.0,18.05,4.7474
Argentina,Sorghum,2009,38752,61586.56,591.0,18.125,3.8752
Argentina,Sorghum,2010,48163,105915.04,591.0,17.585,4.8163
Argentina,Sorghum,2011,44029,100424.62,591.0,17.755,4.4029
Argentina,Sorghum,2012,46534,136185.08,591.0,18.305,4.6534
Argentina,Sorghum,2013,40852,171945.54,591.0,16.665,4.0852
Argentina,Soybeans,1990,21566,26156.0,591.0,17.565,2.1566
Argentina,Soybeans,1991,22750,26156.0,591.0,17.75,2.275
Argentina,Soybeans,1992,22915,26156.0,591.0,17.3,2.2915
Argentina,Soybeans,1993,21589,26156.0,591.0,17.425,2.1589
Argentina,Soybeans,1994,20386,30195.0,591.0,18.240000000000002,2.0386
Argentina,Soybeans,1995,20446,37842.0,591.0,17.68,2.0446
Argentina,Soybeans,1996,21051,54595.0,591.0,17.805,2.1051
Argentina,Soybeans,1997,17212,77691.0,591.0,18.415,1.7212
Argentina,Soybeans,1998,26937,62397.0,591.0,17.375,2.6937
Argentina,Soybeans,1999,24450,62831.39,591.0,17.43,2.445
Argentina,Soybeans,2000,23312,63265.78,591.0,17.32,2.3312
Argentina,Soybeans,2001,25846,63700.17,591.0,18.065,2.5846
Argentina,Soybeans,2002,26304,64134.56,591.0,17.825,2.6304
Argentina,Soybeans,2004,22075,65003.34,591.0,17.89,2.2075
Argentina,Soybeans,2005,27287,65437.73,591.0,17.575,2.7287
Argentina,Soybeans,2006,26793,65872.12,591.0,18.225,2.6793
Argentina,Soybeans,2007,29712,81582.64,591.0,16.925,2.9712
Argentina,Soybeans,2008,28216,87149.01,591.0,18.05,2.8216
Argentina,Soybeans,2009,18480,61586.56,591.0,18.125,1.848
Argentina,Soybeans,2010,29053,105915.04,591.0,17.585,2.9053
Argentina,Soybeans,2011,26053,100424.62,591.0,17.755,2.6053
Argentina,Soybeans,2012,22814,136185.08,591.0,18.305,2.2814
Argentina,Soybeans,2013,25391,171945.54,591.0,16.665,2.5391
Argentina,Sweet potatoes,1990,131864,26156.0,591.0,17.565,13.1864
Argentina,Sweet potatoes,1991,131364,26156.0,591.0,17.75,13.1364
Argentina,Sweet potatoes,1992,127273,26156.0,591.0,17.3,12.7273
Argentina,Sweet potatoes,1993,122955,26156.0,591.0,17.425,12.2955
Argentina,Sweet potatoes,1994,176667,30195.0,591.0,18.240000000000002,17.6667
Argentina,Sweet potatoes,1995,168000,37842.0,591.0,17.68,16.8
Argentina,Sweet potatoes,1996,170000,54595.0,591.0,17.805,17.0
Argentina,Sweet potatoes,1997,145662,77691.0,591.0,18.415,14.5662
Argentina,Sweet potatoes,1998,175055,62397.0,591.0,17.375,17.5055
Argentina,Sweet potatoes,1999,143991,62831.39,591.0,17.43,14.3991
Argentina,Sweet potatoes,2000,151462,63265.78,591.0,17.32,15.1462
Argentina,Sweet potatoes,2001,155212,63700.17,591.0,18.065,15.5212
Argentina,Sweet potatoes,2002,155890,64134.56,591.0,17.825,15.589
Argentina,Sweet potatoes,2004,154867,65003.34,591.0,17.89,15.4867
Argentina,Sweet potatoes,2005,154472,65437.73,591.0,17.575,15.4472
Argentina,Sweet potatoes,2006,143478,65872.12,591.0,18.225,14.3478
Argentina,Sweet potatoes,2007,141667,81582.64,591.0,16.925,14.1667
Argentina,Sweet potatoes,2008,145105,87149.01,591.0,18.05,14.5105
Argentina,Sweet potatoes,2009,151208,61586.56,591.0,18.125,15.1208
Argentina,Sweet potatoes,2010,149382,105915.04,591.0,17.585,14.9382
Argentina,Sweet potatoes,2011,148754,100424.62,591.0,17.755,14.8754
Argentina,Sweet potatoes,2012,148126,136185.08,591.0,18.305,14.8126
Argentina,Sweet potatoes,2013,147498,171945.54,591.0,16.665,14.7498
Argentina,Wheat,1990,18947,26156.0,591.0,17.565,1.8947
Argentina,Wheat,1991,18972,26156.0,591.0,17.75,1.8972
Argentina,Wheat,1992,21809,26156.0,591.0,17.3,2.1809
Argentina,Wheat,1993,23272,26156.0,591.0,17.425,2.3272
Argentina,Wheat,1994,20237,30195.0,591.0,18.240000000000002,2.0237
Argentina,Wheat,1995,21675,37842.0,591.0,17.68,2.1675
Argentina,Wheat,1996,19344,54595.0,591.0,17.805,1.9344
Argentina,Wheat,1997,22426,77691.0,591.0,18.415,2.2426
Argentina,Wheat,1998,26088,62397.0,591.0,17.375,2.6088
Argentina,Wheat,1999,23028,62831.39,591.0,17.43,2.3028
Argentina,Wheat,2000,24873,63265.78,591.0,17.32,2.4873
Argentina,Wheat,2001,24934,63700.17,591.0,18.065,2.4934
Argentina,Wheat,2002,22398,64134.56,591.0,17.825,2.2398
Argentina,Wheat,2004,25441,65003.34,591.0,17.89,2.5441
Argentina,Wheat,2005,26356,65437.73,591.0,17.575,2.6356
Argentina,Wheat,2006,25302,65872.12,591.0,18.225,2.5302
Argentina,Wheat,2007,26234,81582.64,591.0,16.925,2.6234
Argentina,Wheat,2008,28271,87149.01,591.0,18.05,2.8271
Argentina,Wheat,2009,19628,61586.56,591.0,18.125,1.9628
Argentina,Wheat,2010,27113,105915.04,591.0,17.585,2.7113
Argentina,Wheat,2011,35063,100424.62,591.0,17.755,3.5063
Argentina,Wheat,2012,32199,136185.08,591.0,18.305,3.2199
Argentina,Wheat,2013,26581,171945.54,591.0,16.665,2.6581
Armenia,Maize,1992,32344,8.0,562.0,7.44,3.2344
Armenia,Maize,1993,32261,8.0,562.0,7.69,3.2261
Armenia,Maize,1994,32667,23.0,562.0,8.84,3.2667
Armenia,Maize,1995,18261,23.9,562.0,9.76,1.8261
Armenia,Maize,1996,22239,32.0,562.0,9.55,2.2239
Armenia,Maize,1997,45548,41.46,562.0,9.1,4.5548
Armenia,Maize,1998,26082,50.92,562.0,10.28,2.6082
Armenia,Maize,1999,40303,60.38,562.0,10.11,4.0303
Armenia,Maize,2000,23178,69.85,562.0,9.68,2.3178
Armenia,Maize,2001,37913,79.31,562.0,10.18,3.7913
Armenia,Maize,2002,37380,88.77,562.0,9.41,3.738
Armenia,Maize,2004,61791,204.77,562.0,9.55,6.1791
Armenia,Maize,2005,44692,220.51,562.0,9.58,4.4692
Armenia,Maize,2006,33271,227.55,562.0,9.89,3.3271
Armenia,Maize,2007,53262,241.71,562.0,9.44,5.3262
Armenia,Maize,2008,53424,218.2,562.0,9.51,5.3424
Armenia,Maize,2009,57763,198.36,562.0,9.67,5.7763
Armenia,Maize,2010,46724,278.72,562.0,11.31,4.6724
Armenia,Maize,2011,54257,278.72,562.0,8.93,5.4257
Armenia,Maize,2012,62215,278.72,562.0,10.2,6.2215
Armenia,Maize,2013,67114,278.72,562.0,11.08,6.7114
Armenia,Potatoes,1992,111301,8.0,562.0,7.44,11.1301
Armenia,Potatoes,1993,134416,8.0,562.0,7.69,13.4416
Armenia,Potatoes,1994,131195,23.0,562.0,8.84,13.1195
Armenia,Potatoes,1995,131196,23.9,562.0,9.76,13.1196
Armenia,Potatoes,1996,129626,32.0,562.0,9.55,12.9626
Armenia,Potatoes,1997,109362,41.46,562.0,9.1,10.9362
Armenia,Potatoes,1998,134409,50.92,562.0,10.28,13.4409
Armenia,Potatoes,1999,130618,60.38,562.0,10.11,13.0618
Armenia,Potatoes,2000,87349,69.85,562.0,9.68,8.7349
Armenia,Potatoes,2001,114619,79.31,562.0,10.18,11.4619
Armenia,Potatoes,2002,122814,88.77,562.0,9.41,12.2814
Armenia,Potatoes,2004,161509,204.77,562.0,9.55,16.1509
Armenia,Potatoes,2005,164459,220.51,562.0,9.58,16.4459
Armenia,Potatoes,2006,163418,227.55,562.0,9.89,16.3418
Armenia,Potatoes,2007,184719,241.71,562.0,9.44,18.4719
Armenia,Potatoes,2008,189096,218.2,562.0,9.51,18.9096
Armenia,Potatoes,2009,185496,198.36,562.0,9.67,18.5496
Armenia,Potatoes,2010,170146,278.72,562.0,11.31,17.0146
Armenia,Potatoes,2011,194426,278.72,562.0,8.93,19.4426
Armenia,Potatoes,2012,207151,278.72,562.0,10.2,20.7151
Armenia,Potatoes,2013,215290,278.72,562.0,11.08,21.529
Armenia,Wheat,1992,21600,8.0,562.0,7.44,2.16
Armenia,Wheat,1993,22257,8.0,562.0,7.69,2.2257
Armenia,Wheat,1994,17842,23.0,562.0,8.84,1.7842
Armenia,Wheat,1995,25480,23.9,562.0,9.76,2.548
Armenia,Wheat,1996,23569,32.0,562.0,9.55,2.3569
Armenia,Wheat,1997,17009,41.46,562.0,9.1,1.7009
Armenia,Wheat,1998,20651,50.92,562.0,10.28,2.0651
Armenia,Wheat,1999,19466,60.38,562.0,10.11,1.9466
Armenia,Wheat,2000,16679,69.85,562.0,9.68,1.6679
Armenia,Wheat,2001,22263,79.31,562.0,10.18,2.2263
Armenia,Wheat,2002,23877,88.77,562.0,9.41,2.3877
Armenia,Wheat,2004,23416,204.77,562.0,9.55,2.3416
Armenia,Wheat,2005,20252,220.51,562.0,9.58,2.0252
Armenia,Wheat,2006,14627,227.55,562.0,9.89,1.4627
Armenia,Wheat,2007,25837,241.71,562.0,9.44,2.5837
Armenia,Wheat,2008,24322,218.2,562.0,9.51,2.4322
Armenia,Wheat,2009,22374,198.36,562.0,9.67,2.2374
Armenia,Wheat,2010,21192,278.72,562.0,11.31,2.1192
Armenia,Wheat,2011,28800,278.72,562.0,8.93,2.88
Armenia,Wheat,2012,26010,278.72,562.0,10.2,2.601
Armenia,Wheat,2013,31273,278.72,562.0,11.08,3.1273
Australia,Maize,1990,41821,17866.0,534.0,16.441666666666666,4.1821
Australia,Maize,1991,39938,17866.0,534.0,16.606666666666666,3.9938
Australia,Maize,1992,51721,22234.0,534.0,15.905000000000001,5.1721
Australia,Maize,1993,44261,23899.0,534.0,16.333333333333332,4.4261
Australia,Maize,1994,46620,21057.0,534.0,16.278333333333332,4.662
Australia,Maize,1995,48263,25598.0,534.0,16.103333333333335,4.8263
Australia,Maize,1996,57689,31185.0,534.0,16.116666666666667,5.7689
Australia,Maize,1997,59403,34091.0,534.0,16.525000000000002,5.9403
Australia,Maize,1998,47544,37215.0,534.0,16.653333333333332,4.7544
Australia,Maize,1999,51212,34200.0,534.0,16.608333333333334,5.1212
Australia,Maize,2000,49360,33475.0,534.0,16.669999999999998,4.936
Australia,Maize,2001,46471,32710.0,534.0,16.591666666666665,4.6471
Australia,Maize,2002,54929,26651.0,534.0,16.676666666666666,5.4929
Australia,Maize,2004,56326,36276.0,534.0,16.648333333333333,5.6326
Australia,Maize,2005,57983,34310.0,534.0,16.798333333333336,5.7983
Australia,Maize,2006,53856,35900.0,534.0,16.69333333333333,5.3856
Australia,Maize,2007,49103,32446.25,534.0,17.08,4.9103
Australia,Maize,2008,56912,42935.38,534.0,16.45,5.6912
Australia,Maize,2009,58171,38065.68,534.0,17.125,5.8171
Australia,Maize,2010,55593,42169.39,534.0,16.79,5.5593
Australia,Maize,2011,57390,47632.99,534.0,16.805,5.739
Australia,Maize,2012,64654,48687.88,534.0,16.666666666666668,6.4654
Australia,Maize,2013,64441,45177.18,534.0,17.088333333333335,6.4441
Australia,Potatoes,1990,289832,17866.0,534.0,16.441666666666666,28.9832
Australia,Potatoes,1991,285359,17866.0,534.0,16.606666666666666,28.5359
Australia,Potatoes,1992,289220,22234.0,534.0,15.905000000000001,28.922
Australia,Potatoes,1993,290981,23899.0,534.0,16.333333333333332,29.0981
Australia,Potatoes,1994,294270,21057.0,534.0,16.278333333333332,29.427
Australia,Potatoes,1995,298183,25598.0,534.0,16.103333333333335,29.8183
Australia,Potatoes,1996,312853,31185.0,534.0,16.116666666666667,31.2853
Australia,Potatoes,1997,313056,34091.0,534.0,16.525000000000002,31.3056
Australia,Potatoes,1998,322292,37215.0,534.0,16.653333333333332,32.2292
Australia,Potatoes,1999,321265,34200.0,534.0,16.608333333333334,32.1265
Australia,Potatoes,2000,284527,33475.0,534.0,16.669999999999998,28.4527
Australia,Potatoes,2001,328633,32710.0,534.0,16.591666666666665,32.8633
Australia,Potatoes,2002,351358,26651.0,534.0,16.676666666666666,35.1358
Australia,Potatoes,2004,362787,36276.0,534.0,16.648333333333333,36.2787
Australia,Potatoes,2005,344117,34310.0,534.0,16.798333333333336,34.4117
Australia,Potatoes,2006,354317,35900.0,534.0,16.69333333333333,35.4317
Australia,Potatoes,2007,355463,32446.25,534.0,17.08,35.5463
Australia,Potatoes,2008,381224,42935.38,534.0,16.45,38.1224
Australia,Potatoes,2009,361747,38065.68,534.0,17.125,36.1747
Australia,Potatoes,2010,351334,42169.39,534.0,16.79,35.1334
Australia,Potatoes,2011,350887,47632.99,534.0,16.805,35.0887
Australia,Potatoes,2012,382592,48687.88,534.0,16.666666666666668,38.2592
Australia,Potatoes,2013,385434,45177.18,534.0,17.088333333333335,38.5434
Australia,"Rice, paddy",1990,88000,17866.0,534.0,16.441666666666666,8.8
Australia,"Rice, paddy",1991,88427,17866.0,534.0,16.606666666666666,8.8427
Australia,"Rice, paddy",1992,88346,22234.0,534.0,15.905000000000001,8.8346
Australia,"Rice, paddy",1993,76400,23899.0,534.0,16.333333333333332,7.64
Australia,"Rice, paddy",1994,81537,21057.0,534.0,16.278333333333332,8.1537
Australia,"Rice, paddy",1995,88003,25598.0,534.0,16.103333333333335,8.8003
Australia,"Rice, paddy",1996,63540,31185.0,534.0,16.116666666666667,6.354
Australia,"Rice, paddy",1997,83263,34091.0,534.0,16.525000000000002,8.3263
Australia,"Rice, paddy",1998,94256,37215.0,534.0,16.653333333333332,9.4256
Australia,"Rice, paddy",1999,91615,34200.0,534.0,16.608333333333334,9.1615
Australia,"Rice, paddy",2000,82573,33475.0,534.0,16.669999999999998,8.2573
Australia,"Rice, paddy",2001,93071,32710.0,534.0,16.591666666666665,9.3071
Australia,"Rice, paddy",2002,82580,26651.0,534.0,16.676666666666666,8.258
Australia,"Rice, paddy",2004,83305,36276.0,534.0,16.648333333333333,8.3305
Australia,"Rice, paddy",2005,66168,34310.0,534.0,16.798333333333336,6.6168
Australia,"Rice, paddy",2006,98176,35900.0,534.0,16.69333333333333,9.8176
Australia,"Rice, paddy",2007,82609,32446.25,534.0,17.08,8.2609
Australia,"Rice, paddy",2008,75988,42935.38,534.0,16.45,7.5988
Australia,"Rice, paddy",2009,84609,38065.68,534.0,17.125,8.4609
Australia,"Rice, paddy",2010,103895,42169.39,534.0,16.79,10.3895
Australia,"Rice, paddy",2011,95441,47632.99,534.0,16.805,9.5441
Australia,"Rice, paddy",2012,89098,48687.88,534.0,16.666666666666668,8.9098
Australia,"Rice, paddy",2013,102177,45177.18,534.0,17.088333333333335,10.2177
Australia,Sorghum,1990,24883,17866.0,534.0,16.441666666666666,2.4883
Australia,Sorghum,1991,19865,17866.0,534.0,16.606666666666666,1.9865
Australia,Sorghum,1992,25431,22234.0,534.0,15.905000000000001,2.5431
Australia,Sorghum,1993,12834,23899.0,534.0,16.333333333333332,1.2834
Australia,Sorghum,1994,21697,21057.0,534.0,16.278333333333332,2.1697
Australia,Sorghum,1995,18555,25598.0,534.0,16.103333333333335,1.8555
Australia,Sorghum,1996,20677,31185.0,534.0,16.116666666666667,2.0677
Australia,Sorghum,1997,26195,34091.0,534.0,16.525000000000002,2.6195
Australia,Sorghum,1998,21321,37215.0,534.0,16.653333333333332,2.1321
Australia,Sorghum,1999,32215,34200.0,534.0,16.608333333333334,3.2215
Australia,Sorghum,2000,34003,33475.0,534.0,16.669999999999998,3.4003
Australia,Sorghum,2001,25539,32710.0,534.0,16.591666666666665,2.5539
Australia,Sorghum,2002,24561,26651.0,534.0,16.676666666666666,2.4561
Australia,Sorghum,2004,27367,36276.0,534.0,16.648333333333333,2.7367
Australia,Sorghum,2005,26629,34310.0,534.0,16.798333333333336,2.6629
Australia,Sorghum,2006,25205,35900.0,534.0,16.69333333333333,2.5205
Australia,Sorghum,2007,20918,32446.25,534.0,17.08,2.0918
Australia,Sorghum,2008,40252,42935.38,534.0,16.45,4.0252
Australia,Sorghum,2009,35096,38065.68,534.0,17.125,3.5096
Australia,Sorghum,2010,30279,42169.39,534.0,16.79,3.0279
Australia,Sorghum,2011,30558,47632.99,534.0,16.805,3.0558
Australia,Sorghum,2012,33960,48687.88,534.0,16.666666666666668,3.396
Australia,Sorghum,2013,34419,45177.18,534.0,17.088333333333335,3.4419
Australia,Soybeans,1990,15718,17866.0,534.0,16.441666666666666,1.5718
Australia,Soybeans,1991,15551,17866.0,534.0,16.606666666666666,1.5551
Australia,Soybeans,1992,21141,22234.0,534.0,15.905000000000001,2.1141
Australia,Soybeans,1993,16168,23899.0,534.0,16.333333333333332,1.6168
Australia,Soybeans,1994,19999,21057.0,534.0,16.278333333333332,1.9999
Australia,Soybeans,1995,15318,25598.0,534.0,16.103333333333335,1.5318
Australia,Soybeans,1996,18740,31185.0,534.0,16.116666666666667,1.874
Australia,Soybeans,1997,18974,34091.0,534.0,16.525000000000002,1.8974
Australia,Soybeans,1998,17035,37215.0,534.0,16.653333333333332,1.7035
Australia,Soybeans,1999,22667,34200.0,534.0,16.608333333333334,2.2667
Australia,Soybeans,2000,18714,33475.0,534.0,16.669999999999998,1.8714
Australia,Soybeans,2001,14626,32710.0,534.0,16.591666666666665,1.4626
Australia,Soybeans,2002,19487,26651.0,534.0,16.676666666666666,1.9487
Australia,Soybeans,2004,22136,36276.0,534.0,16.648333333333333,2.2136
Australia,Soybeans,2005,16810,34310.0,534.0,16.798333333333336,1.681
Australia,Soybeans,2006,20993,35900.0,534.0,16.69333333333333,2.0993
Australia,Soybeans,2007,19730,32446.25,534.0,17.08,1.973
Australia,Soybeans,2008,23289,42935.38,534.0,16.45,2.3289
Australia,Soybeans,2009,18926,38065.68,534.0,17.125,1.8926
Australia,Soybeans,2010,19042,42169.39,534.0,16.79,1.9042
Australia,Soybeans,2011,17136,47632.99,534.0,16.805,1.7136
Australia,Soybeans,2012,22598,48687.88,534.0,16.666666666666668,2.2598
Australia,Soybeans,2013,22336,45177.18,534.0,17.088333333333335,2.2336
Australia,Sweet potatoes,1990,137140,17866.0,534.0,16.441666666666666,13.714
Australia,Sweet potatoes,1991,151142,17866.0,534.0,16.606666666666666,15.1142
Australia,Sweet potatoes,1992,127548,22234.0,534.0,15.905000000000001,12.7548
Australia,Sweet potatoes,1993,132702,23899.0,534.0,16.333333333333332,13.2702
Australia,Sweet potatoes,1994,140961,21057.0,534.0,16.278333333333332,14.0961
Australia,Sweet potatoes,1995,155252,25598.0,534.0,16.103333333333335,15.5252
Australia,Sweet potatoes,1996,172474,31185.0,534.0,16.116666666666667,17.2474
Australia,Sweet potatoes,1997,244444,34091.0,534.0,16.525000000000002,24.4444
Australia,Sweet potatoes,1998,276923,37215.0,534.0,16.653333333333332,27.6923
Australia,Sweet potatoes,1999,275000,34200.0,534.0,16.608333333333334,27.5
Australia,Sweet potatoes,2000,317647,33475.0,534.0,16.669999999999998,31.7647
Australia,Sweet potatoes,2001,333333,32710.0,534.0,16.591666666666665,33.3333
Australia,Sweet potatoes,2002,347368,26651.0,534.0,16.676666666666666,34.7368
Australia,Sweet potatoes,2004,333333,36276.0,534.0,16.648333333333333,33.3333
Australia,Sweet potatoes,2005,336000,34310.0,534.0,16.798333333333336,33.6
Australia,Sweet potatoes,2006,278748,35900.0,534.0,16.69333333333333,27.8748
Australia,Sweet potatoes,2007,346237,32446.25,534.0,17.08,34.6237
Australia,Sweet potatoes,2008,266530,42935.38,534.0,16.45,26.653
Australia,Sweet potatoes,2009,250797,38065.68,534.0,17.125,25.0797
Australia,Sweet potatoes,2010,305974,42169.39,534.0,16.79,30.5974
Australia,Sweet potatoes,2011,319252,47632.99,534.0,16.805,31.9252
Australia,Sweet potatoes,2012,331853,48687.88,534.0,16.666666666666668,33.1853
Australia,Sweet potatoes,2013,344391,45177.18,534.0,17.088333333333335,34.4391
Australia,Wheat,1990,16344,17866.0,534.0,16.441666666666666,1.6344
Australia,Wheat,1991,14698,17866.0,534.0,16.606666666666666,1.4698
Australia,Wheat,1992,17812,22234.0,534.0,15.905000000000001,1.7812
Australia,Wheat,1993,19658,23899.0,534.0,16.333333333333332,1.9658
Australia,Wheat,1994,11356,21057.0,534.0,16.278333333333332,1.1356
Australia,Wheat,1995,17899,25598.0,534.0,16.103333333333335,1.7899
Australia,Wheat,1996,21673,31185.0,534.0,16.116666666666667,2.1673
Australia,Wheat,1997,18412,34091.0,534.0,16.525000000000002,1.8412
Australia,Wheat,1998,19153,37215.0,534.0,16.653333333333332,1.9153
Australia,Wheat,1999,20066,34200.0,534.0,16.608333333333334,2.0066
Australia,Wheat,2000,18209,33475.0,534.0,16.669999999999998,1.8209
Australia,Wheat,2001,18209,32710.0,534.0,16.591666666666665,1.8209
Australia,Wheat,2002,21076,26651.0,534.0,16.676666666666666,2.1076
Australia,Wheat,2004,19998,36276.0,534.0,16.648333333333333,1.9998
Australia,Wheat,2005,16348,34310.0,534.0,16.798333333333336,1.6348
Australia,Wheat,2006,20213,35900.0,534.0,16.69333333333333,2.0213
Australia,Wheat,2007,9173,32446.25,534.0,17.08,0.9173
Australia,Wheat,2008,10788,42935.38,534.0,16.45,1.0788
Australia,Wheat,2009,15831,38065.68,534.0,17.125,1.5831
Australia,Wheat,2010,15729,42169.39,534.0,16.79,1.5729
Australia,Wheat,2011,20301,47632.99,534.0,16.805,2.0301
Australia,Wheat,2012,21511,48687.88,534.0,16.666666666666668,2.1511
Australia,Wheat,2013,17609,45177.18,534.0,17.088333333333335,1.7609
Austria,Maize,1990,81800,4246.0,1110.0,9.23,8.18
Austria,Maize,1991,84800,4487.0,1110.0,8.15,8.48
Austria,Maize,1992,64800,3897.0,1110.0,9.49,6.48
Austria,Maize,1993,89710,3984.0,1110.0,8.48,8.971
Austria,Maize,1994,79160,3619.0,1110.0,9.89,7.916
Austria,Maize,1995,85000,3402.0,1110.0,8.79,8.5
Austria,Maize,1996,86200,3565.0,1110.0,7.4,8.62
Austria,Maize,1997,97800,3689.6,1110.0,8.37,9.78
Austria,Maize,1998,96100,3340.3,1110.0,9.01,9.61
Austria,Maize,1999,96000,3418.6,1110.0,9.17,9.6
Austria,Maize,2000,98600,3563.2,1110.0,10.08,9.86
Austria,Maize,2001,90869,3132.2,1110.0,8.75,9.0869
Austria,Maize,2002,99815,3079.2,1110.0,9.62,9.9815
Austria,Maize,2004,96544,3301.7,1110.0,8.76,9.6544
Austria,Maize,2005,106570,3404.0,1110.0,8.6,10.657
Austria,Maize,2006,96370,3415.7,1110.0,9.13,9.637
Austria,Maize,2007,103128,3526.6,1110.0,10.03,10.3128
Austria,Maize,2008,113173,4246.7,1110.0,9.96,11.3173
Austria,Maize,2009,108293,3531.8,1110.0,9.48,10.8293
Austria,Maize,2010,97247,3692.4,1110.0,8.36,9.7247
Austria,Maize,2011,112996,3441.5,1110.0,9.42,11.2996
Austria,Maize,2012,107025,3563.3,1110.0,9.42,10.7025
Austria,Maize,2013,81173,3108.6,1110.0,10.03,8.1173
Austria,Potatoes,1990,249854,4246.0,1110.0,9.23,24.9854
Austria,Potatoes,1991,236372,4487.0,1110.0,8.15,23.6372
Austria,Potatoes,1992,223470,3897.0,1110.0,9.49,22.347
Austria,Potatoes,1993,284925,3984.0,1110.0,8.48,28.4925
Austria,Potatoes,1994,199650,3619.0,1110.0,9.89,19.965
Austria,Potatoes,1995,267949,3402.0,1110.0,8.79,26.7949
Austria,Potatoes,1996,291997,3565.0,1110.0,7.4,29.1997
Austria,Potatoes,1997,288325,3689.6,1110.0,8.37,28.8325
Austria,Potatoes,1998,283064,3340.3,1110.0,9.01,28.3064
Austria,Potatoes,1999,307044,3418.6,1110.0,9.17,30.7044
Austria,Potatoes,2000,292627,3563.2,1110.0,10.08,29.2627
Austria,Potatoes,2001,300394,3132.2,1110.0,8.75,30.0394
Austria,Potatoes,2002,303832,3079.2,1110.0,9.62,30.3832
Austria,Potatoes,2004,316117,3301.7,1110.0,8.76,31.6117
Austria,Potatoes,2005,343985,3404.0,1110.0,8.6,34.3985
Austria,Potatoes,2006,298641,3415.7,1110.0,9.13,29.8641
Austria,Potatoes,2007,294931,3526.6,1110.0,10.03,29.4931
Austria,Potatoes,2008,331993,4246.7,1110.0,9.96,33.1993
Austria,Potatoes,2009,324947,3531.8,1110.0,9.48,32.4947
Austria,Potatoes,2010,305703,3692.4,1110.0,8.36,30.5703
Austria,Potatoes,2011,357127,3441.5,1110.0,9.42,35.7127
Austria,Potatoes,2012,305491,3563.3,1110.0,9.42,30.5491
Austria,Potatoes,2013,285897,3108.6,1110.0,10.03,28.5897
Austria,Sorghum,2010,67666,3692.4,1110.0,8.36,6.7666
Austria,Sorghum,2011,67299,3441.5,1110.0,9.42,6.7299
Austria,Sorghum,2012,68081,3563.3,1110.0,9.42,6.8081
Austria,Sorghum,2013,52447,3108.6,1110.0,10.03,5.2447
Austria,Soybeans,1990,19046,4246.0,1110.0,9.23,1.9046
Austria,Soybeans,1991,24958,4487.0,1110.0,8.15,2.4958
Austria,Soybeans,1992,17480,3897.0,1110.0,9.49,1.748
Austria,Soybeans,1993,23168,3984.0,1110.0,8.48,2.3168
Austria,Soybeans,1994,22505,3619.0,1110.0,9.89,2.2505
Austria,Soybeans,1995,22768,3402.0,1110.0,8.79,2.2768
Austria,Soybeans,1996,20100,3565.0,1110.0,7.4,2.01
Austria,Soybeans,1997,22000,3689.6,1110.0,8.37,2.2
Austria,Soybeans,1998,25189,3340.3,1110.0,9.01,2.5189
Austria,Soybeans,1999,27209,3418.6,1110.0,9.17,2.7209
Austria,Soybeans,2000,21139,3563.2,1110.0,10.08,2.1139
Austria,Soybeans,2001,20736,3132.2,1110.0,8.75,2.0736
Austria,Soybeans,2002,25244,3079.2,1110.0,9.62,2.5244
Austria,Soybeans,2004,25092,3301.7,1110.0,8.76,2.5092
Austria,Soybeans,2005,28267,3404.0,1110.0,8.6,2.8267
Austria,Soybeans,2006,25970,3415.7,1110.0,9.13,2.597
Austria,Soybeans,2007,26211,3526.6,1110.0,10.03,2.6211
Austria,Soybeans,2008,29369,4246.7,1110.0,9.96,2.9369
Austria,Soybeans,2009,28171,3531.8,1110.0,9.48,2.8171
Austria,Soybeans,2010,27501,3692.4,1110.0,8.36,2.7501
Austria,Soybeans,2011,28691,3441.5,1110.0,9.42,2.8691
Austria,Soybeans,2012,28051,3563.3,1110.0,9.42,2.8051
Austria,Soybeans,2013,19697,3108.6,1110.0,10.03,1.9697
Austria,Wheat,1990,50479,4246.0,1110.0,9.23,5.0479
Austria,Wheat,1991,50735,4487.0,1110.0,8.15,5.0735
Austria,Wheat,1992,53938,3897.0,1110.0,9.49,5.3938
Austria,Wheat,1993,42246,3984.0,1110.0,8.48,4.2246
Austria,Wheat,1994,52088,3619.0,1110.0,9.89,5.2088
Austria,Wheat,1995,50856,3402.0,1110.0,8.79,5.0856
Austria,Wheat,1996,50069,3565.0,1110.0,7.4,5.0069
Austria,Wheat,1997,52044,3689.6,1110.0,8.37,5.2044
Austria,Wheat,1998,50749,3340.3,1110.0,9.01,5.0749
Austria,Wheat,1999,54348,3418.6,1110.0,9.17,5.4348
Austria,Wheat,2000,44688,3563.2,1110.0,10.08,4.4688
Austria,Wheat,2001,52412,3132.2,1110.0,8.75,5.2412
Austria,Wheat,2002,49667,3079.2,1110.0,9.62,4.9667
Austria,Wheat,2004,59234,3301.7,1110.0,8.76,5.9234
Austria,Wheat,2005,50286,3404.0,1110.0,8.6,5.0286
Austria,Wheat,2006,49066,3415.7,1110.0,9.13,4.9066
Austria,Wheat,2007,47763,3526.6,1110.0,10.03,4.7763
Austria,Wheat,2008,56935,4246.7,1110.0,9.96,5.6935
Austria,Wheat,2009,49295,3531.8,1110.0,9.48,4.9295
Austria,Wheat,2010,50117,3692.4,1110.0,8.36,5.0117
Austria,Wheat,2011,58549,3441.5,1110.0,9.42,5.8549
Austria,Wheat,2012,41388,3563.3,1110.0,9.42,4.1388
Austria,Wheat,2013,53743,3108.6,1110.0,10.03,5.3743
Azerbaijan,Maize,1992,18740,148.68,447.0,10.93,1.874
Azerbaijan,Maize,1993,13918,148.68,447.0,10.53,1.3918
Azerbaijan,Maize,1994,14619,148.68,447.0,11.32,1.4619
Azerbaijan,Maize,1995,11810,148.68,447.0,12.81,1.181
Azerbaijan,Maize,1996,17369,148.68,447.0,11.96,1.7369
Azerbaijan,Maize,1997,24340,148.68,447.0,11.89,2.434
Azerbaijan,Maize,1998,29541,148.68,447.0,12.79,2.9541
Azerbaijan,Maize,1999,35343,148.68,447.0,12.74,3.5343
Azerbaijan,Maize,2000,32484,148.68,447.0,12.61,3.2484
Azerbaijan,Maize,2001,37823,148.68,447.0,12.97,3.7823
Azerbaijan,Maize,2002,43463,148.68,447.0,12.45,4.3463
Azerbaijan,Maize,2004,46071,148.68,447.0,12.76,4.6071
Azerbaijan,Maize,2005,47703,148.68,447.0,12.88,4.7703
Azerbaijan,Maize,2006,45777,148.68,447.0,12.66,4.5777
Azerbaijan,Maize,2007,46175,148.68,447.0,12.75,4.6175
Azerbaijan,Maize,2008,47784,262.99,447.0,12.3,4.7784
Azerbaijan,Maize,2009,47990,316.18,447.0,12.6,4.799
Azerbaijan,Maize,2010,45551,333.85,447.0,13.85,4.5551
Azerbaijan,Maize,2011,45460,461.84,447.0,11.79,4.546
Azerbaijan,Maize,2012,51029,516.35,447.0,13.0,5.1029
Azerbaijan,Maize,2013,53903,489.8,447.0,14.12,5.3903
Azerbaijan,Potatoes,1992,82701,148.68,447.0,10.93,8.2701
Azerbaijan,Potatoes,1993,78059,148.68,447.0,10.53,7.8059
Azerbaijan,Potatoes,1994,82623,148.68,447.0,11.32,8.2623
Azerbaijan,Potatoes,1995,97450,148.68,447.0,12.81,9.745
Azerbaijan,Potatoes,1996,101359,148.68,447.0,11.96,10.1359
Azerbaijan,Potatoes,1997,82711,148.68,447.0,11.89,8.2711
Azerbaijan,Potatoes,1998,95259,148.68,447.0,12.79,9.5259
Azerbaijan,Potatoes,1999,95214,148.68,447.0,12.74,9.5214
Azerbaijan,Potatoes,2000,89357,148.68,447.0,12.61,8.9357
Azerbaijan,Potatoes,2001,109774,148.68,447.0,12.97,10.9774
Azerbaijan,Potatoes,2002,121132,148.68,447.0,12.45,12.1132
Azerbaijan,Potatoes,2004,141416,148.68,447.0,12.76,14.1416
Azerbaijan,Potatoes,2005,153215,148.68,447.0,12.88,15.3215
Azerbaijan,Potatoes,2006,149497,148.68,447.0,12.66,14.9497
Azerbaijan,Potatoes,2007,154570,148.68,447.0,12.75,15.457
Azerbaijan,Potatoes,2008,156430,262.99,447.0,12.3,15.643
Azerbaijan,Potatoes,2009,149950,316.18,447.0,12.6,14.995
Azerbaijan,Potatoes,2010,144945,333.85,447.0,13.85,14.4945
Azerbaijan,Potatoes,2011,143973,461.84,447.0,11.79,14.3973
Azerbaijan,Potatoes,2012,146740,516.35,447.0,13.0,14.674
Azerbaijan,Potatoes,2013,151999,489.8,447.0,14.12,15.1999
Azerbaijan,"Rice, paddy",1992,7292,148.68,447.0,10.93,0.7292
Azerbaijan,"Rice, paddy",1993,9461,148.68,447.0,10.53,0.9461
Azerbaijan,"Rice, paddy",1994,10059,148.68,447.0,11.32,1.0059
Azerbaijan,"Rice, paddy",1995,19890,148.68,447.0,12.81,1.989
Azerbaijan,"Rice, paddy",1996,36917,148.68,447.0,11.96,3.6917
Azerbaijan,"Rice, paddy",1997,46082,148.68,447.0,11.89,4.6082
Azerbaijan,"Rice, paddy",1998,48046,148.68,447.0,12.79,4.8046
Azerbaijan,"Rice, paddy",1999,44415,148.68,447.0,12.74,4.4415
Azerbaijan,"Rice, paddy",2000,50191,148.68,447.0,12.61,5.0191
Azerbaijan,"Rice, paddy",2001,48495,148.68,447.0,12.97,4.8495
Azerbaijan,"Rice, paddy",2002,46532,148.68,447.0,12.45,4.6532
Azerbaijan,"Rice, paddy",2004,39810,148.68,447.0,12.76,3.981
Azerbaijan,"Rice, paddy",2005,35903,148.68,447.0,12.88,3.5903
Azerbaijan,"Rice, paddy",2006,42375,148.68,447.0,12.66,4.2375
Azerbaijan,"Rice, paddy",2007,33886,148.68,447.0,12.75,3.3886
Azerbaijan,"Rice, paddy",2008,27973,262.99,447.0,12.3,2.7973
Azerbaijan,"Rice, paddy",2009,25279,316.18,447.0,12.6,2.5279
Azerbaijan,"Rice, paddy",2010,23963,333.85,447.0,13.85,2.3963
Azerbaijan,"Rice, paddy",2011,20947,461.84,447.0,11.79,2.0947
Azerbaijan,"Rice, paddy",2012,22249,516.35,447.0,13.0,2.2249
Azerbaijan,"Rice, paddy",2013,22808,489.8,447.0,14.12,2.2808
Azerbaijan,Sorghum,1992,578,148.68,447.0,10.93,0.0578
Azerbaijan,Sorghum,1993,1659,148.68,447.0,10.53,0.1659
Azerbaijan,Sorghum,1994,2323,148.68,447.0,11.32,0.2323
Azerbaijan,Sorghum,1995,1317,148.68,447.0,12.81,0.1317
Azerbaijan,Sorghum,1996,1389,148.68,447.0,11.96,0.1389
Azerbaijan,Sorghum,1997,833,148.68,447.0,11.89,0.0833
Azerbaijan,Sorghum,1998,857,148.68,447.0,12.79,0.0857
Azerbaijan,Sorghum,2000,2434,148.68,447.0,12.61,0.2434
Azerbaijan,Sorghum,2006,10000,148.68,447.0,12.66,1.0
Azerbaijan,Sorghum,2008,12000,262.99,447.0,12.3,1.2
Azerbaijan,Sorghum,2012,1500,516.35,447.0,13.0,0.15
Azerbaijan,Sorghum,2013,5000,489.8,447.0,14.12,0.5
Azerbaijan,Soybeans,1992,1141,148.68,447.0,10.93,0.1141
Azerbaijan,Soybeans,1993,811,148.68,447.0,10.53,0.0811
Azerbaijan,Soybeans,1994,1905,148.68,447.0,11.32,0.1905
Azerbaijan,Soybeans,1995,10000,148.68,447.0,12.81,1.0
Azerbaijan,Soybeans,1996,9363,148.68,447.0,11.96,0.9363
Azerbaijan,Soybeans,1997,10667,148.68,447.0,11.89,1.0667
Azerbaijan,Soybeans,1998,11111,148.68,447.0,12.79,1.1111
Azerbaijan,Soybeans,1999,12000,148.68,447.0,12.74,1.2
Azerbaijan,Soybeans,2000,11940,148.68,447.0,12.61,1.194
Azerbaijan,Soybeans,2001,12222,148.68,447.0,12.97,1.2222
Azerbaijan,Soybeans,2004,17568,148.68,447.0,12.76,1.7568
Azerbaijan,Soybeans,2005,5789,148.68,447.0,12.88,0.5789
Azerbaijan,Soybeans,2006,4906,148.68,447.0,12.66,0.4906
Azerbaijan,Soybeans,2007,4000,148.68,447.0,12.75,0.4
Azerbaijan,Soybeans,2008,5000,262.99,447.0,12.3,0.5
Azerbaijan,Soybeans,2009,6677,316.18,447.0,12.6,0.6677
Azerbaijan,Soybeans,2010,7136,333.85,447.0,13.85,0.7136
Azerbaijan,Soybeans,2011,6717,461.84,447.0,11.79,0.6717
Azerbaijan,Soybeans,2012,6587,516.35,447.0,13.0,0.6587
Azerbaijan,Soybeans,2013,6457,489.8,447.0,14.12,0.6457
Azerbaijan,Wheat,1992,21705,148.68,447.0,10.93,2.1705
Azerbaijan,Wheat,1993,16855,148.68,447.0,10.53,1.6855
Azerbaijan,Wheat,1994,16296,148.68,447.0,11.32,1.6296
Azerbaijan,Wheat,1995,14940,148.68,447.0,12.81,1.494
Azerbaijan,Wheat,1996,16627,148.68,447.0,11.96,1.6627
Azerbaijan,Wheat,1997,16914,148.68,447.0,11.89,1.6914
Azerbaijan,Wheat,1998,15764,148.68,447.0,12.79,1.5764
Azerbaijan,Wheat,1999,19992,148.68,447.0,12.74,1.9992
Azerbaijan,Wheat,2000,23223,148.68,447.0,12.61,2.3223
Azerbaijan,Wheat,2001,26154,148.68,447.0,12.97,2.6154
Azerbaijan,Wheat,2002,26028,148.68,447.0,12.45,2.6028
Azerbaijan,Wheat,2004,25748,148.68,447.0,12.76,2.5748
Azerbaijan,Wheat,2005,25818,148.68,447.0,12.88,2.5818
Azerbaijan,Wheat,2006,26050,148.68,447.0,12.66,2.605
Azerbaijan,Wheat,2007,26722,148.68,447.0,12.75,2.6722
Azerbaijan,Wheat,2008,27251,262.99,447.0,12.3,2.7251
Azerbaijan,Wheat,2009,25946,316.18,447.0,12.6,2.5946
Azerbaijan,Wheat,2010,19381,333.85,447.0,13.85,1.9381
Azerbaijan,Wheat,2011,24376,461.84,447.0,11.79,2.4376
Azerbaijan,Wheat,2012,26144,516.35,447.0,13.0,2.6144
Azerbaijan,Wheat,2013,26719,489.8,447.0,14.12,2.6719
Bahamas,Cassava,1992,95859,484.59,1292.0,25.1,9.5859
Bahamas,Cassava,1993,90909,484.59,1292.0,25.26,9.0909
Bahamas,Cassava,1994,80000,484.59,1292.0,25.73,8.0
Bahamas,Cassava,1995,77089,484.59,1292.0,25.44,7.7089
Bahamas,Cassava,1996,75783,484.59,1292.0,25.06,7.5783
Bahamas,Cassava,1997,75317,484.59,1292.0,25.81,7.5317
Bahamas,Cassava,1998,75000,484.59,1292.0,25.94,7.5
Bahamas,Cassava,1999,80000,484.59,1292.0,25.31,8.0
Bahamas,Cassava,2000,100000,484.59,1292.0,25.16,10.0
Bahamas,Cassava,2001,102308,375.89,1292.0,25.23,10.2308
Bahamas,Cassava,2002,100000,384.23,1292.0,25.79,10.0
Bahamas,Cassava,2004,103333,269.66,1292.0,25.46,10.3333
Bahamas,Cassava,2005,106816,315.74,1292.0,25.43,10.6816
Bahamas,Cassava,2006,106250,268.2,1292.0,25.34,10.625
Bahamas,Cassava,2007,105556,268.2,1292.0,25.71,10.5556
Bahamas,Cassava,2008,139562,268.2,1292.0,25.63,13.9562
Bahamas,Cassava,2009,180917,268.2,1292.0,25.46,18.0917
Bahamas,Cassava,2010,221795,268.2,1292.0,24.77,22.1795
Bahamas,Cassava,2011,225128,268.2,1292.0,25.76,22.5128
Bahamas,Cassava,2012,223000,268.2,1292.0,25.46,22.3
Bahamas,Cassava,2013,221509,268.2,1292.0,25.88,22.1509
Bahamas,Maize,1992,16667,484.59,1292.0,25.1,1.6667
Bahamas,Maize,1993,16000,484.59,1292.0,25.26,1.6
Bahamas,Maize,1994,17931,484.59,1292.0,25.73,1.7931
Bahamas,Maize,1995,17931,484.59,1292.0,25.44,1.7931
Bahamas,Maize,1996,17931,484.59,1292.0,25.06,1.7931
Bahamas,Maize,1997,17400,484.59,1292.0,25.81,1.74
Bahamas,Maize,1998,19842,484.59,1292.0,25.94,1.9842
Bahamas,Maize,1999,21657,484.59,1292.0,25.31,2.1657
Bahamas,Maize,2000,24762,484.59,1292.0,25.16,2.4762
Bahamas,Maize,2001,30000,375.89,1292.0,25.23,3.0
Bahamas,Maize,2002,30500,384.23,1292.0,25.79,3.05
Bahamas,Maize,2004,35500,269.66,1292.0,25.46,3.55
Bahamas,Maize,2005,36000,315.74,1292.0,25.43,3.6
Bahamas,Maize,2006,38000,268.2,1292.0,25.34,3.8
Bahamas,Maize,2007,40000,268.2,1292.0,25.71,4.0
Bahamas,Maize,2008,47619,268.2,1292.0,25.63,4.7619
Bahamas,Maize,2009,60000,268.2,1292.0,25.46,6.0
Bahamas,Maize,2010,75333,268.2,1292.0,24.77,7.5333
Bahamas,Maize,2011,73085,268.2,1292.0,25.76,7.3085
Bahamas,Maize,2012,73404,268.2,1292.0,25.46,7.3404
Bahamas,Maize,2013,74465,268.2,1292.0,25.88,7.4465
Bahamas,Plantains and others,2010,79048,268.2,1292.0,24.77,7.9048
Bahamas,Plantains and others,2011,78182,268.2,1292.0,25.76,7.8182
Bahamas,Plantains and others,2012,77391,268.2,1292.0,25.46,7.7391
Bahamas,Plantains and others,2013,76928,268.2,1292.0,25.88,7.6928
Bahamas,Sweet potatoes,1992,31586,484.59,1292.0,25.1,3.1586
Bahamas,Sweet potatoes,1993,31571,484.59,1292.0,25.26,3.1571
Bahamas,Sweet potatoes,1994,31254,484.59,1292.0,25.73,3.1254
Bahamas,Sweet potatoes,1995,30714,484.59,1292.0,25.44,3.0714
Bahamas,Sweet potatoes,1996,31324,484.59,1292.0,25.06,3.1324
Bahamas,Sweet potatoes,1997,30800,484.59,1292.0,25.81,3.08
Bahamas,Sweet potatoes,1998,31724,484.59,1292.0,25.94,3.1724
Bahamas,Sweet potatoes,1999,38088,484.59,1292.0,25.31,3.8088
Bahamas,Sweet potatoes,2000,35304,484.59,1292.0,25.16,3.5304
Bahamas,Sweet potatoes,2001,30556,375.89,1292.0,25.23,3.0556
Bahamas,Sweet potatoes,2002,34792,384.23,1292.0,25.79,3.4792
Bahamas,Sweet potatoes,2004,33846,269.66,1292.0,25.46,3.3846
Bahamas,Sweet potatoes,2005,34323,315.74,1292.0,25.43,3.4323
Bahamas,Sweet potatoes,2006,34519,268.2,1292.0,25.34,3.4519
Bahamas,Sweet potatoes,2007,34364,268.2,1292.0,25.71,3.4364
Bahamas,Sweet potatoes,2008,34462,268.2,1292.0,25.63,3.4462
Bahamas,Sweet potatoes,2009,34560,268.2,1292.0,25.46,3.456
Bahamas,Sweet potatoes,2010,34658,268.2,1292.0,24.77,3.4658
Bahamas,Sweet potatoes,2011,34757,268.2,1292.0,25.76,3.4757
Bahamas,Sweet potatoes,2012,34855,268.2,1292.0,25.46,3.4855
Bahamas,Sweet potatoes,2013,34953,268.2,1292.0,25.88,3.4953
Bahrain,Potatoes,1990,186667,14.05,83.0,26.26,18.6667
Bahrain,Potatoes,1991,206667,14.05,83.0,25.73,20.6667
Bahrain,Potatoes,1992,188000,14.05,83.0,25.09,18.8
Bahrain,Potatoes,1993,162857,14.05,83.0,26.09,16.2857
Bahrain,Potatoes,1994,147500,30.86,83.0,26.66,14.75
Bahrain,Potatoes,1995,166667,12.46,83.0,26.18,16.6667
Bahrain,Potatoes,1996,125000,12.16,83.0,26.76,12.5
Bahrain,Potatoes,1997,160000,9.42,83.0,26.11,16.0
Bahrain,Potatoes,1998,160000,11.15,83.0,27.54,16.0
Bahrain,Potatoes,1999,100000,12.5,83.0,27.67,10.0
Bahrain,Potatoes,2000,103333,8.65,83.0,26.99,10.3333
Bahrain,Potatoes,2001,110000,9.2,83.0,27.36,11.0
Bahrain,Potatoes,2002,190000,0.91,83.0,27.19,19.0
Bahrain,Potatoes,2004,180000,12.24,83.0,27.07,18.0
Bahrain,Potatoes,2005,100000,12.75,83.0,26.89,10.0
Bahrain,Potatoes,2006,130000,12.12,83.0,27.15,13.0
Bahrain,Potatoes,2007,255556,16.25,83.0,27.13,25.5556
Bahrain,Potatoes,2008,210000,10.45,83.0,26.96,21.0
Bahrain,Potatoes,2009,166667,12.59,83.0,27.24,16.6667
Bahrain,Potatoes,2010,155598,9.84,83.0,28.0,15.5598
Bahrain,Potatoes,2011,171162,9.14,83.0,27.01,17.1162
Bahrain,Potatoes,2012,177812,9.14,83.0,27.45,17.7812
Bahrain,Potatoes,2013,179569,9.14,83.0,27.86,17.9569
Bahrain,Sweet potatoes,1990,116667,14.05,83.0,26.26,11.6667
Bahrain,Sweet potatoes,1991,120000,14.05,83.0,25.73,12.0
Bahrain,Sweet potatoes,1992,112500,14.05,83.0,25.09,11.25
Bahrain,Sweet potatoes,1993,116667,14.05,83.0,26.09,11.6667
Bahrain,Sweet potatoes,1994,125000,30.86,83.0,26.66,12.5
Bahrain,Sweet potatoes,1995,120000,12.46,83.0,26.18,12.0
Bangladesh,Maize,1990,10015,1266.0,2666.0,25.98,1.0015
Bangladesh,Maize,1991,9781,1287.0,2666.0,25.85,0.9781
Bangladesh,Maize,1992,9319,1453.0,2666.0,25.86,0.9319
Bangladesh,Maize,1993,9351,1487.0,2666.0,25.73,0.9351
Bangladesh,Maize,1994,9042,1594.5,2666.0,25.91,0.9042
Bangladesh,Maize,1995,10700,1702.0,2666.0,26.09,1.07
Bangladesh,Maize,1996,10166,1919.0,2666.0,26.15,1.0166
Bangladesh,Maize,1997,10914,2035.0,2666.0,25.55,1.0914
Bangladesh,Maize,1998,7339,2068.0,2666.0,26.13,0.7339
Bangladesh,Maize,1999,12346,2532.0,2666.0,26.31,1.2346
Bangladesh,Maize,2000,20597,3170.0,2666.0,25.91,2.0597
Bangladesh,Maize,2001,32216,3295.78,2666.0,25.93,3.2216
Bangladesh,Maize,2002,40349,2954.29,2666.0,26.1,4.0349
Bangladesh,Maize,2004,48243,5587.81,2666.0,26.14,4.8243
Bangladesh,Maize,2005,53311,7605.01,2666.0,26.19,5.3311
Bangladesh,Maize,2006,52998,9074.43,2666.0,26.44,5.2998
Bangladesh,Maize,2007,59812,10962.31,2666.0,25.95,5.9812
Bangladesh,Maize,2008,60172,12936.5,2666.0,26.0,6.0172
Bangladesh,Maize,2009,56831,13790.09,2666.0,26.54,5.6831
Bangladesh,Maize,2010,58378,13283.72,2666.0,26.65,5.8378
Bangladesh,Maize,2011,61512,14798.28,2666.0,25.8,6.1512
Bangladesh,Maize,2012,65838,13289.18,2666.0,26.28,6.5838
Bangladesh,Maize,2013,65953,15330.16,2666.0,26.59,6.5953
Bangladesh,Potatoes,1990,91410,1266.0,2666.0,25.98,9.141
Bangladesh,Potatoes,1991,99868,1287.0,2666.0,25.85,9.9868
Bangladesh,Potatoes,1992,107931,1453.0,2666.0,25.86,10.7931
Bangladesh,Potatoes,1993,106787,1487.0,2666.0,25.73,10.6787
Bangladesh,Potatoes,1994,109570,1594.5,2666.0,25.91,10.957
Bangladesh,Potatoes,1995,111665,1702.0,2666.0,26.09,11.1665
Bangladesh,Potatoes,1996,112741,1919.0,2666.0,26.15,11.2741
Bangladesh,Potatoes,1997,112551,2035.0,2666.0,25.55,11.2551
Bangladesh,Potatoes,1998,113972,2068.0,2666.0,26.13,11.3972
Bangladesh,Potatoes,1999,112810,2532.0,2666.0,26.31,11.281
Bangladesh,Potatoes,2000,120591,3170.0,2666.0,25.91,12.0591
Bangladesh,Potatoes,2001,129163,3295.78,2666.0,25.93,12.9163
Bangladesh,Potatoes,2002,126010,2954.29,2666.0,26.1,12.601
Bangladesh,Potatoes,2004,144313,5587.81,2666.0,26.14,14.4313
Bangladesh,Potatoes,2005,148805,7605.01,2666.0,26.19,14.8805
Bangladesh,Potatoes,2006,143848,9074.43,2666.0,26.44,14.3848
Bangladesh,Potatoes,2007,149768,10962.31,2666.0,25.95,14.9768
Bangladesh,Potatoes,2008,165373,12936.5,2666.0,26.0,16.5373
Bangladesh,Potatoes,2009,133367,13790.09,2666.0,26.54,13.3367
Bangladesh,Potatoes,2010,182299,13283.72,2666.0,26.65,18.2299
Bangladesh,Potatoes,2011,180931,14798.28,2666.0,25.8,18.0931
Bangladesh,Potatoes,2012,190627,13289.18,2666.0,26.28,19.0627
Bangladesh,Potatoes,2013,193790,15330.16,2666.0,26.59,19.379
Bangladesh,"Rice, paddy",1990,25661,1266.0,2666.0,25.98,2.5661
Bangladesh,"Rice, paddy",1991,26592,1287.0,2666.0,25.85,2.6592
Bangladesh,"Rice, paddy",1992,26893,1453.0,2666.0,25.86,2.6893
Bangladesh,"Rice, paddy",1993,27185,1487.0,2666.0,25.73,2.7185
Bangladesh,"Rice, paddy",1994,25328,1594.5,2666.0,25.91,2.5328
Bangladesh,"Rice, paddy",1995,26527,1702.0,2666.0,26.09,2.6527
Bangladesh,"Rice, paddy",1996,27629,1919.0,2666.0,26.15,2.7629
Bangladesh,"Rice, paddy",1997,27431,2035.0,2666.0,25.55,2.7431
Bangladesh,"Rice, paddy",1998,29358,2068.0,2666.0,26.13,2.9358
Bangladesh,"Rice, paddy",1999,32139,2532.0,2666.0,26.31,3.2139
Bangladesh,"Rice, paddy",2000,34836,3170.0,2666.0,25.91,3.4836
Bangladesh,"Rice, paddy",2001,34020,3295.78,2666.0,25.93,3.402
Bangladesh,"Rice, paddy",2002,34902,2954.29,2666.0,26.1,3.4902
Bangladesh,"Rice, paddy",2004,35359,5587.81,2666.0,26.14,3.5359
Bangladesh,"Rice, paddy",2005,37814,7605.01,2666.0,26.19,3.7814
Bangladesh,"Rice, paddy",2006,38541,9074.43,2666.0,26.44,3.8541
Bangladesh,"Rice, paddy",2007,40833,10962.31,2666.0,25.95,4.0833
Bangladesh,"Rice, paddy",2008,41441,12936.5,2666.0,26.0,4.1441
Bangladesh,"Rice, paddy",2009,42404,13790.09,2666.0,26.54,4.2404
Bangladesh,"Rice, paddy",2010,43422,13283.72,2666.0,26.65,4.3422
Bangladesh,"Rice, paddy",2011,43917,14798.28,2666.0,25.8,4.3917
Bangladesh,"Rice, paddy",2012,44206,13289.18,2666.0,26.28,4.4206
Bangladesh,"Rice, paddy",2013,45317,15330.16,2666.0,26.59,4.5317
Bangladesh,Sorghum,1990,8103,1266.0,2666.0,25.98,0.8103
Bangladesh,Sorghum,1991,8376,1287.0,2666.0,25.85,0.8376
Bangladesh,Sorghum,1992,8988,1453.0,2666.0,25.86,0.8988
Bangladesh,Sorghum,1993,8948,1487.0,2666.0,25.73,0.8948
Bangladesh,Sorghum,1994,9892,1594.5,2666.0,25.91,0.9892
Bangladesh,Sorghum,1995,9804,1702.0,2666.0,26.09,0.9804
Bangladesh,Sorghum,1996,9959,1919.0,2666.0,26.15,0.9959
Bangladesh,Sorghum,1997,10297,2035.0,2666.0,25.55,1.0297
Bangladesh,Sorghum,1998,7901,2068.0,2666.0,26.13,0.7901
Bangladesh,Sorghum,1999,12346,2532.0,2666.0,26.31,1.2346
Bangladesh,Sorghum,2000,12346,3170.0,2666.0,25.91,1.2346
Bangladesh,Sorghum,2001,12346,3295.78,2666.0,25.93,1.2346
Bangladesh,Sorghum,2002,12361,2954.29,2666.0,26.1,1.2361
Bangladesh,Sorghum,2004,11633,5587.81,2666.0,26.14,1.1633
Bangladesh,Sorghum,2005,13214,7605.01,2666.0,26.19,1.3214
Bangladesh,Sorghum,2006,13587,9074.43,2666.0,26.44,1.3587
Bangladesh,Sorghum,2007,13462,10962.31,2666.0,25.95,1.3462
Bangladesh,Sorghum,2008,21505,12936.5,2666.0,26.0,2.1505
Bangladesh,Sorghum,2009,13300,13790.09,2666.0,26.54,1.33
Bangladesh,Sorghum,2010,12806,13283.72,2666.0,26.65,1.2806
Bangladesh,Sorghum,2011,14667,14798.28,2666.0,25.8,1.4667
Bangladesh,Sorghum,2012,13452,13289.18,2666.0,26.28,1.3452
Bangladesh,Sorghum,2013,11343,15330.16,2666.0,26.59,1.1343
Bangladesh,Soybeans,2005,14148,7605.01,2666.0,26.19,1.4148
Bangladesh,Soybeans,2006,15144,9074.43,2666.0,26.44,1.5144
Bangladesh,Soybeans,2007,14717,10962.31,2666.0,25.95,1.4717
Bangladesh,Soybeans,2008,15026,12936.5,2666.0,26.0,1.5026
Bangladesh,Soybeans,2009,14660,13790.09,2666.0,26.54,1.466
Bangladesh,Soybeans,2010,17090,13283.72,2666.0,26.65,1.709
Bangladesh,Soybeans,2011,15898,14798.28,2666.0,25.8,1.5898
Bangladesh,Soybeans,2012,15814,13289.18,2666.0,26.28,1.5814
Bangladesh,Soybeans,2013,14729,15330.16,2666.0,26.59,1.4729
Bangladesh,Sweet potatoes,1990,98316,1266.0,2666.0,25.98,9.8316
Bangladesh,Sweet potatoes,1991,96481,1287.0,2666.0,25.85,9.6481
Bangladesh,Sweet potatoes,1992,96477,1453.0,2666.0,25.86,9.6477
Bangladesh,Sweet potatoes,1993,95714,1487.0,2666.0,25.73,9.5714
Bangladesh,Sweet potatoes,1994,95373,1594.5,2666.0,25.91,9.5373
Bangladesh,Sweet potatoes,1995,95186,1702.0,2666.0,26.09,9.5186
Bangladesh,Sweet potatoes,1996,96081,1919.0,2666.0,26.15,9.6081
Bangladesh,Sweet potatoes,1997,93946,2035.0,2666.0,25.55,9.3946
Bangladesh,Sweet potatoes,1998,95325,2068.0,2666.0,26.13,9.5325
Bangladesh,Sweet potatoes,1999,92786,2532.0,2666.0,26.31,9.2786
Bangladesh,Sweet potatoes,2000,92479,3170.0,2666.0,25.91,9.2479
Bangladesh,Sweet potatoes,2001,90907,3295.78,2666.0,25.93,9.0907
Bangladesh,Sweet potatoes,2002,90919,2954.29,2666.0,26.1,9.0919
Bangladesh,Sweet potatoes,2004,89459,5587.81,2666.0,26.14,8.9459
Bangladesh,Sweet potatoes,2005,88704,7605.01,2666.0,26.19,8.8704
Bangladesh,Sweet potatoes,2006,90254,9074.43,2666.0,26.44,9.0254
Bangladesh,Sweet potatoes,2007,90479,10962.31,2666.0,25.95,9.0479
Bangladesh,Sweet potatoes,2008,97290,12936.5,2666.0,26.0,9.729
Bangladesh,Sweet potatoes,2009,96232,13790.09,2666.0,26.54,9.6232
Bangladesh,Sweet potatoes,2010,98688,13283.72,2666.0,26.65,9.8688
Bangladesh,Sweet potatoes,2011,97962,14798.28,2666.0,25.8,9.7962
Bangladesh,Sweet potatoes,2012,102939,13289.18,2666.0,26.28,10.2939
Bangladesh,Sweet potatoes,2013,97019,15330.16,2666.0,26.59,9.7019
Bangladesh,Wheat,1990,15034,1266.0,2666.0,25.98,1.5034
Bangladesh,Wheat,1991,16767,1287.0,2666.0,25.85,1.6767
Bangladesh,Wheat,1992,18534,1453.0,2666.0,25.86,1.8534
Bangladesh,Wheat,1993,18457,1487.0,2666.0,25.73,1.8457
Bangladesh,Wheat,1994,18390,1594.5,2666.0,25.91,1.839
Bangladesh,Wheat,1995,19483,1702.0,2666.0,26.09,1.9483
Bangladesh,Wheat,1996,19531,1919.0,2666.0,26.15,1.9531
Bangladesh,Wheat,1997,20544,2035.0,2666.0,25.55,2.0544
Bangladesh,Wheat,1998,22408,2068.0,2666.0,26.13,2.2408
Bangladesh,Wheat,1999,21627,2532.0,2666.0,26.31,2.1627
Bangladesh,Wheat,2000,22104,3170.0,2666.0,25.91,2.2104
Bangladesh,Wheat,2001,21643,3295.78,2666.0,25.93,2.1643
Bangladesh,Wheat,2002,21644,2954.29,2666.0,26.1,2.1644
Bangladesh,Wheat,2004,19527,5587.81,2666.0,26.14,1.9527
Bangladesh,Wheat,2005,17478,7605.01,2666.0,26.19,1.7478
Bangladesh,Wheat,2006,15344,9074.43,2666.0,26.44,1.5344
Bangladesh,Wheat,2007,18471,10962.31,2666.0,25.95,1.8471
Bangladesh,Wheat,2008,21753,12936.5,2666.0,26.0,2.1753
Bangladesh,Wheat,2009,21516,13790.09,2666.0,26.54,2.1516
Bangladesh,Wheat,2010,23959,13283.72,2666.0,26.65,2.3959
Bangladesh,Wheat,2011,26012,14798.28,2666.0,25.8,2.6012
Bangladesh,Wheat,2012,27789,13289.18,2666.0,26.28,2.7789
Bangladesh,Wheat,2013,30138,15330.16,2666.0,26.59,3.0138
Belarus,Maize,1992,30000,8306.31,618.0,6.74,3.0
Belarus,Maize,1993,12000,8306.31,618.0,5.61,1.2
Belarus,Maize,1994,5000,8306.31,618.0,6.26,0.5
Belarus,Maize,1995,24545,8306.31,618.0,6.68,2.4545
Belarus,Maize,1996,23000,8306.31,618.0,5.32,2.3
Belarus,Maize,1997,20333,8306.31,618.0,5.98,2.0333
Belarus,Maize,1998,26522,8306.31,618.0,6.11,2.6522
Belarus,Maize,1999,26053,8306.31,618.0,7.38,2.6053
Belarus,Maize,2000,23077,8306.31,618.0,7.52,2.3077
Belarus,Maize,2001,25917,8306.31,618.0,6.71,2.5917
Belarus,Maize,2002,32889,8306.31,618.0,7.34,3.2889
Belarus,Maize,2004,35297,8306.31,618.0,6.49,3.5297
Belarus,Maize,2005,39965,8306.31,618.0,6.53,3.9965
Belarus,Maize,2006,39390,8306.31,618.0,6.6,3.939
Belarus,Maize,2007,50653,8306.31,618.0,7.51,5.0653
Belarus,Maize,2008,43890,8306.31,618.0,7.75,4.389
Belarus,Maize,2009,46818,8306.31,618.0,6.75,4.6818
Belarus,Maize,2010,49306,8306.31,618.0,6.71,4.9306
Belarus,Maize,2011,65950,8306.31,618.0,7.29,6.595
Belarus,Maize,2012,50407,9578.67,618.0,6.33,5.0407
Belarus,Maize,2013,55656,9163.51,618.0,7.83,5.5656
Belarus,Potatoes,1992,115326,8306.31,618.0,6.74,11.5326
Belarus,Potatoes,1993,155463,8306.31,618.0,5.61,15.5463
Belarus,Potatoes,1994,118235,8306.31,618.0,6.26,11.8235
Belarus,Potatoes,1995,131092,8306.31,618.0,6.68,13.1092
Belarus,Potatoes,1996,151328,8306.31,618.0,5.32,15.1328
Belarus,Potatoes,1997,99173,8306.31,618.0,5.98,9.9173
Belarus,Potatoes,1998,108971,8306.31,618.0,6.11,10.8971
Belarus,Potatoes,1999,113330,8306.31,618.0,7.38,11.333
Belarus,Potatoes,2000,131888,8306.31,618.0,7.52,13.1888
Belarus,Potatoes,2001,122132,8306.31,618.0,6.71,12.2132
Belarus,Potatoes,2002,134922,8306.31,618.0,7.34,13.4922
Belarus,Potatoes,2004,195459,8306.31,618.0,6.49,19.5459
Belarus,Potatoes,2005,177299,8306.31,618.0,6.53,17.7299
Belarus,Potatoes,2006,191956,8306.31,618.0,6.6,19.1956
Belarus,Potatoes,2007,211948,8306.31,618.0,7.51,21.1948
Belarus,Potatoes,2008,220735,8306.31,618.0,7.75,22.0735
Belarus,Potatoes,2009,186040,8306.31,618.0,6.75,18.604
Belarus,Potatoes,2010,213518,8306.31,618.0,6.71,21.3518
Belarus,Potatoes,2011,209564,8306.31,618.0,7.29,20.9564
Belarus,Potatoes,2012,208131,9578.67,618.0,6.33,20.8131
Belarus,Potatoes,2013,193536,9163.51,618.0,7.83,19.3536
Belarus,Wheat,1992,27983,8306.31,618.0,6.74,2.7983
Belarus,Wheat,1993,26826,8306.31,618.0,5.61,2.6826
Belarus,Wheat,1994,22802,8306.31,618.0,6.26,2.2802
Belarus,Wheat,1995,24791,8306.31,618.0,6.68,2.4791
Belarus,Wheat,1996,21989,8306.31,618.0,5.32,2.1989
Belarus,Wheat,1997,25132,8306.31,618.0,5.98,2.5132
Belarus,Wheat,1998,21347,8306.31,618.0,6.11,2.1347
Belarus,Wheat,1999,17322,8306.31,618.0,7.38,1.7322
Belarus,Wheat,2000,21367,8306.31,618.0,7.52,2.1367
Belarus,Wheat,2001,21255,8306.31,618.0,6.71,2.1255
Belarus,Wheat,2002,26919,8306.31,618.0,7.34,2.6919
Belarus,Wheat,2004,33040,8306.31,618.0,6.49,3.304
Belarus,Wheat,2005,32812,8306.31,618.0,6.53,3.2812
Belarus,Wheat,2006,28191,8306.31,618.0,6.6,2.8191
Belarus,Wheat,2007,32771,8306.31,618.0,7.51,3.2771
Belarus,Wheat,2008,39752,8306.31,618.0,7.75,3.9752
Belarus,Wheat,2009,35428,8306.31,618.0,6.75,3.5428
Belarus,Wheat,2010,28851,8306.31,618.0,6.71,2.8851
Belarus,Wheat,2011,33088,8306.31,618.0,7.29,3.3088
Belarus,Wheat,2012,35822,9578.67,618.0,6.33,3.5822
Belarus,Wheat,2013,30610,9163.51,618.0,7.83,3.061
Belgium,Maize,2000,111006,9560.49,847.0,11.37,11.1006
Belgium,Maize,2001,113522,8529.07,847.0,10.94,11.3522
Belgium,Maize,2002,111962,9204.0,847.0,11.44,11.1962
Belgium,Maize,2004,122246,9186.0,847.0,10.94,12.2246
Belgium,Maize,2005,116872,9776.0,847.0,11.16,11.6872
Belgium,Maize,2006,101929,8244.02,847.0,11.48,10.1929
Belgium,Maize,2007,131278,6712.05,847.0,11.52,13.1278
Belgium,Maize,2008,119258,6516.47,847.0,10.9,11.9258
Belgium,Maize,2009,121174,5496.04,847.0,11.0,12.1174
Belgium,Maize,2010,119283,4644.53,847.0,9.74,11.9283
Belgium,Maize,2011,119360,5740.44,847.0,11.69,11.936
Belgium,Maize,2012,102438,6139.3,847.0,10.68,10.2438
Belgium,Maize,2013,111500,5905.6,847.0,10.36,11.15
Belgium,Potatoes,2000,444058,9560.49,847.0,11.37,44.4058
Belgium,Potatoes,2001,412267,8529.07,847.0,10.94,41.2267
Belgium,Potatoes,2002,471475,9204.0,847.0,11.44,47.1475
Belgium,Potatoes,2004,483955,9186.0,847.0,10.94,48.3955
Belgium,Potatoes,2005,428135,9776.0,847.0,11.16,42.8135
Belgium,Potatoes,2006,385452,8244.02,847.0,11.48,38.5452
Belgium,Potatoes,2007,469491,6712.05,847.0,11.52,46.9491
Belgium,Potatoes,2008,460711,6516.47,847.0,10.9,46.0711
Belgium,Potatoes,2009,447083,5496.04,847.0,11.0,44.7083
Belgium,Potatoes,2010,422676,4644.53,847.0,9.74,42.2676
Belgium,Potatoes,2011,501412,5740.44,847.0,11.69,50.1412
Belgium,Potatoes,2012,454233,6139.3,847.0,10.68,45.4233
Belgium,Potatoes,2013,454642,5905.6,847.0,10.36,45.4642
Belgium,Wheat,2000,79198,9560.49,847.0,11.37,7.9198
Belgium,Wheat,2001,80475,8529.07,847.0,10.94,8.0475
Belgium,Wheat,2002,82757,9204.0,847.0,11.44,8.2757
Belgium,Wheat,2004,89806,9186.0,847.0,10.94,8.9806
Belgium,Wheat,2005,82733,9776.0,847.0,11.16,8.2733
Belgium,Wheat,2006,82549,8244.02,847.0,11.48,8.2549
Belgium,Wheat,2007,78908,6712.05,847.0,11.52,7.8908
Belgium,Wheat,2008,87585,6516.47,847.0,10.9,8.7585
Belgium,Wheat,2009,94652,5496.04,847.0,11.0,9.4652
Belgium,Wheat,2010,88272,4644.53,847.0,9.74,8.8272
Belgium,Wheat,2011,84046,5740.44,847.0,11.69,8.4046
Belgium,Wheat,2012,84522,6139.3,847.0,10.68,8.4522
Belgium,Wheat,2013,89349,5905.6,847.0,10.36,8.9349
Botswana,Maize,1990,2899,17.0,416.0,19.54,0.2899
Botswana,Maize,1991,3962,19.0,416.0,19.29,0.3962
Botswana,Maize,1992,1899,17.0,416.0,20.59,0.1899
Botswana,Maize,1993,1353,17.0,416.0,19.97,0.1353
Botswana,Maize,1994,1698,17.0,416.0,19.26,0.1698
Botswana,Maize,1995,9477,17.0,416.0,19.96,0.9477
Botswana,Maize,1996,2463,17.0,416.0,19.1,0.2463
Botswana,Maize,1997,2867,17.0,416.0,19.26,0.2867
Botswana,Maize,1998,910,17.0,416.0,20.05,0.091
Botswana,Maize,1999,1111,17.0,416.0,20.24,0.1111
Botswana,Maize,2000,1123,17.0,416.0,18.97,0.1123
Botswana,Maize,2001,1992,17.0,416.0,19.36,0.1992
Botswana,Maize,2002,2947,17.0,416.0,19.89,0.2947
Botswana,Maize,2004,1743,17.0,416.0,19.41,0.1743
Botswana,Maize,2005,2297,17.0,416.0,20.42,0.2297
Botswana,Maize,2006,2511,17.0,416.0,18.97,0.2511
Botswana,Maize,2007,1219,17.0,416.0,19.71,0.1219
Botswana,Maize,2008,1844,17.0,416.0,19.63,0.1844
Botswana,Maize,2009,2429,17.0,416.0,19.25,0.2429
Botswana,Maize,2010,1617,17.0,416.0,19.98,0.1617
Botswana,Maize,2011,3473,17.0,416.0,19.19,0.3473
Botswana,Maize,2012,1370,17.0,416.0,19.83,0.137
Botswana,Maize,2013,849,17.0,416.0,18.69,0.0849
Botswana,Sorghum,1990,2500,17.0,416.0,19.54,0.25
Botswana,Sorghum,1991,3663,19.0,416.0,19.29,0.3663
Botswana,Sorghum,1992,2909,17.0,416.0,20.59,0.2909
Botswana,Sorghum,1993,5236,17.0,416.0,19.97,0.5236
Botswana,Sorghum,1994,2182,17.0,416.0,19.26,0.2182
Botswana,Sorghum,1995,3597,17.0,416.0,19.96,0.3597
Botswana,Sorghum,1996,3592,17.0,416.0,19.1,0.3592
Botswana,Sorghum,1997,2455,17.0,416.0,19.26,0.2455
Botswana,Sorghum,1998,3364,17.0,416.0,20.05,0.3364
Botswana,Sorghum,1999,2669,17.0,416.0,20.24,0.2669
Botswana,Sorghum,2000,1573,17.0,416.0,18.97,0.1573
Botswana,Sorghum,2001,11538,17.0,416.0,19.36,1.1538
Botswana,Sorghum,2002,4218,17.0,416.0,19.89,0.4218
Botswana,Sorghum,2004,3343,17.0,416.0,19.41,0.3343
Botswana,Sorghum,2005,18316,17.0,416.0,20.42,1.8316
Botswana,Sorghum,2006,5024,17.0,416.0,18.97,0.5024
Botswana,Sorghum,2007,9979,17.0,416.0,19.71,0.9979
Botswana,Sorghum,2008,5507,17.0,416.0,19.63,0.5507
Botswana,Sorghum,2009,5042,17.0,416.0,19.25,0.5042
Botswana,Sorghum,2010,5701,17.0,416.0,19.98,0.5701
Botswana,Sorghum,2011,6690,17.0,416.0,19.19,0.669
Botswana,Sorghum,2012,6779,17.0,416.0,19.83,0.6779
Botswana,Sorghum,2013,3168,17.0,416.0,18.69,0.3168
Botswana,Wheat,1990,26178,17.0,416.0,19.54,2.6178
Botswana,Wheat,1991,22464,19.0,416.0,19.29,2.2464
Botswana,Wheat,1992,21653,17.0,416.0,20.59,2.1653
Botswana,Wheat,1993,20843,17.0,416.0,19.97,2.0843
Botswana,Wheat,1994,20032,17.0,416.0,19.26,2.0032
Botswana,Wheat,1995,19222,17.0,416.0,19.96,1.9222
Botswana,Wheat,1996,19009,17.0,416.0,19.1,1.9009
Botswana,Wheat,1997,17235,17.0,416.0,19.26,1.7235
Botswana,Wheat,1998,16667,17.0,416.0,20.05,1.6667
Botswana,Wheat,1999,16337,17.0,416.0,20.24,1.6337
Botswana,Wheat,2000,15878,17.0,416.0,18.97,1.5878
Botswana,Wheat,2001,15714,17.0,416.0,19.36,1.5714
Botswana,Wheat,2002,14563,17.0,416.0,19.89,1.4563
Botswana,Wheat,2004,12692,17.0,416.0,19.41,1.2692
Botswana,Wheat,2005,11614,17.0,416.0,20.42,1.1614
Botswana,Wheat,2006,10452,17.0,416.0,18.97,1.0452
Botswana,Wheat,2007,9000,17.0,416.0,19.71,0.9
Botswana,Wheat,2008,8000,17.0,416.0,19.63,0.8
Brazil,Cassava,1990,125529,49695.0,1761.0,22.44363636363636,12.5529
Brazil,Cassava,1991,126164,58349.44,1761.0,22.375454545454545,12.6164
Brazil,Cassava,1992,120019,67003.89,1761.0,22.355454545454545,12.0019
Brazil,Cassava,1993,120628,75658.33,1761.0,22.605454545454545,12.0628
Brazil,Cassava,1994,132173,84312.78,1761.0,22.731818181818184,13.2173
Brazil,Cassava,1995,130631,92967.22,1761.0,22.731818181818184,13.0631
Brazil,Cassava,1996,117588,101621.67,1761.0,22.413636363636364,11.7588
Brazil,Cassava,1997,128200,110276.11,1761.0,22.78,12.82
Brazil,Cassava,1998,123522,118930.56,1761.0,22.95,12.3522
Brazil,Cassava,1999,132795,127585.0,1761.0,22.262727272727272,13.2795
Brazil,Cassava,2000,134815,140423.0,1761.0,22.430909090909093,13.4815
Brazil,Cassava,2001,135418,151523.0,1761.0,22.96,13.5418
Brazil,Cassava,2002,137949,145552.0,1761.0,23.14909090909091,13.7949
Brazil,Cassava,2004,136343,214725.0,1761.0,22.42818181818182,13.6343
Brazil,Cassava,2005,136059,232232.0,1761.0,22.965454545454545,13.6059
Brazil,Cassava,2006,140463,238716.0,1761.0,22.786363636363635,14.0463
Brazil,Cassava,2007,140099,304031.0,1761.0,22.893636363636364,14.0099
Brazil,Cassava,2008,141371,312637.0,1761.0,22.463636363636365,14.1371
Brazil,Cassava,2009,138613,335742.0,1761.0,22.86090909090909,13.8613
Brazil,Cassava,2010,139499,342580.0,1761.0,22.88181818181818,13.9499
Brazil,Cassava,2011,146230,345026.0,1761.0,22.48909090909091,14.623
Brazil,Cassava,2012,136118,346583.0,1761.0,23.062727272727273,13.6118
Brazil,Cassava,2013,140795,367778.0,1761.0,22.478181818181817,14.0795
Brazil,Maize,1990,18735,49695.0,1761.0,22.44363636363636,1.8735
Brazil,Maize,1991,18084,58349.44,1761.0,22.375454545454545,1.8084
Brazil,Maize,1992,22828,67003.89,1761.0,22.355454545454545,2.2828
Brazil,Maize,1993,25321,75658.33,1761.0,22.605454545454545,2.5321
Brazil,Maize,1994,23629,84312.78,1761.0,22.731818181818184,2.3629
Brazil,Maize,1995,26005,92967.22,1761.0,22.731818181818184,2.6005
Brazil,Maize,1996,24761,101621.67,1761.0,22.413636363636364,2.4761
Brazil,Maize,1997,26228,110276.11,1761.0,22.78,2.6228
Brazil,Maize,1998,27964,118930.56,1761.0,22.95,2.7964
Brazil,Maize,1999,27765,127585.0,1761.0,22.262727272727272,2.7765
Brazil,Maize,2000,27182,140423.0,1761.0,22.430909090909093,2.7182
Brazil,Maize,2001,34019,151523.0,1761.0,22.96,3.4019
Brazil,Maize,2002,30559,145552.0,1761.0,23.14909090909091,3.0559
Brazil,Maize,2004,33671,214725.0,1761.0,22.42818181818182,3.3671
Brazil,Maize,2005,30403,232232.0,1761.0,22.965454545454545,3.0403
Brazil,Maize,2006,33823,238716.0,1761.0,22.786363636363635,3.3823
Brazil,Maize,2007,37852,304031.0,1761.0,22.893636363636364,3.7852
Brazil,Maize,2008,40800,312637.0,1761.0,22.463636363636365,4.08
Brazil,Maize,2009,37145,335742.0,1761.0,22.86090909090909,3.7145
Brazil,Maize,2010,43667,342580.0,1761.0,22.88181818181818,4.3667
Brazil,Maize,2011,42107,345026.0,1761.0,22.48909090909091,4.2107
Brazil,Maize,2012,50057,346583.0,1761.0,23.062727272727273,5.0057
Brazil,Maize,2013,52536,367778.0,1761.0,22.478181818181817,5.2536
Brazil,Potatoes,1990,141084,49695.0,1761.0,22.44363636363636,14.1084
Brazil,Potatoes,1991,140264,58349.44,1761.0,22.375454545454545,14.0264
Brazil,Potatoes,1992,140432,67003.89,1761.0,22.355454545454545,14.0432
Brazil,Potatoes,1993,146090,75658.33,1761.0,22.605454545454545,14.609
Brazil,Potatoes,1994,144802,84312.78,1761.0,22.731818181818184,14.4802
Brazil,Potatoes,1995,152304,92967.22,1761.0,22.731818181818184,15.2304
Brazil,Potatoes,1996,146506,101621.67,1761.0,22.413636363636364,14.6506
Brazil,Potatoes,1997,152748,110276.11,1761.0,22.78,15.2748
Brazil,Potatoes,1998,156439,118930.56,1761.0,22.95,15.6439
Brazil,Potatoes,1999,164604,127585.0,1761.0,22.262727272727272,16.4604
Brazil,Potatoes,2000,171813,140423.0,1761.0,22.430909090909093,17.1813
Brazil,Potatoes,2001,184997,151523.0,1761.0,22.96,18.4997
Brazil,Potatoes,2002,194038,145552.0,1761.0,23.14909090909091,19.4038
Brazil,Potatoes,2004,213525,214725.0,1761.0,22.42818181818182,21.3525
Brazil,Potatoes,2005,220095,232232.0,1761.0,22.965454545454545,22.0095
Brazil,Potatoes,2006,223802,238716.0,1761.0,22.786363636363635,22.3802
Brazil,Potatoes,2007,240356,304031.0,1761.0,22.893636363636364,24.0356
Brazil,Potatoes,2008,253729,312637.0,1761.0,22.463636363636365,25.3729
Brazil,Potatoes,2009,248299,335742.0,1761.0,22.86090909090909,24.8299
Brazil,Potatoes,2010,258859,342580.0,1761.0,22.88181818181818,25.8859
Brazil,Potatoes,2011,262528,345026.0,1761.0,22.48909090909091,26.2528
Brazil,Potatoes,2012,274457,346583.0,1761.0,23.062727272727273,27.4457
Brazil,Potatoes,2013,277517,367778.0,1761.0,22.478181818181817,27.7517
Brazil,"Rice, paddy",1990,18803,49695.0,1761.0,22.44363636363636,1.8803
Brazil,"Rice, paddy",1991,23020,58349.44,1761.0,22.375454545454545,2.302
Brazil,"Rice, paddy",1992,21349,67003.89,1761.0,22.355454545454545,2.1349
Brazil,"Rice, paddy",1993,22912,75658.33,1761.0,22.605454545454545,2.2912
Brazil,"Rice, paddy",1994,23876,84312.78,1761.0,22.731818181818184,2.3876
Brazil,"Rice, paddy",1995,25668,92967.22,1761.0,22.731818181818184,2.5668
Brazil,"Rice, paddy",1996,26578,101621.67,1761.0,22.413636363636364,2.6578
Brazil,"Rice, paddy",1997,27310,110276.11,1761.0,22.78,2.731
Brazil,"Rice, paddy",1998,25198,118930.56,1761.0,22.95,2.5198
Brazil,"Rice, paddy",1999,30708,127585.0,1761.0,22.262727272727272,3.0708
Brazil,"Rice, paddy",2000,30382,140423.0,1761.0,22.430909090909093,3.0382
Brazil,"Rice, paddy",2001,32405,151523.0,1761.0,22.96,3.2405
Brazil,"Rice, paddy",2002,33246,145552.0,1761.0,23.14909090909091,3.3246
Brazil,"Rice, paddy",2004,35565,214725.0,1761.0,22.42818181818182,3.5565
Brazil,"Rice, paddy",2005,33691,232232.0,1761.0,22.965454545454545,3.3691
Brazil,"Rice, paddy",2006,38798,238716.0,1761.0,22.786363636363635,3.8798
Brazil,"Rice, paddy",2007,38260,304031.0,1761.0,22.893636363636364,3.826
Brazil,"Rice, paddy",2008,42311,312637.0,1761.0,22.463636363636365,4.2311
Brazil,"Rice, paddy",2009,44049,335742.0,1761.0,22.86090909090909,4.4049
Brazil,"Rice, paddy",2010,41271,342580.0,1761.0,22.88181818181818,4.1271
Brazil,"Rice, paddy",2011,48956,345026.0,1761.0,22.48909090909091,4.8956
Brazil,"Rice, paddy",2012,47860,346583.0,1761.0,23.062727272727273,4.786
Brazil,"Rice, paddy",2013,50071,367778.0,1761.0,22.478181818181817,5.0071
Brazil,Sorghum,1990,17150,49695.0,1761.0,22.44363636363636,1.715
Brazil,Sorghum,1991,14834,58349.44,1761.0,22.375454545454545,1.4834
Brazil,Sorghum,1992,17190,67003.89,1761.0,22.355454545454545,1.719
Brazil,Sorghum,1993,20167,75658.33,1761.0,22.605454545454545,2.0167
Brazil,Sorghum,1994,19056,84312.78,1761.0,22.731818181818184,1.9056
Brazil,Sorghum,1995,17981,92967.22,1761.0,22.731818181818184,1.7981
Brazil,Sorghum,1996,18118,101621.67,1761.0,22.413636363636364,1.8118
Brazil,Sorghum,1997,19757,110276.11,1761.0,22.78,1.9757
Brazil,Sorghum,1998,17768,118930.56,1761.0,22.95,1.7768
Brazil,Sorghum,1999,15711,127585.0,1761.0,22.262727272727272,1.5711
Brazil,Sorghum,2000,15013,140423.0,1761.0,22.430909090909093,1.5013
Brazil,Sorghum,2001,18654,151523.0,1761.0,22.96,1.8654
Brazil,Sorghum,2002,18573,145552.0,1761.0,23.14909090909091,1.8573
Brazil,Sorghum,2004,23187,214725.0,1761.0,22.42818181818182,2.3187
Brazil,Sorghum,2005,19296,232232.0,1761.0,22.965454545454545,1.9296
Brazil,Sorghum,2006,22223,238716.0,1761.0,22.786363636363635,2.2223
Brazil,Sorghum,2007,21731,304031.0,1761.0,22.893636363636364,2.1731
Brazil,Sorghum,2008,24105,312637.0,1761.0,22.463636363636365,2.4105
Brazil,Sorghum,2009,23378,335742.0,1761.0,22.86090909090909,2.3378
Brazil,Sorghum,2010,23172,342580.0,1761.0,22.88181818181818,2.3172
Brazil,Sorghum,2011,25497,345026.0,1761.0,22.48909090909091,2.5497
Brazil,Sorghum,2012,29317,346583.0,1761.0,23.062727272727273,2.9317
Brazil,Sorghum,2013,26817,367778.0,1761.0,22.478181818181817,2.6817
Brazil,Soybeans,1990,17322,49695.0,1761.0,22.44363636363636,1.7322
Brazil,Soybeans,1991,15533,58349.44,1761.0,22.375454545454545,1.5533
Brazil,Soybeans,1992,20352,67003.89,1761.0,22.355454545454545,2.0352
Brazil,Soybeans,1993,21241,75658.33,1761.0,22.605454545454545,2.1241
Brazil,Soybeans,1994,21632,84312.78,1761.0,22.731818181818184,2.1632
Brazil,Soybeans,1995,21998,92967.22,1761.0,22.731818181818184,2.1998
Brazil,Soybeans,1996,22493,101621.67,1761.0,22.413636363636364,2.2493
Brazil,Soybeans,1997,22977,110276.11,1761.0,22.78,2.2977
Brazil,Soybeans,1998,23533,118930.56,1761.0,22.95,2.3533
Brazil,Soybeans,1999,23724,127585.0,1761.0,22.262727272727272,2.3724
Brazil,Soybeans,2000,24033,140423.0,1761.0,22.430909090909093,2.4033
Brazil,Soybeans,2001,27105,151523.0,1761.0,22.96,2.7105
Brazil,Soybeans,2002,25739,145552.0,1761.0,23.14909090909091,2.5739
Brazil,Soybeans,2004,23005,214725.0,1761.0,22.42818181818182,2.3005
Brazil,Soybeans,2005,22303,232232.0,1761.0,22.965454545454545,2.2303
Brazil,Soybeans,2006,23796,238716.0,1761.0,22.786363636363635,2.3796
Brazil,Soybeans,2007,28133,304031.0,1761.0,22.893636363636364,2.8133
Brazil,Soybeans,2008,28162,312637.0,1761.0,22.463636363636365,2.8162
Brazil,Soybeans,2009,26365,335742.0,1761.0,22.86090909090909,2.6365
Brazil,Soybeans,2010,29475,342580.0,1761.0,22.88181818181818,2.9475
Brazil,Soybeans,2011,31214,345026.0,1761.0,22.48909090909091,3.1214
Brazil,Soybeans,2012,26366,346583.0,1761.0,23.062727272727273,2.6366
Brazil,Soybeans,2013,29285,367778.0,1761.0,22.478181818181817,2.9285
Brazil,Sweet potatoes,1990,101661,49695.0,1761.0,22.44363636363636,10.1661
Brazil,Sweet potatoes,1991,101504,58349.44,1761.0,22.375454545454545,10.1504
Brazil,Sweet potatoes,1992,104452,67003.89,1761.0,22.355454545454545,10.4452
Brazil,Sweet potatoes,1993,107920,75658.33,1761.0,22.605454545454545,10.792
Brazil,Sweet potatoes,1994,113070,84312.78,1761.0,22.731818181818184,11.307
Brazil,Sweet potatoes,1995,110676,92967.22,1761.0,22.731818181818184,11.0676
Brazil,Sweet potatoes,1996,86415,101621.67,1761.0,22.413636363636364,8.6415
Brazil,Sweet potatoes,1997,98387,110276.11,1761.0,22.78,9.8387
Brazil,Sweet potatoes,1998,103928,118930.56,1761.0,22.95,10.3928
Brazil,Sweet potatoes,1999,109463,127585.0,1761.0,22.262727272727272,10.9463
Brazil,Sweet potatoes,2000,110351,140423.0,1761.0,22.430909090909093,11.0351
Brazil,Sweet potatoes,2001,113496,151523.0,1761.0,22.96,11.3496
Brazil,Sweet potatoes,2002,113463,145552.0,1761.0,23.14909090909091,11.3463
Brazil,Sweet potatoes,2004,114957,214725.0,1761.0,22.42818181818182,11.4957
Brazil,Sweet potatoes,2005,113360,232232.0,1761.0,22.965454545454545,11.336
Brazil,Sweet potatoes,2006,116902,238716.0,1761.0,22.786363636363635,11.6902
Brazil,Sweet potatoes,2007,120680,304031.0,1761.0,22.893636363636364,12.068
Brazil,Sweet potatoes,2008,120398,312637.0,1761.0,22.463636363636365,12.0398
Brazil,Sweet potatoes,2009,113035,335742.0,1761.0,22.86090909090909,11.3035
Brazil,Sweet potatoes,2010,118459,342580.0,1761.0,22.88181818181818,11.8459
Brazil,Sweet potatoes,2011,124266,345026.0,1761.0,22.48909090909091,12.4266
Brazil,Sweet potatoes,2012,121926,346583.0,1761.0,23.062727272727273,12.1926
Brazil,Sweet potatoes,2013,130913,367778.0,1761.0,22.478181818181817,13.0913
Brazil,Wheat,1990,11540,49695.0,1761.0,22.44363636363636,1.154
Brazil,Wheat,1991,14232,58349.44,1761.0,22.375454545454545,1.4232
Brazil,Wheat,1992,14295,67003.89,1761.0,22.355454545454545,1.4295
Brazil,Wheat,1993,14825,75658.33,1761.0,22.605454545454545,1.4825
Brazil,Wheat,1994,15541,84312.78,1761.0,22.731818181818184,1.5541
Brazil,Wheat,1995,15420,92967.22,1761.0,22.731818181818184,1.542
Brazil,Wheat,1996,18334,101621.67,1761.0,22.413636363636364,1.8334
Brazil,Wheat,1997,16359,110276.11,1761.0,22.78,1.6359
Brazil,Wheat,1998,16111,118930.56,1761.0,22.95,1.6111
Brazil,Wheat,1999,19699,127585.0,1761.0,22.262727272727272,1.9699
Brazil,Wheat,2000,15156,140423.0,1761.0,22.430909090909093,1.5156
Brazil,Wheat,2001,19488,151523.0,1761.0,22.96,1.9488
Brazil,Wheat,2002,14754,145552.0,1761.0,23.14909090909091,1.4754
Brazil,Wheat,2004,20728,214725.0,1761.0,22.42818181818182,2.0728
Brazil,Wheat,2005,19735,232232.0,1761.0,22.965454545454545,1.9735
Brazil,Wheat,2006,15927,238716.0,1761.0,22.786363636363635,1.5927
Brazil,Wheat,2007,22199,304031.0,1761.0,22.893636363636364,2.2199
Brazil,Wheat,2008,25497,312637.0,1761.0,22.463636363636365,2.5497
Brazil,Wheat,2009,20802,335742.0,1761.0,22.86090909090909,2.0802
Brazil,Wheat,2010,28288,342580.0,1761.0,22.88181818181818,2.8288
Brazil,Wheat,2011,26602,345026.0,1761.0,22.48909090909091,2.6602
Brazil,Wheat,2012,23100,346583.0,1761.0,23.062727272727273,2.31
Brazil,Wheat,2013,27491,367778.0,1761.0,22.478181818181817,2.7491
Brazil,Yams,1990,91489,49695.0,1761.0,22.44363636363636,9.1489
Brazil,Yams,1991,91353,58349.44,1761.0,22.375454545454545,9.1353
Brazil,Yams,1992,91413,67003.89,1761.0,22.355454545454545,9.1413
Brazil,Yams,1993,91471,75658.33,1761.0,22.605454545454545,9.1471
Brazil,Yams,1994,91667,84312.78,1761.0,22.731818181818184,9.1667
Brazil,Yams,1995,91587,92967.22,1761.0,22.731818181818184,9.1587
Brazil,Yams,1996,91837,101621.67,1761.0,22.413636363636364,9.1837
Brazil,Yams,1997,91773,110276.11,1761.0,22.78,9.1773
Brazil,Yams,1998,91823,118930.56,1761.0,22.95,9.1823
Brazil,Yams,1999,92000,127585.0,1761.0,22.262727272727272,9.2
Brazil,Yams,2000,91522,140423.0,1761.0,22.430909090909093,9.1522
Brazil,Yams,2001,90385,151523.0,1761.0,22.96,9.0385
Brazil,Yams,2002,92000,145552.0,1761.0,23.14909090909091,9.2
Brazil,Yams,2004,92345,214725.0,1761.0,22.42818181818182,9.2345
Brazil,Yams,2005,92462,232232.0,1761.0,22.965454545454545,9.2462
Brazil,Yams,2006,92308,238716.0,1761.0,22.786363636363635,9.2308
Brazil,Yams,2007,92593,304031.0,1761.0,22.893636363636364,9.2593
Brazil,Yams,2008,93753,312637.0,1761.0,22.463636363636365,9.3753
Brazil,Yams,2009,94599,335742.0,1761.0,22.86090909090909,9.4599
Brazil,Yams,2010,95332,342580.0,1761.0,22.88181818181818,9.5332
Brazil,Yams,2011,96414,345026.0,1761.0,22.48909090909091,9.6414
Brazil,Yams,2012,97619,346583.0,1761.0,23.062727272727273,9.7619
Brazil,Yams,2013,96078,367778.0,1761.0,22.478181818181817,9.6078
Bulgaria,Maize,1990,28771,3906.0,608.0,9.51,2.8771
Bulgaria,Maize,1991,49551,3906.0,608.0,8.14,4.9551
Bulgaria,Maize,1992,28128,3906.0,608.0,9.07,2.8128
Bulgaria,Maize,1993,18609,3777.25,608.0,9.0,1.8609
Bulgaria,Maize,1994,28056,3648.5,608.0,10.23,2.8056
Bulgaria,Maize,1995,38237,3519.75,608.0,8.69,3.8237
Bulgaria,Maize,1996,21810,3391.0,608.0,8.44,2.181
Bulgaria,Maize,1997,35782,3262.25,608.0,8.26,3.5782
Bulgaria,Maize,1998,27318,3133.5,608.0,9.16,2.7318
Bulgaria,Maize,1999,38239,3004.75,608.0,9.67,3.8239
Bulgaria,Maize,2000,17239,2876.0,608.0,9.9,1.7239
Bulgaria,Maize,2001,24713,2747.25,608.0,9.55,2.4713
Bulgaria,Maize,2002,42364,2618.5,608.0,9.6,4.2364
Bulgaria,Maize,2004,55400,2361.0,608.0,9.18,5.54
Bulgaria,Maize,2005,53085,2232.25,608.0,8.58,5.3085
Bulgaria,Maize,2006,45328,2103.5,608.0,9.08,4.5328
Bulgaria,Maize,2007,61244,1974.75,608.0,10.23,6.1244
Bulgaria,Maize,2008,41548,1846.0,608.0,9.9,4.1548
Bulgaria,Maize,2009,47071,1717.25,608.0,9.74,4.7071
Bulgaria,Maize,2010,62512,1588.5,608.0,9.65,6.2512
Bulgaria,Maize,2011,55310,1459.75,608.0,9.17,5.531
Bulgaria,Maize,2012,36800,1331.0,608.0,9.99,3.68
Bulgaria,Maize,2013,63943,1197.0,608.0,11.26,6.3943
Bulgaria,Potatoes,1990,104986,3906.0,608.0,9.51,10.4986
Bulgaria,Potatoes,1991,117017,3906.0,608.0,8.14,11.7017
Bulgaria,Potatoes,1992,118262,3906.0,608.0,9.07,11.8262
Bulgaria,Potatoes,1993,90807,3777.25,608.0,9.0,9.0807
Bulgaria,Potatoes,1994,105070,3648.5,608.0,10.23,10.507
Bulgaria,Potatoes,1995,116617,3519.75,608.0,8.69,11.6617
Bulgaria,Potatoes,1996,80623,3391.0,608.0,8.44,8.0623
Bulgaria,Potatoes,1997,104537,3262.25,608.0,8.26,10.4537
Bulgaria,Potatoes,1998,94041,3133.5,608.0,9.16,9.4041
Bulgaria,Potatoes,1999,108475,3004.75,608.0,9.67,10.8475
Bulgaria,Potatoes,2000,75262,2876.0,608.0,9.9,7.5262
Bulgaria,Potatoes,2001,123921,2747.25,608.0,9.55,12.3921
Bulgaria,Potatoes,2002,120894,2618.5,608.0,9.6,12.0894
Bulgaria,Potatoes,2004,186855,2361.0,608.0,9.18,18.6855
Bulgaria,Potatoes,2005,156448,2232.25,608.0,8.58,15.6448
Bulgaria,Potatoes,2006,157758,2103.5,608.0,9.08,15.7758
Bulgaria,Potatoes,2007,133197,1974.75,608.0,10.23,13.3197
Bulgaria,Potatoes,2008,162618,1846.0,608.0,9.9,16.2618
Bulgaria,Potatoes,2009,165508,1717.25,608.0,9.74,16.5508
Bulgaria,Potatoes,2010,181967,1588.5,608.0,9.65,18.1967
Bulgaria,Potatoes,2011,143236,1459.75,608.0,9.17,14.3236
Bulgaria,Potatoes,2012,101515,1331.0,608.0,9.99,10.1515
Bulgaria,Potatoes,2013,146125,1197.0,608.0,11.26,14.6125
Bulgaria,"Rice, paddy",1990,23785,3906.0,608.0,9.51,2.3785
Bulgaria,"Rice, paddy",1991,25397,3906.0,608.0,8.14,2.5397
Bulgaria,"Rice, paddy",1992,32042,3906.0,608.0,9.07,3.2042
Bulgaria,"Rice, paddy",1993,34761,3777.25,608.0,9.0,3.4761
Bulgaria,"Rice, paddy",1994,37195,3648.5,608.0,10.23,3.7195
Bulgaria,"Rice, paddy",1995,36116,3519.75,608.0,8.69,3.6116
Bulgaria,"Rice, paddy",1996,33891,3391.0,608.0,8.44,3.3891
Bulgaria,"Rice, paddy",1997,29871,3262.25,608.0,8.26,2.9871
Bulgaria,"Rice, paddy",1998,31467,3133.5,608.0,9.16,3.1467
Bulgaria,"Rice, paddy",1999,49400,3004.75,608.0,9.67,4.94
Bulgaria,"Rice, paddy",2000,47001,2876.0,608.0,9.9,4.7001
Bulgaria,"Rice, paddy",2001,48001,2747.25,608.0,9.55,4.8001
Bulgaria,"Rice, paddy",2002,43099,2618.5,608.0,9.6,4.3099
Bulgaria,"Rice, paddy",2004,49596,2361.0,608.0,9.18,4.9596
Bulgaria,"Rice, paddy",2005,44801,2232.25,608.0,8.58,4.4801
Bulgaria,"Rice, paddy",2006,44080,2103.5,608.0,9.08,4.408
Bulgaria,"Rice, paddy",2007,46447,1974.75,608.0,10.23,4.6447
Bulgaria,"Rice, paddy",2008,49621,1846.0,608.0,9.9,4.9621
Bulgaria,"Rice, paddy",2009,52263,1717.25,608.0,9.74,5.2263
Bulgaria,"Rice, paddy",2010,47952,1588.5,608.0,9.65,4.7952
Bulgaria,"Rice, paddy",2011,50563,1459.75,608.0,9.17,5.0563
Bulgaria,"Rice, paddy",2012,55605,1331.0,608.0,9.99,5.5605
Bulgaria,"Rice, paddy",2013,54945,1197.0,608.0,11.26,5.4945
Bulgaria,Sorghum,1990,17778,3906.0,608.0,9.51,1.7778
Bulgaria,Sorghum,1991,17897,3906.0,608.0,8.14,1.7897
Bulgaria,Sorghum,1992,17965,3906.0,608.0,9.07,1.7965
Bulgaria,Sorghum,1993,17297,3777.25,608.0,9.0,1.7297
Bulgaria,Sorghum,1994,17368,3648.5,608.0,10.23,1.7368
Bulgaria,Sorghum,1995,14583,3519.75,608.0,8.69,1.4583
Bulgaria,Sorghum,1996,13158,3391.0,608.0,8.44,1.3158
Bulgaria,Sorghum,1997,25429,3262.25,608.0,8.26,2.5429
Bulgaria,Sorghum,1998,23235,3133.5,608.0,9.16,2.3235
Bulgaria,Sorghum,1999,27500,3004.75,608.0,9.67,2.75
Bulgaria,Sorghum,2000,20732,2876.0,608.0,9.9,2.0732
Bulgaria,Sorghum,2001,20698,2747.25,608.0,9.55,2.0698
Bulgaria,Sorghum,2002,21044,2618.5,608.0,9.6,2.1044
Bulgaria,Sorghum,2004,20997,2361.0,608.0,9.18,2.0997
Bulgaria,Sorghum,2005,20400,2232.25,608.0,8.58,2.04
Bulgaria,Sorghum,2006,22752,2103.5,608.0,9.08,2.2752
Bulgaria,Sorghum,2007,11108,1974.75,608.0,10.23,1.1108
Bulgaria,Sorghum,2008,19316,1846.0,608.0,9.9,1.9316
Bulgaria,Sorghum,2009,24836,1717.25,608.0,9.74,2.4836
Bulgaria,Sorghum,2010,24314,1588.5,608.0,9.65,2.4314
Bulgaria,Sorghum,2011,19536,1459.75,608.0,9.17,1.9536
Bulgaria,Sorghum,2012,20205,1331.0,608.0,9.99,2.0205
Bulgaria,Sorghum,2013,26792,1197.0,608.0,11.26,2.6792
Bulgaria,Soybeans,1990,8830,3906.0,608.0,9.51,0.883
Bulgaria,Soybeans,1991,18800,3906.0,608.0,8.14,1.88
Bulgaria,Soybeans,1992,8070,3906.0,608.0,9.07,0.807
Bulgaria,Soybeans,1993,6742,3777.25,608.0,9.0,0.6742
Bulgaria,Soybeans,1994,9402,3648.5,608.0,10.23,0.9402
Bulgaria,Soybeans,1995,9043,3519.75,608.0,8.69,0.9043
Bulgaria,Soybeans,1996,5742,3391.0,608.0,8.44,0.5742
Bulgaria,Soybeans,1997,9750,3262.25,608.0,8.26,0.975
Bulgaria,Soybeans,1998,5379,3133.5,608.0,9.16,0.5379
Bulgaria,Soybeans,1999,8333,3004.75,608.0,9.67,0.8333
Bulgaria,Soybeans,2000,6667,2876.0,608.0,9.9,0.6667
Bulgaria,Soybeans,2001,10000,2747.25,608.0,9.55,1.0
Bulgaria,Soybeans,2002,14299,2618.5,608.0,9.6,1.4299
Bulgaria,Soybeans,2004,18768,2361.0,608.0,9.18,1.8768
Bulgaria,Soybeans,2005,22239,2232.25,608.0,8.58,2.2239
Bulgaria,Soybeans,2006,15568,2103.5,608.0,9.08,1.5568
Bulgaria,Soybeans,2007,6018,1974.75,608.0,10.23,0.6018
Bulgaria,Soybeans,2008,13358,1846.0,608.0,9.9,1.3358
Bulgaria,Soybeans,2009,9662,1717.25,608.0,9.74,0.9662
Bulgaria,Soybeans,2010,22717,1588.5,608.0,9.65,2.2717
Bulgaria,Soybeans,2011,11565,1459.75,608.0,9.17,1.1565
Bulgaria,Soybeans,2012,7903,1331.0,608.0,9.99,0.7903
Bulgaria,Soybeans,2013,17976,1197.0,608.0,11.26,1.7976
Bulgaria,Wheat,1990,45514,3906.0,608.0,9.51,4.5514
Bulgaria,Wheat,1991,37480,3906.0,608.0,8.14,3.748
Bulgaria,Wheat,1992,31071,3906.0,608.0,9.07,3.1071
Bulgaria,Wheat,1993,28580,3777.25,608.0,9.0,2.858
Bulgaria,Wheat,1994,28447,3648.5,608.0,10.23,2.8447
Bulgaria,Wheat,1995,29085,3519.75,608.0,8.69,2.9085
Bulgaria,Wheat,1996,18818,3391.0,608.0,8.44,1.8818
Bulgaria,Wheat,1997,29502,3262.25,608.0,8.26,2.9502
Bulgaria,Wheat,1998,28058,3133.5,608.0,9.16,2.8058
Bulgaria,Wheat,1999,27352,3004.75,608.0,9.67,2.7352
Bulgaria,Wheat,2000,28421,2876.0,608.0,9.9,2.8421
Bulgaria,Wheat,2001,30081,2747.25,608.0,9.55,3.0081
Bulgaria,Wheat,2002,30123,2618.5,608.0,9.6,3.0123
Bulgaria,Wheat,2004,38100,2361.0,608.0,9.18,3.81
Bulgaria,Wheat,2005,31567,2232.25,608.0,8.58,3.1567
Bulgaria,Wheat,2006,34026,2103.5,608.0,9.08,3.4026
Bulgaria,Wheat,2007,21973,1974.75,608.0,10.23,2.1973
Bulgaria,Wheat,2008,41674,1846.0,608.0,9.9,4.1674
Bulgaria,Wheat,2009,31873,1717.25,608.0,9.74,3.1873
Bulgaria,Wheat,2010,36185,1588.5,608.0,9.65,3.6185
Bulgaria,Wheat,2011,39197,1459.75,608.0,9.17,3.9197
Bulgaria,Wheat,2012,37596,1331.0,608.0,9.99,3.7596
Bulgaria,Wheat,2013,41885,1197.0,608.0,11.26,4.1885
Burkina Faso,Cassava,1990,29600,29.1,748.0,28.77,2.96
Burkina Faso,Cassava,1991,24558,29.1,748.0,28.4,2.4558
Burkina Faso,Cassava,1992,21429,29.1,748.0,28.06,2.1429
Burkina Faso,Cassava,1993,19455,17.0,748.0,28.58,1.9455
Burkina Faso,Cassava,1994,20000,6.0,748.0,28.0,2.0
Burkina Faso,Cassava,1995,20000,3.04,748.0,28.46,2.0
Burkina Faso,Cassava,1996,20489,39.16,748.0,28.74,2.0489
Burkina Faso,Cassava,1997,20557,75.29,748.0,28.52,2.0557
Burkina Faso,Cassava,1998,20706,111.41,748.0,28.95,2.0706
Burkina Faso,Cassava,1999,20902,93.43,748.0,28.45,2.0902
Burkina Faso,Cassava,2000,21037,75.44,748.0,28.6,2.1037
Burkina Faso,Cassava,2001,21388,57.46,748.0,28.77,2.1388
Burkina Faso,Cassava,2002,21551,39.47,748.0,28.97,2.1551
Burkina Faso,Cassava,2004,22411,1.28,748.0,28.9,2.2411
Burkina Faso,Cassava,2005,21952,92.21,748.0,29.18,2.1952
Burkina Faso,Cassava,2006,21316,109.24,748.0,28.92,2.1316
Burkina Faso,Cassava,2007,23030,292.05,748.0,28.96,2.303
Burkina Faso,Cassava,2008,19060,190.92,748.0,28.4,1.906
Burkina Faso,Cassava,2009,17452,132.3,748.0,29.05,1.7452
Burkina Faso,Cassava,2010,15659,442.89,748.0,29.17,1.5659
Burkina Faso,Cassava,2011,13548,843.0,748.0,29.03,1.3548
Burkina Faso,Cassava,2012,13636,843.0,748.0,28.67,1.3636
Burkina Faso,Cassava,2013,13594,843.0,748.0,29.41,1.3594
Burkina Faso,Maize,1990,14612,29.1,748.0,28.77,1.4612
Burkina Faso,Maize,1991,16868,29.1,748.0,28.4,1.6868
Burkina Faso,Maize,1992,15238,29.1,748.0,28.06,1.5238
Burkina Faso,Maize,1993,13722,17.0,748.0,28.58,1.3722
Burkina Faso,Maize,1994,16042,6.0,748.0,28.0,1.6042
Burkina Faso,Maize,1995,11441,3.04,748.0,28.46,1.1441
Burkina Faso,Maize,1996,15521,39.16,748.0,28.74,1.5521
Burkina Faso,Maize,1997,15185,75.29,748.0,28.52,1.5185
Burkina Faso,Maize,1998,13919,111.41,748.0,28.95,1.3919
Burkina Faso,Maize,1999,16241,93.43,748.0,28.45,1.6241
Burkina Faso,Maize,2000,17543,75.44,748.0,28.6,1.7543
Burkina Faso,Maize,2001,18115,57.46,748.0,28.77,1.8115
Burkina Faso,Maize,2002,17381,39.47,748.0,28.97,1.7381
Burkina Faso,Maize,2004,12666,1.28,748.0,28.9,1.2666
Burkina Faso,Maize,2005,18058,92.21,748.0,29.18,1.8058
Burkina Faso,Maize,2006,19444,109.24,748.0,28.92,1.9444
Burkina Faso,Maize,2007,11736,292.05,748.0,28.96,1.1736
Burkina Faso,Maize,2008,16662,190.92,748.0,28.4,1.6662
Burkina Faso,Maize,2009,15286,132.3,748.0,29.05,1.5286
Burkina Faso,Maize,2010,14342,442.89,748.0,29.17,1.4342
Burkina Faso,Maize,2011,15356,843.0,748.0,29.03,1.5356
Burkina Faso,Maize,2012,18386,843.0,748.0,28.67,1.8386
Burkina Faso,Maize,2013,17353,843.0,748.0,29.41,1.7353
Burkina Faso,Potatoes,1990,61985,29.1,748.0,28.77,6.1985
Burkina Faso,Potatoes,1991,61898,29.1,748.0,28.4,6.1898
Burkina Faso,Potatoes,1992,60637,29.1,748.0,28.06,6.0637
Burkina Faso,Potatoes,1993,62308,17.0,748.0,28.58,6.2308
Burkina Faso,Potatoes,1994,61538,6.0,748.0,28.0,6.1538
Burkina Faso,Potatoes,1995,62500,3.04,748.0,28.46,6.25
Burkina Faso,Potatoes,1996,28605,39.16,748.0,28.74,2.8605
Burkina Faso,Potatoes,1997,23981,75.29,748.0,28.52,2.3981
Burkina Faso,Potatoes,1998,24321,111.41,748.0,28.95,2.4321
Burkina Faso,Potatoes,1999,22000,93.43,748.0,28.45,2.2
Burkina Faso,Potatoes,2000,21233,75.44,748.0,28.6,2.1233
Burkina Faso,Potatoes,2001,15852,57.46,748.0,28.77,1.5852
Burkina Faso,Potatoes,2002,20527,39.47,748.0,28.97,2.0527
Burkina Faso,Potatoes,2004,18849,1.28,748.0,28.9,1.8849
Burkina Faso,Potatoes,2005,20000,92.21,748.0,29.18,2.0
Burkina Faso,Potatoes,2006,20000,109.24,748.0,28.92,2.0
Burkina Faso,Potatoes,2007,20000,292.05,748.0,28.96,2.0
Burkina Faso,Potatoes,2008,17954,190.92,748.0,28.4,1.7954
Burkina Faso,Potatoes,2009,18111,132.3,748.0,29.05,1.8111
Burkina Faso,Potatoes,2010,18998,442.89,748.0,29.17,1.8998
Burkina Faso,Potatoes,2011,19159,843.0,748.0,29.03,1.9159
Burkina Faso,Potatoes,2012,19320,843.0,748.0,28.67,1.932
Burkina Faso,Potatoes,2013,19481,843.0,748.0,29.41,1.9481
Burkina Faso,"Rice, paddy",1990,20783,29.1,748.0,28.77,2.0783
Burkina Faso,"Rice, paddy",1991,21444,29.1,748.0,28.4,2.1444
Burkina Faso,"Rice, paddy",1992,18831,29.1,748.0,28.06,1.8831
Burkina Faso,"Rice, paddy",1993,21630,17.0,748.0,28.58,2.163
Burkina Faso,"Rice, paddy",1994,19582,6.0,748.0,28.0,1.9582
Burkina Faso,"Rice, paddy",1995,19249,3.04,748.0,28.46,1.9249
Burkina Faso,"Rice, paddy",1996,23883,39.16,748.0,28.74,2.3883
Burkina Faso,"Rice, paddy",1997,15750,75.29,748.0,28.52,1.575
Burkina Faso,"Rice, paddy",1998,19388,111.41,748.0,28.95,1.9388
Burkina Faso,"Rice, paddy",1999,24824,93.43,748.0,28.45,2.4824
Burkina Faso,"Rice, paddy",2000,25675,75.44,748.0,28.6,2.5675
Burkina Faso,"Rice, paddy",2001,18795,57.46,748.0,28.77,1.8795
Burkina Faso,"Rice, paddy",2002,19010,39.47,748.0,28.97,1.901
Burkina Faso,"Rice, paddy",2004,15047,1.28,748.0,28.9,1.5047
Burkina Faso,"Rice, paddy",2005,17791,92.21,748.0,29.18,1.7791
Burkina Faso,"Rice, paddy",2006,25724,109.24,748.0,28.92,2.5724
Burkina Faso,"Rice, paddy",2007,17002,292.05,748.0,28.96,1.7002
Burkina Faso,"Rice, paddy",2008,24355,190.92,748.0,28.4,2.4355
Burkina Faso,"Rice, paddy",2009,23154,132.3,748.0,29.05,2.3154
Burkina Faso,"Rice, paddy",2010,20238,442.89,748.0,29.17,2.0238
Burkina Faso,"Rice, paddy",2011,17676,843.0,748.0,29.03,1.7676
Burkina Faso,"Rice, paddy",2012,23336,843.0,748.0,28.67,2.3336
Burkina Faso,"Rice, paddy",2013,21993,843.0,748.0,29.41,2.1993
Burkina Faso,Sorghum,1990,5827,29.1,748.0,28.77,0.5827
Burkina Faso,Sorghum,1991,9092,29.1,748.0,28.4,0.9092
Burkina Faso,Sorghum,1992,9437,29.1,748.0,28.06,0.9437
Burkina Faso,Sorghum,1993,11027,17.0,748.0,28.58,1.1027
Burkina Faso,Sorghum,1994,7793,6.0,748.0,28.0,0.7793
Burkina Faso,Sorghum,1995,8758,3.04,748.0,28.46,0.8758
Burkina Faso,Sorghum,1996,9095,39.16,748.0,28.74,0.9095
Burkina Faso,Sorghum,1997,6804,75.29,748.0,28.52,0.6804
Burkina Faso,Sorghum,1998,8541,111.41,748.0,28.95,0.8541
Burkina Faso,Sorghum,1999,8857,93.43,748.0,28.45,0.8857
Burkina Faso,Sorghum,2000,8295,75.44,748.0,28.6,0.8295
Burkina Faso,Sorghum,2001,9278,57.46,748.0,28.77,0.9278
Burkina Faso,Sorghum,2002,9252,39.47,748.0,28.97,0.9252
Burkina Faso,Sorghum,2004,9731,1.28,748.0,28.9,0.9731
Burkina Faso,Sorghum,2005,10919,92.21,748.0,29.18,1.0919
Burkina Faso,Sorghum,2006,11393,109.24,748.0,28.92,1.1393
Burkina Faso,Sorghum,2007,9374,292.05,748.0,28.96,0.9374
Burkina Faso,Sorghum,2008,9859,190.92,748.0,28.4,0.9859
Burkina Faso,Sorghum,2009,9204,132.3,748.0,29.05,0.9204
Burkina Faso,Sorghum,2010,10036,442.89,748.0,29.17,1.0036
Burkina Faso,Sorghum,2011,8952,843.0,748.0,29.03,0.8952
Burkina Faso,Sorghum,2012,10755,843.0,748.0,28.67,1.0755
Burkina Faso,Sorghum,2013,10409,843.0,748.0,29.41,1.0409
Burkina Faso,Soybeans,1990,4667,29.1,748.0,28.77,0.4667
Burkina Faso,Soybeans,1991,5000,29.1,748.0,28.4,0.5
Burkina Faso,Soybeans,1992,5882,29.1,748.0,28.06,0.5882
Burkina Faso,Soybeans,1993,14628,17.0,748.0,28.58,1.4628
Burkina Faso,Soybeans,1994,9595,6.0,748.0,28.0,0.9595
Burkina Faso,Soybeans,1995,27319,3.04,748.0,28.46,2.7319
Burkina Faso,Soybeans,1996,10710,39.16,748.0,28.74,1.071
Burkina Faso,Soybeans,1997,9514,75.29,748.0,28.52,0.9514
Burkina Faso,Soybeans,1998,10308,111.41,748.0,28.95,1.0308
Burkina Faso,Soybeans,1999,13310,93.43,748.0,28.45,1.331
Burkina Faso,Soybeans,2000,8519,75.44,748.0,28.6,0.8519
Burkina Faso,Soybeans,2001,13053,57.46,748.0,28.77,1.3053
Burkina Faso,Soybeans,2002,11119,39.47,748.0,28.97,1.1119
Burkina Faso,Soybeans,2004,11545,1.28,748.0,28.9,1.1545
Burkina Faso,Soybeans,2005,17025,92.21,748.0,29.18,1.7025
Burkina Faso,Soybeans,2006,11421,109.24,748.0,28.92,1.1421
Burkina Faso,Soybeans,2007,11250,292.05,748.0,28.96,1.125
Burkina Faso,Soybeans,2008,27290,190.92,748.0,28.4,2.729
Burkina Faso,Soybeans,2009,14542,132.3,748.0,29.05,1.4542
Burkina Faso,Soybeans,2010,12562,442.89,748.0,29.17,1.2562
Burkina Faso,Soybeans,2011,8873,843.0,748.0,29.03,0.8873
Burkina Faso,Soybeans,2012,10949,843.0,748.0,28.67,1.0949
Burkina Faso,Soybeans,2013,13512,843.0,748.0,29.41,1.3512
Burkina Faso,Sweet potatoes,1990,67598,29.1,748.0,28.77,6.7598
Burkina Faso,Sweet potatoes,1991,55862,29.1,748.0,28.4,5.5862
Burkina Faso,Sweet potatoes,1992,56904,29.1,748.0,28.06,5.6904
Burkina Faso,Sweet potatoes,1993,50965,17.0,748.0,28.58,5.0965
Burkina Faso,Sweet potatoes,1994,55351,6.0,748.0,28.0,5.5351
Burkina Faso,Sweet potatoes,1995,36755,3.04,748.0,28.46,3.6755
Burkina Faso,Sweet potatoes,1996,62201,39.16,748.0,28.74,6.2201
Burkina Faso,Sweet potatoes,1997,52003,75.29,748.0,28.52,5.2003
Burkina Faso,Sweet potatoes,1998,56110,111.41,748.0,28.95,5.611
Burkina Faso,Sweet potatoes,1999,84033,93.43,748.0,28.45,8.4033
Burkina Faso,Sweet potatoes,2000,133168,75.44,748.0,28.6,13.3168
Burkina Faso,Sweet potatoes,2001,78415,57.46,748.0,28.77,7.8415
Burkina Faso,Sweet potatoes,2002,61708,39.47,748.0,28.97,6.1708
Burkina Faso,Sweet potatoes,2004,69167,1.28,748.0,28.9,6.9167
Burkina Faso,Sweet potatoes,2005,83331,92.21,748.0,29.18,8.3331
Burkina Faso,Sweet potatoes,2006,125728,109.24,748.0,28.92,12.5728
Burkina Faso,Sweet potatoes,2007,90640,292.05,748.0,28.96,9.064
Burkina Faso,Sweet potatoes,2008,110907,190.92,748.0,28.4,11.0907
Burkina Faso,Sweet potatoes,2009,126965,132.3,748.0,29.05,12.6965
Burkina Faso,Sweet potatoes,2010,102743,442.89,748.0,29.17,10.2743
Burkina Faso,Sweet potatoes,2011,190326,843.0,748.0,29.03,19.0326
Burkina Faso,Sweet potatoes,2012,83073,843.0,748.0,28.67,8.3073
Burkina Faso,Sweet potatoes,2013,146793,843.0,748.0,29.41,14.6793
Burkina Faso,Yams,1990,66250,29.1,748.0,28.77,6.625
Burkina Faso,Yams,1991,60833,29.1,748.0,28.4,6.0833
Burkina Faso,Yams,1992,11475,29.1,748.0,28.06,1.1475
Burkina Faso,Yams,1993,59603,17.0,748.0,28.58,5.9603
Burkina Faso,Yams,1994,53043,6.0,748.0,28.0,5.3043
Burkina Faso,Yams,1995,69212,3.04,748.0,28.46,6.9212
Burkina Faso,Yams,1996,73799,39.16,748.0,28.74,7.3799
Burkina Faso,Yams,1997,69169,75.29,748.0,28.52,6.9169
Burkina Faso,Yams,1998,66929,111.41,748.0,28.95,6.6929
Burkina Faso,Yams,1999,65350,93.43,748.0,28.45,6.535
Burkina Faso,Yams,2000,82928,75.44,748.0,28.6,8.2928
Burkina Faso,Yams,2001,69481,57.46,748.0,28.77,6.9481
Burkina Faso,Yams,2002,83373,39.47,748.0,28.97,8.3373
Burkina Faso,Yams,2004,74208,1.28,748.0,28.9,7.4208
Burkina Faso,Yams,2005,75306,92.21,748.0,29.18,7.5306
Burkina Faso,Yams,2006,85482,109.24,748.0,28.92,8.5482
Burkina Faso,Yams,2007,65200,292.05,748.0,28.96,6.52
Burkina Faso,Yams,2008,71895,190.92,748.0,28.4,7.1895
Burkina Faso,Yams,2009,94186,132.3,748.0,29.05,9.4186
Burkina Faso,Yams,2010,66518,442.89,748.0,29.17,6.6518
Burkina Faso,Yams,2011,74827,843.0,748.0,29.03,7.4827
Burkina Faso,Yams,2012,90785,843.0,748.0,28.67,9.0785
Burkina Faso,Yams,2013,58594,843.0,748.0,29.41,5.8594
Burundi,Cassava,1990,88969,92.08,1274.0,21.15,8.8969
Burundi,Cassava,1991,89785,92.08,1274.0,20.97,8.9785
Burundi,Cassava,1992,92046,92.08,1274.0,21.31,9.2046
Burundi,Cassava,1993,90264,96.99,1274.0,21.17,9.0264
Burundi,Cassava,1994,87884,84.45,1274.0,21.25,8.7884
Burundi,Cassava,1995,86870,144.2,1274.0,21.55,8.687
Burundi,Cassava,1996,85779,207.1,1274.0,21.18,8.5779
Burundi,Cassava,1997,86182,117.56,1274.0,21.51,8.6182
Burundi,Cassava,1998,88820,107.29,1274.0,21.56,8.882
Burundi,Cassava,1999,88212,150.24,1274.0,21.01,8.8212
Burundi,Cassava,2000,89953,109.87,1274.0,21.32,8.9953
Burundi,Cassava,2001,89591,72.56,1274.0,21.24,8.9591
Burundi,Cassava,2002,91456,98.1,1274.0,21.45,9.1456
Burundi,Cassava,2004,79083,508.26,1274.0,21.71,7.9083
Burundi,Cassava,2005,75230,304.83,1274.0,22.29,7.523
Burundi,Cassava,2006,87864,190.51,1274.0,21.83,8.7864
Burundi,Cassava,2007,87275,412.66,1274.0,21.28,8.7275
Burundi,Cassava,2008,64718,456.44,1274.0,21.29,6.4718
Burundi,Cassava,2009,41867,177.75,1274.0,21.42,4.1867
Burundi,Cassava,2010,40629,264.53,1274.0,21.75,4.0629
Burundi,Cassava,2011,39948,75.64,1274.0,21.23,3.9948
Burundi,Cassava,2012,42092,98.59,1274.0,21.44,4.2092
Burundi,Cassava,2013,68749,956.06,1274.0,21.53,6.8749
Burundi,Maize,1990,13540,92.08,1274.0,21.15,1.354
Burundi,Maize,1991,13887,92.08,1274.0,20.97,1.3887
Burundi,Maize,1992,14218,92.08,1274.0,21.31,1.4218
Burundi,Maize,1993,14342,96.99,1274.0,21.17,1.4342
Burundi,Maize,1994,12276,84.45,1274.0,21.25,1.2276
Burundi,Maize,1995,12752,144.2,1274.0,21.55,1.2752
Burundi,Maize,1996,13133,207.1,1274.0,21.18,1.3133
Burundi,Maize,1997,12608,117.56,1274.0,21.51,1.2608
Burundi,Maize,1998,11463,107.29,1274.0,21.56,1.1463
Burundi,Maize,1999,11192,150.24,1274.0,21.01,1.1192
Burundi,Maize,2000,10521,109.87,1274.0,21.32,1.0521
Burundi,Maize,2001,10817,72.56,1274.0,21.24,1.0817
Burundi,Maize,2002,10931,98.1,1274.0,21.45,1.0931
Burundi,Maize,2004,10807,508.26,1274.0,21.71,1.0807
Burundi,Maize,2005,10833,304.83,1274.0,22.29,1.0833
Burundi,Maize,2006,10159,190.51,1274.0,21.83,1.0159
Burundi,Maize,2007,10244,412.66,1274.0,21.28,1.0244
Burundi,Maize,2008,10041,456.44,1274.0,21.29,1.0041
Burundi,Maize,2009,10032,177.75,1274.0,21.42,1.0032
Burundi,Maize,2010,10511,264.53,1274.0,21.75,1.0511
Burundi,Maize,2011,11023,75.64,1274.0,21.23,1.1023
Burundi,Maize,2012,11763,98.59,1274.0,21.44,1.1763
Burundi,Maize,2013,13218,956.06,1274.0,21.53,1.3218
Burundi,Potatoes,1990,34836,92.08,1274.0,21.15,3.4836
Burundi,Potatoes,1991,32454,92.08,1274.0,20.97,3.2454
Burundi,Potatoes,1992,33357,92.08,1274.0,21.31,3.3357
Burundi,Potatoes,1993,28125,96.99,1274.0,21.17,2.8125
Burundi,Potatoes,1994,29453,84.45,1274.0,21.25,2.9453
Burundi,Potatoes,1995,29691,144.2,1274.0,21.55,2.9691
Burundi,Potatoes,1996,28825,207.1,1274.0,21.18,2.8825
Burundi,Potatoes,1997,32397,117.56,1274.0,21.51,3.2397
Burundi,Potatoes,1998,25950,107.29,1274.0,21.56,2.595
Burundi,Potatoes,1999,24393,150.24,1274.0,21.01,2.4393
Burundi,Potatoes,2000,25242,109.87,1274.0,21.32,2.5242
Burundi,Potatoes,2001,25757,72.56,1274.0,21.24,2.5757
Burundi,Potatoes,2002,26760,98.1,1274.0,21.45,2.676
Burundi,Potatoes,2004,28732,508.26,1274.0,21.71,2.8732
Burundi,Potatoes,2005,25483,304.83,1274.0,22.29,2.5483
Burundi,Potatoes,2006,26176,190.51,1274.0,21.83,2.6176
Burundi,Potatoes,2007,34521,412.66,1274.0,21.28,3.4521
Burundi,Potatoes,2008,26273,456.44,1274.0,21.29,2.6273
Burundi,Potatoes,2009,27711,177.75,1274.0,21.42,2.7711
Burundi,Potatoes,2010,42521,264.53,1274.0,21.75,4.2521
Burundi,Potatoes,2011,45493,75.64,1274.0,21.23,4.5493
Burundi,Potatoes,2012,31165,98.59,1274.0,21.44,3.1165
Burundi,Potatoes,2013,62252,956.06,1274.0,21.53,6.2252
Burundi,"Rice, paddy",1990,33333,92.08,1274.0,21.15,3.3333
Burundi,"Rice, paddy",1991,30923,92.08,1274.0,20.97,3.0923
Burundi,"Rice, paddy",1992,31077,92.08,1274.0,21.31,3.1077
Burundi,"Rice, paddy",1993,31398,96.99,1274.0,21.17,3.1398
Burundi,"Rice, paddy",1994,31099,84.45,1274.0,21.25,3.1099
Burundi,"Rice, paddy",1995,26819,144.2,1274.0,21.55,2.6819
Burundi,"Rice, paddy",1996,27873,207.1,1274.0,21.18,2.7873
Burundi,"Rice, paddy",1997,32551,117.56,1274.0,21.51,3.2551
Burundi,"Rice, paddy",1998,29927,107.29,1274.0,21.56,2.9927
Burundi,"Rice, paddy",1999,32572,150.24,1274.0,21.01,3.2572
Burundi,"Rice, paddy",2000,30399,109.87,1274.0,21.32,3.0399
Burundi,"Rice, paddy",2001,32063,72.56,1274.0,21.24,3.2063
Burundi,"Rice, paddy",2002,32629,98.1,1274.0,21.45,3.2629
Burundi,"Rice, paddy",2004,32924,508.26,1274.0,21.71,3.2924
Burundi,"Rice, paddy",2005,34144,304.83,1274.0,22.29,3.4144
Burundi,"Rice, paddy",2006,33322,190.51,1274.0,21.83,3.3322
Burundi,"Rice, paddy",2007,33767,412.66,1274.0,21.28,3.3767
Burundi,"Rice, paddy",2008,32203,456.44,1274.0,21.29,3.2203
Burundi,"Rice, paddy",2009,32680,177.75,1274.0,21.42,3.268
Burundi,"Rice, paddy",2010,28268,264.53,1274.0,21.75,2.8268
Burundi,"Rice, paddy",2011,26876,75.64,1274.0,21.23,2.6876
Burundi,"Rice, paddy",2012,21041,98.59,1274.0,21.44,2.1041
Burundi,"Rice, paddy",2013,19130,956.06,1274.0,21.53,1.913
Burundi,Sorghum,1990,10983,92.08,1274.0,21.15,1.0983
Burundi,Sorghum,1991,11241,92.08,1274.0,20.97,1.1241
Burundi,Sorghum,1992,11517,92.08,1274.0,21.31,1.1517
Burundi,Sorghum,1993,11259,96.99,1274.0,21.17,1.1259
Burundi,Sorghum,1994,9938,84.45,1274.0,21.25,0.9938
Burundi,Sorghum,1995,13168,144.2,1274.0,21.55,1.3168
Burundi,Sorghum,1996,13206,207.1,1274.0,21.18,1.3206
Burundi,Sorghum,1997,12401,117.56,1274.0,21.51,1.2401
Burundi,Sorghum,1998,12487,107.29,1274.0,21.56,1.2487
Burundi,Sorghum,1999,11998,150.24,1274.0,21.01,1.1998
Burundi,Sorghum,2000,12132,109.87,1274.0,21.32,1.2132
Burundi,Sorghum,2001,12559,72.56,1274.0,21.24,1.2559
Burundi,Sorghum,2002,12850,98.1,1274.0,21.45,1.285
Burundi,Sorghum,2004,13486,508.26,1274.0,21.71,1.3486
Burundi,Sorghum,2005,14042,304.83,1274.0,22.29,1.4042
Burundi,Sorghum,2006,12654,190.51,1274.0,21.83,1.2654
Burundi,Sorghum,2007,12964,412.66,1274.0,21.28,1.2964
Burundi,Sorghum,2008,12874,456.44,1274.0,21.29,1.2874
Burundi,Sorghum,2009,12885,177.75,1274.0,21.42,1.2885
Burundi,Sorghum,2010,10701,264.53,1274.0,21.75,1.0701
Burundi,Sorghum,2011,8205,75.64,1274.0,21.23,0.8205
Burundi,Sorghum,2012,5890,98.59,1274.0,21.44,0.589
Burundi,Sorghum,2013,6513,956.06,1274.0,21.53,0.6513
Burundi,Soybeans,1990,10000,92.08,1274.0,21.15,1.0
Burundi,Soybeans,1991,10000,92.08,1274.0,20.97,1.0
Burundi,Soybeans,1992,8943,92.08,1274.0,21.31,0.8943
Burundi,Soybeans,1993,8694,96.99,1274.0,21.17,0.8694
Burundi,Soybeans,1994,8000,84.45,1274.0,21.25,0.8
Burundi,Soybeans,1995,8368,144.2,1274.0,21.55,0.8368
Burundi,Soybeans,1996,8305,207.1,1274.0,21.18,0.8305
Burundi,Soybeans,1997,8282,117.56,1274.0,21.51,0.8282
Burundi,Soybeans,1998,8000,107.29,1274.0,21.56,0.8
Burundi,Soybeans,1999,7778,150.24,1274.0,21.01,0.7778
Burundi,Soybeans,2000,7273,109.87,1274.0,21.32,0.7273
Burundi,Soybeans,2001,7500,72.56,1274.0,21.24,0.75
Burundi,Soybeans,2002,7500,98.1,1274.0,21.45,0.75
Burundi,Soybeans,2004,7500,508.26,1274.0,21.71,0.75
Burundi,Soybeans,2005,7778,304.83,1274.0,22.29,0.7778
Burundi,Soybeans,2006,7895,190.51,1274.0,21.83,0.7895
Burundi,Soybeans,2007,7750,412.66,1274.0,21.28,0.775
Burundi,Soybeans,2008,7683,456.44,1274.0,21.29,0.7683
Burundi,Soybeans,2009,7619,177.75,1274.0,21.42,0.7619
Burundi,Soybeans,2010,7752,264.53,1274.0,21.75,0.7752
Burundi,Soybeans,2011,7764,75.64,1274.0,21.23,0.7764
Burundi,Soybeans,2012,7283,98.59,1274.0,21.44,0.7283
Burundi,Soybeans,2013,9554,956.06,1274.0,21.53,0.9554
Burundi,Sweet potatoes,1990,64427,92.08,1274.0,21.15,6.4427
Burundi,Sweet potatoes,1991,64810,92.08,1274.0,20.97,6.481
Burundi,Sweet potatoes,1992,63418,92.08,1274.0,21.31,6.3418
Burundi,Sweet potatoes,1993,64762,96.99,1274.0,21.17,6.4762
Burundi,Sweet potatoes,1994,60149,84.45,1274.0,21.25,6.0149
Burundi,Sweet potatoes,1995,61230,144.2,1274.0,21.55,6.123
Burundi,Sweet potatoes,1996,62061,207.1,1274.0,21.18,6.2061
Burundi,Sweet potatoes,1997,61879,117.56,1274.0,21.51,6.1879
Burundi,Sweet potatoes,1998,59048,107.29,1274.0,21.56,5.9048
Burundi,Sweet potatoes,1999,65551,150.24,1274.0,21.01,6.5551
Burundi,Sweet potatoes,2000,62489,109.87,1274.0,21.32,6.2489
Burundi,Sweet potatoes,2001,65072,72.56,1274.0,21.24,6.5072
Burundi,Sweet potatoes,2002,67215,98.1,1274.0,21.45,6.7215
Burundi,Sweet potatoes,2004,66752,508.26,1274.0,21.71,6.6752
Burundi,Sweet potatoes,2005,65368,304.83,1274.0,22.29,6.5368
Burundi,Sweet potatoes,2006,66985,190.51,1274.0,21.83,6.6985
Burundi,Sweet potatoes,2007,66692,412.66,1274.0,21.28,6.6692
Burundi,Sweet potatoes,2008,65947,456.44,1274.0,21.29,6.5947
Burundi,Sweet potatoes,2009,67125,177.75,1274.0,21.42,6.7125
Burundi,Sweet potatoes,2010,77508,264.53,1274.0,21.75,7.7508
Burundi,Sweet potatoes,2011,78801,75.64,1274.0,21.23,7.8801
Burundi,Sweet potatoes,2012,65035,98.59,1274.0,21.44,6.5035
Burundi,Sweet potatoes,2013,104528,956.06,1274.0,21.53,10.4528
Burundi,Wheat,1990,7478,92.08,1274.0,21.15,0.7478
Burundi,Wheat,1991,7333,92.08,1274.0,20.97,0.7333
Burundi,Wheat,1992,7120,92.08,1274.0,21.31,0.712
Burundi,Wheat,1993,7748,96.99,1274.0,21.17,0.7748
Burundi,Wheat,1994,8824,84.45,1274.0,21.25,0.8824
Burundi,Wheat,1995,7440,144.2,1274.0,21.55,0.744
Burundi,Wheat,1996,7728,207.1,1274.0,21.18,0.7728
Burundi,Wheat,1997,7742,117.56,1274.0,21.51,0.7742
Burundi,Wheat,1998,8148,107.29,1274.0,21.56,0.8148
Burundi,Wheat,1999,7085,150.24,1274.0,21.01,0.7085
Burundi,Wheat,2000,6774,109.87,1274.0,21.32,0.6774
Burundi,Wheat,2001,8667,72.56,1274.0,21.24,0.8667
Burundi,Wheat,2002,8290,98.1,1274.0,21.45,0.829
Burundi,Wheat,2004,8326,508.26,1274.0,21.71,0.8326
Burundi,Wheat,2005,7387,304.83,1274.0,22.29,0.7387
Burundi,Wheat,2006,8007,190.51,1274.0,21.83,0.8007
Burundi,Wheat,2007,8407,412.66,1274.0,21.28,0.8407
Burundi,Wheat,2008,8431,456.44,1274.0,21.29,0.8431
Burundi,Wheat,2009,8583,177.75,1274.0,21.42,0.8583
Burundi,Wheat,2010,7393,264.53,1274.0,21.75,0.7393
Burundi,Wheat,2011,7129,75.64,1274.0,21.23,0.7129
Burundi,Wheat,2012,4448,98.59,1274.0,21.44,0.4448
Burundi,Wheat,2013,7276,956.06,1274.0,21.53,0.7276
Burundi,Yams,1990,57576,92.08,1274.0,21.15,5.7576
Burundi,Yams,1991,55714,92.08,1274.0,20.97,5.5714
Burundi,Yams,1992,55479,92.08,1274.0,21.31,5.5479
Burundi,Yams,1993,55547,96.99,1274.0,21.17,5.5547
Burundi,Yams,1994,55734,84.45,1274.0,21.25,5.5734
Burundi,Yams,1995,55955,144.2,1274.0,21.55,5.5955
Burundi,Yams,1996,56264,207.1,1274.0,21.18,5.6264
Burundi,Yams,1997,56226,117.56,1274.0,21.51,5.6226
Burundi,Yams,1998,56668,107.29,1274.0,21.56,5.6668
Burundi,Yams,1999,58009,150.24,1274.0,21.01,5.8009
Burundi,Yams,2000,60175,109.87,1274.0,21.32,6.0175
Burundi,Yams,2001,58376,72.56,1274.0,21.24,5.8376
Burundi,Yams,2002,58376,98.1,1274.0,21.45,5.8376
Burundi,Yams,2004,55067,508.26,1274.0,21.71,5.5067
Burundi,Yams,2005,52836,304.83,1274.0,22.29,5.2836
Burundi,Yams,2006,56615,190.51,1274.0,21.83,5.6615
Burundi,Yams,2007,57103,412.66,1274.0,21.28,5.7103
Burundi,Yams,2008,57869,456.44,1274.0,21.29,5.7869
Burundi,Yams,2009,55000,177.75,1274.0,21.42,5.5
Burundi,Yams,2010,64079,264.53,1274.0,21.75,6.4079
Burundi,Yams,2011,68989,75.64,1274.0,21.23,6.8989
Burundi,Yams,2012,90258,98.59,1274.0,21.44,9.0258
Burundi,Yams,2013,79279,956.06,1274.0,21.53,7.9279
Cameroon,Cassava,1990,164386,450.01,1604.0,25.08,16.4386
Cameroon,Cassava,1991,162200,99.09,1604.0,24.99,16.22
Cameroon,Cassava,1992,136333,1137.56,1604.0,24.6,13.6333
Cameroon,Cassava,1993,131840,774.49,1604.0,24.9,13.184
Cameroon,Cassava,1994,127037,411.42,1604.0,24.93,12.7037
Cameroon,Cassava,1995,118667,48.35,1604.0,25.21,11.8667
Cameroon,Cassava,1996,115500,180.08,1604.0,25.0,11.55
Cameroon,Cassava,1997,106556,630.12,1604.0,24.98,10.6556
Cameroon,Cassava,1998,90041,258.02,1604.0,25.66,9.0041
Cameroon,Cassava,1999,136594,653.0,1604.0,24.97,13.6594
Cameroon,Cassava,2000,132992,545.0,1604.0,24.88,13.2992
Cameroon,Cassava,2001,81918,687.0,1604.0,25.01,8.1918
Cameroon,Cassava,2002,76626,815.79,1604.0,25.26,7.6626
Cameroon,Cassava,2004,66145,849.48,1604.0,25.42,6.6145
Cameroon,Cassava,2005,105771,829.59,1604.0,25.36,10.5771
Cameroon,Cassava,2006,107548,950.22,1604.0,25.39,10.7548
Cameroon,Cassava,2007,140000,918.88,1604.0,25.49,14.0
Cameroon,Cassava,2008,140000,882.13,1604.0,25.42,14.0
Cameroon,Cassava,2009,139528,813.77,1604.0,25.54,13.9528
Cameroon,Cassava,2010,140636,1160.63,1604.0,25.7,14.0636
Cameroon,Cassava,2011,145720,1372.47,1604.0,25.25,14.572
Cameroon,Cassava,2012,115388,1372.47,1604.0,25.18,11.5388
Cameroon,Cassava,2013,147894,1372.47,1604.0,25.45,14.7894
Cameroon,Maize,1990,18543,450.01,1604.0,25.08,1.8543
Cameroon,Maize,1991,19800,99.09,1604.0,24.99,1.98
Cameroon,Maize,1992,13974,1137.56,1604.0,24.6,1.3974
Cameroon,Maize,1993,11267,774.49,1604.0,24.9,1.1267
Cameroon,Maize,1994,11644,411.42,1604.0,24.93,1.1644
Cameroon,Maize,1995,15450,48.35,1604.0,25.21,1.545
Cameroon,Maize,1996,18750,180.08,1604.0,25.0,1.875
Cameroon,Maize,1997,20267,630.12,1604.0,24.98,2.0267
Cameroon,Maize,1998,18911,258.02,1604.0,25.66,1.8911
Cameroon,Maize,1999,25907,653.0,1604.0,24.97,2.5907
Cameroon,Maize,2000,24615,545.0,1604.0,24.88,2.4615
Cameroon,Maize,2001,24404,687.0,1604.0,25.01,2.4404
Cameroon,Maize,2002,20679,815.79,1604.0,25.26,2.0679
Cameroon,Maize,2004,19166,849.48,1604.0,25.42,1.9166
Cameroon,Maize,2005,21334,829.59,1604.0,25.36,2.1334
Cameroon,Maize,2006,22224,950.22,1604.0,25.39,2.2224
Cameroon,Maize,2007,20000,918.88,1604.0,25.49,2.0
Cameroon,Maize,2008,20000,882.13,1604.0,25.42,2.0
Cameroon,Maize,2009,19787,813.77,1604.0,25.54,1.9787
Cameroon,Maize,2010,19741,1160.63,1604.0,25.7,1.9741
Cameroon,Maize,2011,20240,1372.47,1604.0,25.25,2.024
Cameroon,Maize,2012,17152,1372.47,1604.0,25.18,1.7152
Cameroon,Maize,2013,19787,1372.47,1604.0,25.45,1.9787
Cameroon,Plantains and others,1990,51150,450.01,1604.0,25.08,5.115
Cameroon,Plantains and others,1991,53222,99.09,1604.0,24.99,5.3222
Cameroon,Plantains and others,1992,54632,1137.56,1604.0,24.6,5.4632
Cameroon,Plantains and others,1993,56000,774.49,1604.0,24.9,5.6
Cameroon,Plantains and others,1994,55053,411.42,1604.0,24.93,5.5053
Cameroon,Plantains and others,1995,54365,48.35,1604.0,25.21,5.4365
Cameroon,Plantains and others,1996,55603,180.08,1604.0,25.0,5.5603
Cameroon,Plantains and others,1997,56426,630.12,1604.0,24.98,5.6426
Cameroon,Plantains and others,1998,67958,258.02,1604.0,25.66,6.7958
Cameroon,Plantains and others,1999,61102,653.0,1604.0,24.97,6.1102
Cameroon,Plantains and others,2000,61323,545.0,1604.0,24.88,6.1323
Cameroon,Plantains and others,2001,62064,687.0,1604.0,25.01,6.2064
Cameroon,Plantains and others,2002,53209,815.79,1604.0,25.26,5.3209
Cameroon,Plantains and others,2004,53312,849.48,1604.0,25.42,5.3312
Cameroon,Plantains and others,2005,79720,829.59,1604.0,25.36,7.972
Cameroon,Plantains and others,2006,79860,950.22,1604.0,25.39,7.986
Cameroon,Plantains and others,2007,120619,918.88,1604.0,25.49,12.0619
Cameroon,Plantains and others,2008,120000,882.13,1604.0,25.42,12.0
Cameroon,Plantains and others,2009,119671,813.77,1604.0,25.54,11.9671
Cameroon,Plantains and others,2010,122250,1160.63,1604.0,25.7,12.225
Cameroon,Plantains and others,2011,110857,1372.47,1604.0,25.25,11.0857
Cameroon,Plantains and others,2012,108526,1372.47,1604.0,25.18,10.8526
Cameroon,Plantains and others,2013,119444,1372.47,1604.0,25.45,11.9444
Cameroon,Potatoes,1990,16142,450.01,1604.0,25.08,1.6142
Cameroon,Potatoes,1991,16875,99.09,1604.0,24.99,1.6875
Cameroon,Potatoes,1992,20500,1137.56,1604.0,24.6,2.05
Cameroon,Potatoes,1993,21111,774.49,1604.0,24.9,2.1111
Cameroon,Potatoes,1994,19811,411.42,1604.0,24.93,1.9811
Cameroon,Potatoes,1995,20588,48.35,1604.0,25.21,2.0588
Cameroon,Potatoes,1996,29064,180.08,1604.0,25.0,2.9064
Cameroon,Potatoes,1997,40329,630.12,1604.0,24.98,4.0329
Cameroon,Potatoes,1998,53198,258.02,1604.0,25.66,5.3198
Cameroon,Potatoes,1999,60031,653.0,1604.0,24.97,6.0031
Cameroon,Potatoes,2000,59044,545.0,1604.0,24.88,5.9044
Cameroon,Potatoes,2001,51674,687.0,1604.0,25.01,5.1674
Cameroon,Potatoes,2002,39452,815.79,1604.0,25.26,3.9452
Cameroon,Potatoes,2004,31159,849.48,1604.0,25.42,3.1159
Cameroon,Potatoes,2005,25900,829.59,1604.0,25.36,2.59
Cameroon,Potatoes,2006,27330,950.22,1604.0,25.39,2.733
Cameroon,Potatoes,2007,26587,918.88,1604.0,25.49,2.6587
Cameroon,Potatoes,2008,26367,882.13,1604.0,25.42,2.6367
Cameroon,Potatoes,2009,28754,813.77,1604.0,25.54,2.8754
Cameroon,Potatoes,2010,44088,1160.63,1604.0,25.7,4.4088
Cameroon,Potatoes,2011,73940,1372.47,1604.0,25.25,7.394
Cameroon,Potatoes,2012,103444,1372.47,1604.0,25.18,10.3444
Cameroon,Potatoes,2013,133560,1372.47,1604.0,25.45,13.356
Cameroon,"Rice, paddy",1990,49999,450.01,1604.0,25.08,4.9999
Cameroon,"Rice, paddy",1991,36400,99.09,1604.0,24.99,3.64
Cameroon,"Rice, paddy",1992,35000,1137.56,1604.0,24.6,3.5
Cameroon,"Rice, paddy",1993,29000,774.49,1604.0,24.9,2.9
Cameroon,"Rice, paddy",1994,31423,411.42,1604.0,24.93,3.1423
Cameroon,"Rice, paddy",1995,31307,48.35,1604.0,25.21,3.1307
Cameroon,"Rice, paddy",1996,31391,180.08,1604.0,25.0,3.1391
Cameroon,"Rice, paddy",1997,33636,630.12,1604.0,24.98,3.3636
Cameroon,"Rice, paddy",1998,35467,258.02,1604.0,25.66,3.5467
Cameroon,"Rice, paddy",1999,33095,653.0,1604.0,24.97,3.3095
Cameroon,"Rice, paddy",2000,30103,545.0,1604.0,24.88,3.0103
Cameroon,"Rice, paddy",2001,30242,687.0,1604.0,25.01,3.0242
Cameroon,"Rice, paddy",2002,11137,815.79,1604.0,25.26,1.1137
Cameroon,"Rice, paddy",2004,12416,849.48,1604.0,25.42,1.2416
Cameroon,"Rice, paddy",2005,12971,829.59,1604.0,25.36,1.2971
Cameroon,"Rice, paddy",2006,12905,950.22,1604.0,25.39,1.2905
Cameroon,"Rice, paddy",2007,10000,918.88,1604.0,25.49,1.0
Cameroon,"Rice, paddy",2008,10000,882.13,1604.0,25.42,1.0
Cameroon,"Rice, paddy",2009,27475,813.77,1604.0,25.54,2.7475
Cameroon,"Rice, paddy",2010,10936,1160.63,1604.0,25.7,1.0936
Cameroon,"Rice, paddy",2011,13464,1372.47,1604.0,25.25,1.3464
Cameroon,"Rice, paddy",2012,14217,1372.47,1604.0,25.18,1.4217
Cameroon,"Rice, paddy",2013,11641,1372.47,1604.0,25.45,1.1641
Cameroon,Sorghum,1990,8489,450.01,1604.0,25.08,0.8489
Cameroon,Sorghum,1991,7692,99.09,1604.0,24.99,0.7692
Cameroon,Sorghum,1992,7600,1137.56,1604.0,24.6,0.76
Cameroon,Sorghum,1993,7647,774.49,1604.0,24.9,0.7647
Cameroon,Sorghum,1994,7292,411.42,1604.0,24.93,0.7292
Cameroon,Sorghum,1995,8679,48.35,1604.0,25.21,0.8679
Cameroon,Sorghum,1996,8910,180.08,1604.0,25.0,0.891
Cameroon,Sorghum,1997,8889,630.12,1604.0,24.98,0.8889
Cameroon,Sorghum,1998,9955,258.02,1604.0,25.66,0.9955
Cameroon,Sorghum,1999,11239,653.0,1604.0,24.97,1.1239
Cameroon,Sorghum,2000,12000,545.0,1604.0,24.88,1.2
Cameroon,Sorghum,2001,12024,687.0,1604.0,25.01,1.2024
Cameroon,Sorghum,2002,14129,815.79,1604.0,25.26,1.4129
Cameroon,Sorghum,2004,12654,849.48,1604.0,25.42,1.2654
Cameroon,Sorghum,2005,13173,829.59,1604.0,25.36,1.3173
Cameroon,Sorghum,2006,12561,950.22,1604.0,25.39,1.2561
Cameroon,Sorghum,2007,14397,918.88,1604.0,25.49,1.4397
Cameroon,Sorghum,2008,14323,882.13,1604.0,25.42,1.4323
Cameroon,Sorghum,2009,14085,813.77,1604.0,25.54,1.4085
Cameroon,Sorghum,2010,14257,1160.63,1604.0,25.7,1.4257
Cameroon,Sorghum,2011,15038,1372.47,1604.0,25.25,1.5038
Cameroon,Sorghum,2012,14883,1372.47,1604.0,25.18,1.4883
Cameroon,Sorghum,2013,15074,1372.47,1604.0,25.45,1.5074
Cameroon,Soybeans,1990,6000,450.01,1604.0,25.08,0.6
Cameroon,Soybeans,1991,6034,99.09,1604.0,24.99,0.6034
Cameroon,Soybeans,1992,6061,1137.56,1604.0,24.6,0.6061
Cameroon,Soybeans,1993,6000,774.49,1604.0,24.9,0.6
Cameroon,Soybeans,1994,6026,411.42,1604.0,24.93,0.6026
Cameroon,Soybeans,1995,6203,48.35,1604.0,25.21,0.6203
Cameroon,Soybeans,1996,6220,180.08,1604.0,25.0,0.622
Cameroon,Soybeans,1997,6235,630.12,1604.0,24.98,0.6235
Cameroon,Soybeans,1998,6250,258.02,1604.0,25.66,0.625
Cameroon,Soybeans,1999,6373,653.0,1604.0,24.97,0.6373
Cameroon,Soybeans,2000,6375,545.0,1604.0,24.88,0.6375
Cameroon,Soybeans,2001,6193,687.0,1604.0,25.01,0.6193
Cameroon,Soybeans,2002,5611,815.79,1604.0,25.26,0.5611
Cameroon,Soybeans,2004,5866,849.48,1604.0,25.42,0.5866
Cameroon,Soybeans,2005,6131,829.59,1604.0,25.36,0.6131
Cameroon,Soybeans,2006,6226,950.22,1604.0,25.39,0.6226
Cameroon,Soybeans,2007,12002,918.88,1604.0,25.49,1.2002
Cameroon,Soybeans,2008,11999,882.13,1604.0,25.42,1.1999
Cameroon,Soybeans,2009,8310,813.77,1604.0,25.54,0.831
Cameroon,Soybeans,2010,8437,1160.63,1604.0,25.7,0.8437
Cameroon,Soybeans,2011,8276,1372.47,1604.0,25.25,0.8276
Cameroon,Soybeans,2012,13980,1372.47,1604.0,25.18,1.398
Cameroon,Soybeans,2013,13228,1372.47,1604.0,25.45,1.3228
Cameroon,Sweet potatoes,1990,78150,450.01,1604.0,25.08,7.815
Cameroon,Sweet potatoes,1991,63103,99.09,1604.0,24.99,6.3103
Cameroon,Sweet potatoes,1992,62643,1137.56,1604.0,24.6,6.2643
Cameroon,Sweet potatoes,1993,62183,774.49,1604.0,24.9,6.2183
Cameroon,Sweet potatoes,1994,61724,411.42,1604.0,24.93,6.1724
Cameroon,Sweet potatoes,1995,61264,48.35,1604.0,25.21,6.1264
Cameroon,Sweet potatoes,1996,60681,180.08,1604.0,25.0,6.0681
Cameroon,Sweet potatoes,1997,65306,630.12,1604.0,24.98,6.5306
Cameroon,Sweet potatoes,1998,74780,258.02,1604.0,25.66,7.478
Cameroon,Sweet potatoes,1999,65895,653.0,1604.0,24.97,6.5895
Cameroon,Sweet potatoes,2000,64578,545.0,1604.0,24.88,6.4578
Cameroon,Sweet potatoes,2001,64856,687.0,1604.0,25.01,6.4856
Cameroon,Sweet potatoes,2002,45554,815.79,1604.0,25.26,4.5554
Cameroon,Sweet potatoes,2004,41558,849.48,1604.0,25.42,4.1558
Cameroon,Sweet potatoes,2005,67586,829.59,1604.0,25.36,6.7586
Cameroon,Sweet potatoes,2006,66603,950.22,1604.0,25.39,6.6603
Cameroon,Sweet potatoes,2007,55032,918.88,1604.0,25.49,5.5032
Cameroon,Sweet potatoes,2008,59989,882.13,1604.0,25.42,5.9989
Cameroon,Sweet potatoes,2009,54288,813.77,1604.0,25.54,5.4288
Cameroon,Sweet potatoes,2010,54179,1160.63,1604.0,25.7,5.4179
Cameroon,Sweet potatoes,2011,49900,1372.47,1604.0,25.25,4.99
Cameroon,Sweet potatoes,2012,60000,1372.47,1604.0,25.18,6.0
Cameroon,Sweet potatoes,2013,54288,1372.47,1604.0,25.45,5.4288
Cameroon,Wheat,1990,15000,450.01,1604.0,25.08,1.5
Cameroon,Wheat,1991,12863,99.09,1604.0,24.99,1.2863
Cameroon,Wheat,1992,12884,1137.56,1604.0,24.6,1.2884
Cameroon,Wheat,1993,12904,774.49,1604.0,24.9,1.2904
Cameroon,Wheat,1994,12937,411.42,1604.0,24.93,1.2937
Cameroon,Wheat,1995,13098,48.35,1604.0,25.21,1.3098
Cameroon,Wheat,1996,13333,180.08,1604.0,25.0,1.3333
Cameroon,Wheat,1997,13264,630.12,1604.0,24.98,1.3264
Cameroon,Wheat,1998,13279,258.02,1604.0,25.66,1.3279
Cameroon,Wheat,1999,13294,653.0,1604.0,24.97,1.3294
Cameroon,Wheat,2000,13309,545.0,1604.0,24.88,1.3309
Cameroon,Wheat,2001,13325,687.0,1604.0,25.01,1.3325
Cameroon,Wheat,2002,13340,815.79,1604.0,25.26,1.334
Cameroon,Wheat,2004,13373,849.48,1604.0,25.42,1.3373
Cameroon,Wheat,2005,13390,829.59,1604.0,25.36,1.339
Cameroon,Wheat,2006,13408,950.22,1604.0,25.39,1.3408
Cameroon,Wheat,2007,13426,918.88,1604.0,25.49,1.3426
Cameroon,Wheat,2008,13444,882.13,1604.0,25.42,1.3444
Cameroon,Wheat,2009,13463,813.77,1604.0,25.54,1.3463
Cameroon,Wheat,2010,13846,1160.63,1604.0,25.7,1.3846
Cameroon,Wheat,2011,13971,1372.47,1604.0,25.25,1.3971
Cameroon,Wheat,2012,12308,1372.47,1604.0,25.18,1.2308
Cameroon,Wheat,2013,12879,1372.47,1604.0,25.45,1.2879
Cameroon,Yams,1990,39310,450.01,1604.0,25.08,3.931
Cameroon,Yams,1991,50000,99.09,1604.0,24.99,5.0
Cameroon,Yams,1992,55238,1137.56,1604.0,24.6,5.5238
Cameroon,Yams,1993,60000,774.49,1604.0,24.9,6.0
Cameroon,Yams,1994,70588,411.42,1604.0,24.93,7.0588
Cameroon,Yams,1995,71625,48.35,1604.0,25.21,7.1625
Cameroon,Yams,1996,75000,180.08,1604.0,25.0,7.5
Cameroon,Yams,1997,78947,630.12,1604.0,24.98,7.8947
Cameroon,Yams,1998,79360,258.02,1604.0,25.66,7.936
Cameroon,Yams,1999,93209,653.0,1604.0,24.97,9.3209
Cameroon,Yams,2000,93662,545.0,1604.0,24.88,9.3662
Cameroon,Yams,2001,94345,687.0,1604.0,25.01,9.4345
Cameroon,Yams,2002,76643,815.79,1604.0,25.26,7.6643
Cameroon,Yams,2004,76752,849.48,1604.0,25.42,7.6752
Cameroon,Yams,2005,97814,829.59,1604.0,25.36,9.7814
Cameroon,Yams,2006,100747,950.22,1604.0,25.39,10.0747
Cameroon,Yams,2007,121002,918.88,1604.0,25.49,12.1002
Cameroon,Yams,2008,121000,882.13,1604.0,25.42,12.1
Cameroon,Yams,2009,121205,813.77,1604.0,25.54,12.1205
Cameroon,Yams,2010,111590,1160.63,1604.0,25.7,11.159
Cameroon,Yams,2011,101354,1372.47,1604.0,25.25,10.1354
Cameroon,Yams,2012,112643,1372.47,1604.0,25.18,11.2643
Cameroon,Yams,2013,103844,1372.47,1604.0,25.45,10.3844
Canada,Maize,1990,68602,29568.0,537.0,7.425,6.8602
Canada,Maize,1991,67098,29477.5,537.0,7.428333333333334,6.7098
Canada,Maize,1992,56927,29387.0,537.0,6.16,5.6927
Canada,Maize,1993,64241,29296.5,537.0,6.105,6.4241
Canada,Maize,1994,73748,29206.0,537.0,6.271666666666666,7.3748
Canada,Maize,1995,72528,32223.4,537.0,6.81,7.2528
Canada,Maize,1996,69141,35240.8,537.0,6.2683333333333335,6.9141
Canada,Maize,1997,68702,38258.2,537.0,6.261666666666667,6.8702
Canada,Maize,1998,80054,41275.6,537.0,8.424999999999999,8.0054
Canada,Maize,1999,79747,44293.0,537.0,7.664999999999999,7.9747
Canada,Maize,2000,62844,39667.0,537.0,6.608333333333333,6.2844
Canada,Maize,2001,66187,38456.0,537.0,7.683333333333334,6.6187
Canada,Maize,2002,70128,34226.0,537.0,7.401666666666666,7.0128
Canada,Maize,2004,82410,36138.0,537.0,6.728333333333334,8.241
Canada,Maize,2005,86035,36363.0,537.0,7.336666666666667,8.6035
Canada,Maize,2006,84737,36572.75,537.0,7.983333333333333,8.4737
Canada,Maize,2007,85108,45140.03,537.0,6.926666666666667,8.5108
Canada,Maize,2008,90623,53707.3,537.0,6.77,9.0623
Canada,Maize,2009,83723,54529.4,537.0,6.593333333333334,8.3723
Canada,Maize,2010,97385,61050.0,537.0,8.008333333333333,9.7385
Canada,Maize,2011,88946,62107.2,537.0,7.471666666666667,8.8946
Canada,Maize,2012,92109,73508.9,537.0,8.323333333333332,9.2109
Canada,Maize,2013,95878,81659.8,537.0,8.758333333333333,9.5878
Canada,Potatoes,1990,250994,29568.0,537.0,7.425,25.0994
Canada,Potatoes,1991,96637,29477.5,537.0,7.428333333333334,9.6637
Canada,Potatoes,1992,118173,29387.0,537.0,6.16,11.8173
Canada,Potatoes,1993,107674,29296.5,537.0,6.105,10.7674
Canada,Potatoes,1994,112448,29206.0,537.0,6.271666666666666,11.2448
Canada,Potatoes,1995,107859,32223.4,537.0,6.81,10.7859
Canada,Potatoes,1996,112323,35240.8,537.0,6.2683333333333335,11.2323
Canada,Potatoes,1997,111195,38258.2,537.0,6.261666666666667,11.1195
Canada,Potatoes,1998,112271,41275.6,537.0,8.424999999999999,11.2271
Canada,Potatoes,1999,110517,44293.0,537.0,7.664999999999999,11.0517
Canada,Potatoes,2000,116314,39667.0,537.0,6.608333333333333,11.6314
Canada,Potatoes,2001,102703,38456.0,537.0,7.683333333333334,10.2703
Canada,Potatoes,2002,111652,34226.0,537.0,7.401666666666666,11.1652
Canada,Potatoes,2004,123630,36138.0,537.0,6.728333333333334,12.363
Canada,Potatoes,2005,115053,36363.0,537.0,7.336666666666667,11.5053
Canada,Potatoes,2006,130482,36572.75,537.0,7.983333333333333,13.0482
Canada,Potatoes,2007,126498,45140.03,537.0,6.926666666666667,12.6498
Canada,Potatoes,2008,126065,53707.3,537.0,6.77,12.6065
Canada,Potatoes,2009,127453,54529.4,537.0,6.593333333333334,12.7453
Canada,Potatoes,2010,128373,61050.0,537.0,8.008333333333333,12.8373
Canada,Potatoes,2011,120376,62107.2,537.0,7.471666666666667,12.0376
Canada,Potatoes,2012,124735,73508.9,537.0,8.323333333333332,12.4735
Canada,Potatoes,2013,132270,81659.8,537.0,8.758333333333333,13.227
Canada,Soybeans,1990,26096,29568.0,537.0,7.425,2.6096
Canada,Soybeans,1991,24415,29477.5,537.0,7.428333333333334,2.4415
Canada,Soybeans,1992,23363,29387.0,537.0,6.16,2.3363
Canada,Soybeans,1993,26005,29296.5,537.0,6.105,2.6005
Canada,Soybeans,1994,27447,29206.0,537.0,6.271666666666666,2.7447
Canada,Soybeans,1995,27882,32223.4,537.0,6.81,2.7882
Canada,Soybeans,1996,25168,35240.8,537.0,6.2683333333333335,2.5168
Canada,Soybeans,1997,25837,38258.2,537.0,6.261666666666667,2.5837
Canada,Soybeans,1998,27922,41275.6,537.0,8.424999999999999,2.7922
Canada,Soybeans,1999,27698,44293.0,537.0,7.664999999999999,2.7698
Canada,Soybeans,2000,25483,39667.0,537.0,6.608333333333333,2.5483
Canada,Soybeans,2001,15298,38456.0,537.0,7.683333333333334,1.5298
Canada,Soybeans,2002,22814,34226.0,537.0,7.401666666666666,2.2814
Canada,Soybeans,2004,25939,36138.0,537.0,6.728333333333334,2.5939
Canada,Soybeans,2005,27082,36363.0,537.0,7.336666666666667,2.7082
Canada,Soybeans,2006,28850,36572.75,537.0,7.983333333333333,2.885
Canada,Soybeans,2007,23010,45140.03,537.0,6.926666666666667,2.301
Canada,Soybeans,2008,27906,53707.3,537.0,6.77,2.7906
Canada,Soybeans,2009,25371,54529.4,537.0,6.593333333333334,2.5371
Canada,Soybeans,2010,29515,61050.0,537.0,8.008333333333333,2.9515
Canada,Soybeans,2011,28738,62107.2,537.0,7.471666666666667,2.8738
Canada,Soybeans,2012,30294,73508.9,537.0,8.323333333333332,3.0294
Canada,Soybeans,2013,28810,81659.8,537.0,8.758333333333333,2.881
Canada,Wheat,1990,22769,29568.0,537.0,7.425,2.2769
Canada,Wheat,1991,22559,29477.5,537.0,7.428333333333334,2.2559
Canada,Wheat,1992,21603,29387.0,537.0,6.16,2.1603
Canada,Wheat,1993,22027,29296.5,537.0,6.105,2.2027
Canada,Wheat,1994,21275,29206.0,537.0,6.271666666666666,2.1275
Canada,Wheat,1995,22467,32223.4,537.0,6.81,2.2467
Canada,Wheat,1996,24304,35240.8,537.0,6.2683333333333335,2.4304
Canada,Wheat,1997,21285,38258.2,537.0,6.261666666666667,2.1285
Canada,Wheat,1998,22550,41275.6,537.0,8.424999999999999,2.255
Canada,Wheat,1999,25971,44293.0,537.0,7.664999999999999,2.5971
Canada,Wheat,2000,24446,39667.0,537.0,6.608333333333333,2.4446
Canada,Wheat,2001,19452,38456.0,537.0,7.683333333333334,1.9452
Canada,Wheat,2002,18324,34226.0,537.0,7.401666666666666,1.8324
Canada,Wheat,2004,26409,36138.0,537.0,6.728333333333334,2.6409
Canada,Wheat,2005,27381,36363.0,537.0,7.336666666666667,2.7381
Canada,Wheat,2006,26096,36572.75,537.0,7.983333333333333,2.6096
Canada,Wheat,2007,23317,45140.03,537.0,6.926666666666667,2.3317
Canada,Wheat,2008,28575,53707.3,537.0,6.77,2.8575
Canada,Wheat,2009,27897,54529.4,537.0,6.593333333333334,2.7897
Canada,Wheat,2010,28085,61050.0,537.0,8.008333333333333,2.8085
Canada,Wheat,2011,29568,62107.2,537.0,7.471666666666667,2.9568
Canada,Wheat,2012,28645,73508.9,537.0,8.323333333333332,2.8645
Canada,Wheat,2013,35943,81659.8,537.0,8.758333333333333,3.5943
Central African Republic,Cassava,1990,28432,0.04,1342.0,25.42,2.8432
Central African Republic,Cassava,1991,33604,0.04,1342.0,25.45,3.3604
Central African Republic,Cassava,1992,34473,0.04,1342.0,24.81,3.4473
Central African Republic,Cassava,1993,34472,0.25,1342.0,25.14,3.4472
Central African Republic,Cassava,1994,30988,2.16,1342.0,25.39,3.0988
Central African Republic,Cassava,1995,28918,22.87,1342.0,25.5,2.8918
Central African Republic,Cassava,1996,29228,22.87,1342.0,25.32,2.9228
Central African Republic,Cassava,1997,30458,22.87,1342.0,25.69,3.0458
Central African Republic,Cassava,1998,30380,22.87,1342.0,25.96,3.038
Central African Republic,Cassava,1999,29421,22.87,1342.0,25.05,2.9421
Central African Republic,Cassava,2000,29839,22.87,1342.0,25.4,2.9839
Central African Republic,Cassava,2001,30383,22.87,1342.0,25.28,3.0383
Central African Republic,Cassava,2002,30614,22.87,1342.0,25.44,3.0614
Central African Republic,Cassava,2004,29768,22.87,1342.0,25.67,2.9768
Central African Republic,Cassava,2005,29771,22.87,1342.0,25.92,2.9771
Central African Republic,Cassava,2006,29789,22.87,1342.0,25.85,2.9789
Central African Republic,Cassava,2007,30000,22.87,1342.0,25.88,3.0
Central African Republic,Cassava,2008,30000,22.87,1342.0,25.76,3.0
Central African Republic,Cassava,2009,30000,22.87,1342.0,26.17,3.0
Central African Republic,Cassava,2010,28175,22.87,1342.0,26.06,2.8175
Central African Republic,Cassava,2011,28132,22.87,1342.0,25.23,2.8132
Central African Republic,Cassava,2012,28132,22.87,1342.0,25.28,2.8132
Central African Republic,Cassava,2013,28375,22.87,1342.0,25.69,2.8375
Central African Republic,Maize,1990,7324,0.04,1342.0,25.42,0.7324
Central African Republic,Maize,1991,8149,0.04,1342.0,25.45,0.8149
Central African Republic,Maize,1992,9038,0.04,1342.0,24.81,0.9038
Central African Republic,Maize,1993,9038,0.25,1342.0,25.14,0.9038
Central African Republic,Maize,1994,8500,2.16,1342.0,25.39,0.85
Central African Republic,Maize,1995,8500,22.87,1342.0,25.5,0.85
Central African Republic,Maize,1996,8500,22.87,1342.0,25.32,0.85
Central African Republic,Maize,1997,9178,22.87,1342.0,25.69,0.9178
Central African Republic,Maize,1998,9799,22.87,1342.0,25.96,0.9799
Central African Republic,Maize,1999,10556,22.87,1342.0,25.05,1.0556
Central African Republic,Maize,2000,10600,22.87,1342.0,25.4,1.06
Central African Republic,Maize,2001,10700,22.87,1342.0,25.28,1.07
Central African Republic,Maize,2002,9826,22.87,1342.0,25.44,0.9826
Central African Republic,Maize,2004,9615,22.87,1342.0,25.67,0.9615
Central African Republic,Maize,2005,9034,22.87,1342.0,25.92,0.9034
Central African Republic,Maize,2006,9010,22.87,1342.0,25.85,0.901
Central African Republic,Maize,2007,8500,22.87,1342.0,25.88,0.85
Central African Republic,Maize,2008,8500,22.87,1342.0,25.76,0.85
Central African Republic,Maize,2009,8500,22.87,1342.0,26.17,0.85
Central African Republic,Maize,2010,16148,22.87,1342.0,26.06,1.6148
Central African Republic,Maize,2011,16804,22.87,1342.0,25.23,1.6804
Central African Republic,Maize,2012,17505,22.87,1342.0,25.28,1.7505
Central African Republic,Maize,2013,12446,22.87,1342.0,25.69,1.2446
Central African Republic,Plantains and others,1990,26154,0.04,1342.0,25.42,2.6154
Central African Republic,Plantains and others,1991,26576,0.04,1342.0,25.45,2.6576
Central African Republic,Plantains and others,1992,26667,0.04,1342.0,24.81,2.6667
Central African Republic,Plantains and others,1993,26987,0.25,1342.0,25.14,2.6987
Central African Republic,Plantains and others,1994,27143,2.16,1342.0,25.39,2.7143
Central African Republic,Plantains and others,1995,27448,22.87,1342.0,25.5,2.7448
Central African Republic,Plantains and others,1996,27693,22.87,1342.0,25.32,2.7693
Central African Republic,Plantains and others,1997,27931,22.87,1342.0,25.69,2.7931
Central African Republic,Plantains and others,1998,28276,22.87,1342.0,25.96,2.8276
Central African Republic,Plantains and others,1999,28381,22.87,1342.0,25.05,2.8381
Central African Republic,Plantains and others,2000,28575,22.87,1342.0,25.4,2.8575
Central African Republic,Plantains and others,2001,28770,22.87,1342.0,25.28,2.877
Central African Republic,Plantains and others,2002,29286,22.87,1342.0,25.44,2.9286
Central African Republic,Plantains and others,2004,29096,22.87,1342.0,25.67,2.9096
Central African Republic,Plantains and others,2005,28929,22.87,1342.0,25.92,2.8929
Central African Republic,Plantains and others,2006,28962,22.87,1342.0,25.85,2.8962
Central African Republic,Plantains and others,2007,29078,22.87,1342.0,25.88,2.9078
Central African Republic,Plantains and others,2008,29052,22.87,1342.0,25.76,2.9052
Central African Republic,Plantains and others,2009,29310,22.87,1342.0,26.17,2.931
Central African Republic,Plantains and others,2010,29333,22.87,1342.0,26.06,2.9333
Central African Republic,Plantains and others,2011,28475,22.87,1342.0,25.23,2.8475
Central African Republic,Plantains and others,2012,28333,22.87,1342.0,25.28,2.8333
Central African Republic,Plantains and others,2013,28626,22.87,1342.0,25.69,2.8626
Central African Republic,Potatoes,1990,24509,0.04,1342.0,25.42,2.4509
Central African Republic,Potatoes,1991,25714,0.04,1342.0,25.45,2.5714
Central African Republic,Potatoes,1992,25813,0.04,1342.0,24.81,2.5813
Central African Republic,Potatoes,1993,25833,0.25,1342.0,25.14,2.5833
Central African Republic,Potatoes,1994,25785,2.16,1342.0,25.39,2.5785
Central African Republic,Potatoes,1995,25725,22.87,1342.0,25.5,2.5725
Central African Republic,Potatoes,1996,25676,22.87,1342.0,25.32,2.5676
Central African Republic,Potatoes,1997,25549,22.87,1342.0,25.69,2.5549
Central African Republic,Potatoes,1998,25526,22.87,1342.0,25.96,2.5526
Central African Republic,Potatoes,1999,25434,22.87,1342.0,25.05,2.5434
Central African Republic,Potatoes,2000,25641,22.87,1342.0,25.4,2.5641
Central African Republic,Potatoes,2001,24792,22.87,1342.0,25.28,2.4792
Central African Republic,Potatoes,2002,24109,22.87,1342.0,25.44,2.4109
Central African Republic,Potatoes,2004,20308,22.87,1342.0,25.67,2.0308
Central African Republic,Potatoes,2005,18862,22.87,1342.0,25.92,1.8862
Central African Republic,Potatoes,2006,15360,22.87,1342.0,25.85,1.536
Central African Republic,Potatoes,2007,14295,22.87,1342.0,25.88,1.4295
Central African Republic,Potatoes,2008,13425,22.87,1342.0,25.76,1.3425
Central African Republic,Potatoes,2009,12657,22.87,1342.0,26.17,1.2657
Central African Republic,Potatoes,2010,11650,22.87,1342.0,26.06,1.165
Central African Republic,Potatoes,2011,11574,22.87,1342.0,25.23,1.1574
Central African Republic,Potatoes,2012,11818,22.87,1342.0,25.28,1.1818
Central African Republic,Potatoes,2013,11818,22.87,1342.0,25.69,1.1818
Central African Republic,"Rice, paddy",1990,16729,0.04,1342.0,25.42,1.6729
Central African Republic,"Rice, paddy",1991,13375,0.04,1342.0,25.45,1.3375
Central African Republic,"Rice, paddy",1992,14516,0.04,1342.0,24.81,1.4516
Central African Republic,"Rice, paddy",1993,14514,0.25,1342.0,25.14,1.4514
Central African Republic,"Rice, paddy",1994,13201,2.16,1342.0,25.39,1.3201
Central African Republic,"Rice, paddy",1995,15214,22.87,1342.0,25.5,1.5214
Central African Republic,"Rice, paddy",1996,13200,22.87,1342.0,25.32,1.32
Central African Republic,"Rice, paddy",1997,14167,22.87,1342.0,25.69,1.4167
Central African Republic,"Rice, paddy",1998,14231,22.87,1342.0,25.96,1.4231
Central African Republic,"Rice, paddy",1999,15000,22.87,1342.0,25.05,1.5
Central African Republic,"Rice, paddy",2000,14903,22.87,1342.0,25.4,1.4903
Central African Republic,"Rice, paddy",2001,14882,22.87,1342.0,25.28,1.4882
Central African Republic,"Rice, paddy",2002,14891,22.87,1342.0,25.44,1.4891
Central African Republic,"Rice, paddy",2004,19938,22.87,1342.0,25.67,1.9938
Central African Republic,"Rice, paddy",2005,20087,22.87,1342.0,25.92,2.0087
Central African Republic,"Rice, paddy",2006,16000,22.87,1342.0,25.85,1.6
Central African Republic,"Rice, paddy",2007,15000,22.87,1342.0,25.88,1.5
Central African Republic,"Rice, paddy",2008,15000,22.87,1342.0,25.76,1.5
Central African Republic,"Rice, paddy",2009,15000,22.87,1342.0,26.17,1.5
Central African Republic,"Rice, paddy",2010,23353,22.87,1342.0,26.06,2.3353
Central African Republic,"Rice, paddy",2011,16000,22.87,1342.0,25.23,1.6
Central African Republic,"Rice, paddy",2012,30000,22.87,1342.0,25.28,3.0
Central African Republic,"Rice, paddy",2013,18665,22.87,1342.0,25.69,1.8665
Central African Republic,Sorghum,1990,7772,0.04,1342.0,25.42,0.7772
Central African Republic,Sorghum,1991,10088,0.04,1342.0,25.45,1.0088
Central African Republic,Sorghum,1992,12618,0.04,1342.0,24.81,1.2618
Central African Republic,Sorghum,1993,11576,0.25,1342.0,25.14,1.1576
Central African Republic,Sorghum,1994,8020,2.16,1342.0,25.39,0.802
Central African Republic,Sorghum,1995,7343,22.87,1342.0,25.5,0.7343
Central African Republic,Sorghum,1996,7835,22.87,1342.0,25.32,0.7835
Central African Republic,Sorghum,1997,8424,22.87,1342.0,25.69,0.8424
Central African Republic,Sorghum,1998,8452,22.87,1342.0,25.96,0.8452
Central African Republic,Sorghum,1999,7660,22.87,1342.0,25.05,0.766
Central African Republic,Sorghum,2000,6967,22.87,1342.0,25.4,0.6967
Central African Republic,Sorghum,2001,8048,22.87,1342.0,25.28,0.8048
Central African Republic,Sorghum,2002,10322,22.87,1342.0,25.44,1.0322
Central African Republic,Sorghum,2004,8288,22.87,1342.0,25.67,0.8288
Central African Republic,Sorghum,2005,8998,22.87,1342.0,25.92,0.8998
Central African Republic,Sorghum,2006,9517,22.87,1342.0,25.85,0.9517
Central African Republic,Sorghum,2007,10000,22.87,1342.0,25.88,1.0
Central African Republic,Sorghum,2008,10000,22.87,1342.0,25.76,1.0
Central African Republic,Sorghum,2009,10000,22.87,1342.0,26.17,1.0
Central African Republic,Sorghum,2010,9269,22.87,1342.0,26.06,0.9269
Central African Republic,Sorghum,2011,11707,22.87,1342.0,25.23,1.1707
Central African Republic,Sorghum,2012,11707,22.87,1342.0,25.28,1.1707
Central African Republic,Sorghum,2013,10529,22.87,1342.0,25.69,1.0529
Central African Republic,Yams,1990,65714,0.04,1342.0,25.42,6.5714
Central African Republic,Yams,1991,66582,0.04,1342.0,25.45,6.6582
Central African Republic,Yams,1992,68421,0.04,1342.0,24.81,6.8421
Central African Republic,Yams,1993,67058,0.25,1342.0,25.14,6.7058
Central African Republic,Yams,1994,66667,2.16,1342.0,25.39,6.6667
Central African Republic,Yams,1995,66667,22.87,1342.0,25.5,6.6667
Central African Republic,Yams,1996,66038,22.87,1342.0,25.32,6.6038
Central African Republic,Yams,1997,66667,22.87,1342.0,25.69,6.6667
Central African Republic,Yams,1998,67151,22.87,1342.0,25.96,6.7151
Central African Republic,Yams,1999,67925,22.87,1342.0,25.05,6.7925
Central African Republic,Yams,2000,67857,22.87,1342.0,25.4,6.7857
Central African Republic,Yams,2001,67585,22.87,1342.0,25.28,6.7585
Central African Republic,Yams,2002,67308,22.87,1342.0,25.44,6.7308
Central African Republic,Yams,2004,67308,22.87,1342.0,25.67,6.7308
Central African Republic,Yams,2005,68693,22.87,1342.0,25.92,6.8693
Central African Republic,Yams,2006,68519,22.87,1342.0,25.85,6.8519
Central African Republic,Yams,2007,71650,22.87,1342.0,25.88,7.165
Central African Republic,Yams,2008,73831,22.87,1342.0,25.76,7.3831
Central African Republic,Yams,2009,75844,22.87,1342.0,26.17,7.5844
Central African Republic,Yams,2010,79091,22.87,1342.0,26.06,7.9091
Central African Republic,Yams,2011,78326,22.87,1342.0,25.23,7.8326
Central African Republic,Yams,2012,79310,22.87,1342.0,25.28,7.931
Central African Republic,Yams,2013,78333,22.87,1342.0,25.69,7.8333
Chile,Maize,1990,81395,15373.0,1522.0,9.495000000000001,8.1395
Chile,Maize,1991,83916,15373.0,1522.0,9.685,8.3916
Chile,Maize,1992,84884,15373.0,1522.0,9.45,8.4884
Chile,Maize,1993,84890,15373.0,1522.0,9.71,8.489
Chile,Maize,1994,89381,15373.0,1522.0,10.06,8.9381
Chile,Maize,1995,91000,15373.0,1522.0,9.71,9.1
Chile,Maize,1996,94453,15373.0,1522.0,9.71,9.4453
Chile,Maize,1997,82417,15373.0,1522.0,10.23,8.2417
Chile,Maize,1998,94006,15373.0,1522.0,9.735,9.4006
Chile,Maize,1999,85153,15373.0,1522.0,9.585,8.5153
Chile,Maize,2000,94120,14264.54,1522.0,9.47,9.412
Chile,Maize,2001,94306,13156.09,1522.0,9.785,9.4306
Chile,Maize,2002,105902,12047.63,1522.0,9.6,10.5902
Chile,Maize,2004,110678,9830.72,1522.0,9.879999999999999,11.0678
Chile,Maize,2005,112285,9830.72,1522.0,9.64,11.2285
Chile,Maize,2006,111840,9830.72,1522.0,10.015,11.184
Chile,Maize,2007,89302,9830.72,1522.0,8.91,8.9302
Chile,Maize,2008,101411,9830.72,1522.0,10.129999999999999,10.1411
Chile,Maize,2009,104956,9830.72,1522.0,9.87,10.4956
Chile,Maize,2010,110808,9830.72,1522.0,9.41,11.0808
Chile,Maize,2011,119978,9830.72,1522.0,9.76,11.9978
Chile,Maize,2012,107224,9830.72,1522.0,10.15,10.7224
Chile,Maize,2013,106321,9830.72,1522.0,9.505,10.6321
Chile,Potatoes,1990,150300,15373.0,1522.0,9.495000000000001,15.03
Chile,Potatoes,1991,142245,15373.0,1522.0,9.685,14.2245
Chile,Potatoes,1992,164033,15373.0,1522.0,9.45,16.4033
Chile,Potatoes,1993,145947,15373.0,1522.0,9.71,14.5947
Chile,Potatoes,1994,153807,15373.0,1522.0,10.06,15.3807
Chile,Potatoes,1995,152200,15373.0,1522.0,9.71,15.22
Chile,Potatoes,1996,138900,15373.0,1522.0,9.71,13.89
Chile,Potatoes,1997,164412,15373.0,1522.0,10.23,16.4412
Chile,Potatoes,1998,140485,15373.0,1522.0,9.735,14.0485
Chile,Potatoes,1999,164507,15373.0,1522.0,9.585,16.4507
Chile,Potatoes,2000,164821,14264.54,1522.0,9.47,16.4821
Chile,Potatoes,2001,191735,13156.09,1522.0,9.785,19.1735
Chile,Potatoes,2002,212397,12047.63,1522.0,9.6,21.2397
Chile,Potatoes,2004,192104,9830.72,1522.0,9.879999999999999,19.2104
Chile,Potatoes,2005,200600,9830.72,1522.0,9.64,20.06
Chile,Potatoes,2006,220155,9830.72,1522.0,10.015,22.0155
Chile,Potatoes,2007,152389,9830.72,1522.0,8.91,15.2389
Chile,Potatoes,2008,172591,9830.72,1522.0,10.129999999999999,17.2591
Chile,Potatoes,2009,205101,9830.72,1522.0,9.87,20.5101
Chile,Potatoes,2010,212986,9830.72,1522.0,9.41,21.2986
Chile,Potatoes,2011,312460,9830.72,1522.0,9.76,31.246
Chile,Potatoes,2012,263269,9830.72,1522.0,10.15,26.3269
Chile,Potatoes,2013,233767,9830.72,1522.0,9.505,23.3767
Chile,"Rice, paddy",1990,41734,15373.0,1522.0,9.495000000000001,4.1734
Chile,"Rice, paddy",1991,39366,15373.0,1522.0,9.685,3.9366
Chile,"Rice, paddy",1992,42044,15373.0,1522.0,9.45,4.2044
Chile,"Rice, paddy",1993,44921,15373.0,1522.0,9.71,4.4921
Chile,"Rice, paddy",1994,43834,15373.0,1522.0,10.06,4.3834
Chile,"Rice, paddy",1995,43000,15373.0,1522.0,9.71,4.3
Chile,"Rice, paddy",1996,47704,15373.0,1522.0,9.71,4.7704
Chile,"Rice, paddy",1997,36336,15373.0,1522.0,10.23,3.6336
Chile,"Rice, paddy",1998,39089,15373.0,1522.0,9.735,3.9089
Chile,"Rice, paddy",1999,41508,15373.0,1522.0,9.585,4.1508
Chile,"Rice, paddy",2000,52414,14264.54,1522.0,9.47,5.2414
Chile,"Rice, paddy",2001,50179,13156.09,1522.0,9.785,5.0179
Chile,"Rice, paddy",2002,50724,12047.63,1522.0,9.6,5.0724
Chile,"Rice, paddy",2004,47898,9830.72,1522.0,9.879999999999999,4.7898
Chile,"Rice, paddy",2005,46677,9830.72,1522.0,9.64,4.6677
Chile,"Rice, paddy",2006,57296,9830.72,1522.0,10.015,5.7296
Chile,"Rice, paddy",2007,50663,9830.72,1522.0,8.91,5.0663
Chile,"Rice, paddy",2008,57920,9830.72,1522.0,10.129999999999999,5.792
Chile,"Rice, paddy",2009,53763,9830.72,1522.0,9.87,5.3763
Chile,"Rice, paddy",2010,38599,9830.72,1522.0,9.41,3.8599
Chile,"Rice, paddy",2011,51899,9830.72,1522.0,9.76,5.1899
Chile,"Rice, paddy",2012,62435,9830.72,1522.0,10.15,6.2435
Chile,"Rice, paddy",2013,62051,9830.72,1522.0,9.505,6.2051
Chile,Sweet potatoes,1990,74784,15373.0,1522.0,9.495000000000001,7.4784
Chile,Sweet potatoes,1991,58268,15373.0,1522.0,9.685,5.8268
Chile,Sweet potatoes,1992,59400,15373.0,1522.0,9.45,5.94
Chile,Sweet potatoes,1993,60532,15373.0,1522.0,9.71,6.0532
Chile,Sweet potatoes,1994,61664,15373.0,1522.0,10.06,6.1664
Chile,Sweet potatoes,1995,62796,15373.0,1522.0,9.71,6.2796
Chile,Sweet potatoes,1996,63928,15373.0,1522.0,9.71,6.3928
Chile,Sweet potatoes,1997,65060,15373.0,1522.0,10.23,6.506
Chile,Sweet potatoes,1998,65968,15373.0,1522.0,9.735,6.5968
Chile,Sweet potatoes,1999,68514,15373.0,1522.0,9.585,6.8514
Chile,Sweet potatoes,2000,70002,14264.54,1522.0,9.47,7.0002
Chile,Sweet potatoes,2001,69997,13156.09,1522.0,9.785,6.9997
Chile,Sweet potatoes,2002,70000,12047.63,1522.0,9.6,7.0
Chile,Sweet potatoes,2004,72917,9830.72,1522.0,9.879999999999999,7.2917
Chile,Sweet potatoes,2005,73171,9830.72,1522.0,9.64,7.3171
Chile,Sweet potatoes,2006,74400,9830.72,1522.0,10.015,7.44
Chile,Sweet potatoes,2007,73077,9830.72,1522.0,8.91,7.3077
Chile,Sweet potatoes,2008,78022,9830.72,1522.0,10.129999999999999,7.8022
Chile,Sweet potatoes,2009,86799,9830.72,1522.0,9.87,8.6799
Chile,Sweet potatoes,2010,92862,9830.72,1522.0,9.41,9.2862
Chile,Sweet potatoes,2011,99022,9830.72,1522.0,9.76,9.9022
Chile,Sweet potatoes,2012,107692,9830.72,1522.0,10.15,10.7692
Chile,Sweet potatoes,2013,107692,9830.72,1522.0,9.505,10.7692
Chile,Wheat,1990,29481,15373.0,1522.0,9.495000000000001,2.9481
Chile,Wheat,1991,34057,15373.0,1522.0,9.685,3.4057
Chile,Wheat,1992,33787,15373.0,1522.0,9.45,3.3787
Chile,Wheat,1993,33500,15373.0,1522.0,9.71,3.35
Chile,Wheat,1994,35157,15373.0,1522.0,10.06,3.5157
Chile,Wheat,1995,35500,15373.0,1522.0,9.71,3.55
Chile,Wheat,1996,33278,15373.0,1522.0,9.71,3.3278
Chile,Wheat,1997,40174,15373.0,1522.0,10.23,4.0174
Chile,Wheat,1998,43846,15373.0,1522.0,9.735,4.3846
Chile,Wheat,1999,35342,15373.0,1522.0,9.585,3.5342
Chile,Wheat,2000,38120,14264.54,1522.0,9.47,3.812
Chile,Wheat,2001,42999,13156.09,1522.0,9.785,4.2999
Chile,Wheat,2002,42722,12047.63,1522.0,9.6,4.2722
Chile,Wheat,2004,45710,9830.72,1522.0,9.879999999999999,4.571
Chile,Wheat,2005,44130,9830.72,1522.0,9.64,4.413
Chile,Wheat,2006,44601,9830.72,1522.0,10.015,4.4601
Chile,Wheat,2007,47859,9830.72,1522.0,8.91,4.7859
Chile,Wheat,2008,45748,9830.72,1522.0,10.129999999999999,4.5748
Chile,Wheat,2009,40809,9830.72,1522.0,9.87,4.0809
Chile,Wheat,2010,57658,9830.72,1522.0,9.41,5.7658
Chile,Wheat,2011,58060,9830.72,1522.0,9.76,5.806
Chile,Wheat,2012,49468,9830.72,1522.0,10.15,4.9468
Chile,Wheat,2013,58143,9830.72,1522.0,9.505,5.8143
Colombia,Cassava,1990,93532,18058.29,3240.0,24.81,9.3532
Colombia,Cassava,1991,94555,16817.0,3240.0,24.915,9.4555
Colombia,Cassava,1992,91084,15305.94,3240.0,25.025,9.1084
Colombia,Cassava,1993,101888,14961.81,3240.0,24.855,10.1888
Colombia,Cassava,1994,94651,17051.34,3240.0,24.75,9.4651
Colombia,Cassava,1995,98583,20156.23,3240.0,24.785,9.8583
Colombia,Cassava,1996,101765,18131.0,3240.0,24.595,10.1765
Colombia,Cassava,1997,92083,16005.0,3240.0,25.22,9.2083
Colombia,Cassava,1998,90321,60687.0,3240.0,25.37,9.0321
Colombia,Cassava,1999,97882,66088.0,3240.0,24.299999999999997,9.7882
Colombia,Cassava,2000,99939,75843.0,3240.0,24.495,9.9939
Colombia,Cassava,2001,104108,85515.3,3240.0,24.89,10.4108
Colombia,Cassava,2002,103100,84023.26,3240.0,25.25,10.31
Colombia,Cassava,2004,108559,105514.19,3240.0,24.965,10.8559
Colombia,Cassava,2005,106912,117881.45,3240.0,25.125,10.6912
Colombia,Cassava,2006,103639,98328.63,3240.0,25.055,10.3639
Colombia,Cassava,2007,108337,82439.06,3240.0,24.965,10.8337
Colombia,Cassava,2008,109215,48538.97,3240.0,24.615000000000002,10.9215
Colombia,Cassava,2009,106899,51435.13,3240.0,25.275,10.6899
Colombia,Cassava,2010,106094,48618.46,3240.0,25.11,10.6094
Colombia,Cassava,2011,107039,53797.0,3240.0,24.755,10.7039
Colombia,Cassava,2012,96365,48727.73,3240.0,25.07,9.6365
Colombia,Cassava,2013,99633,54563.38,3240.0,25.225,9.9633
Colombia,Maize,1990,14498,18058.29,3240.0,24.81,1.4498
Colombia,Maize,1991,15498,16817.0,3240.0,24.915,1.5498
Colombia,Maize,1992,15175,15305.94,3240.0,25.025,1.5175
Colombia,Maize,1993,15465,14961.81,3240.0,24.855,1.5465
Colombia,Maize,1994,15671,17051.34,3240.0,24.75,1.5671
Colombia,Maize,1995,15537,20156.23,3240.0,24.785,1.5537
Colombia,Maize,1996,16293,18131.0,3240.0,24.595,1.6293
Colombia,Maize,1997,17054,16005.0,3240.0,25.22,1.7054
Colombia,Maize,1998,16598,60687.0,3240.0,25.37,1.6598
Colombia,Maize,1999,17961,66088.0,3240.0,24.299999999999997,1.7961
Colombia,Maize,2000,21064,75843.0,3240.0,24.495,2.1064
Colombia,Maize,2001,20755,85515.3,3240.0,24.89,2.0755
Colombia,Maize,2002,22773,84023.26,3240.0,25.25,2.2773
Colombia,Maize,2004,26357,105514.19,3240.0,24.965,2.6357
Colombia,Maize,2005,27537,117881.45,3240.0,25.125,2.7537
Colombia,Maize,2006,25368,98328.63,3240.0,25.055,2.5368
Colombia,Maize,2007,27661,82439.06,3240.0,24.965,2.7661
Colombia,Maize,2008,27712,48538.97,3240.0,24.615000000000002,2.7712
Colombia,Maize,2009,26845,51435.13,3240.0,25.275,2.6845
Colombia,Maize,2010,27227,48618.46,3240.0,25.11,2.7227
Colombia,Maize,2011,28591,53797.0,3240.0,24.755,2.8591
Colombia,Maize,2012,29052,48727.73,3240.0,25.07,2.9052
Colombia,Maize,2013,28246,54563.38,3240.0,25.225,2.8246
Colombia,Plantains and others,1990,71514,18058.29,3240.0,24.81,7.1514
Colombia,Plantains and others,1991,72329,16817.0,3240.0,24.915,7.2329
Colombia,Plantains and others,1992,71621,15305.94,3240.0,25.025,7.1621
Colombia,Plantains and others,1993,67685,14961.81,3240.0,24.855,6.7685
Colombia,Plantains and others,1994,64794,17051.34,3240.0,24.75,6.4794
Colombia,Plantains and others,1995,73766,20156.23,3240.0,24.785,7.3766
Colombia,Plantains and others,1996,69346,18131.0,3240.0,24.595,6.9346
Colombia,Plantains and others,1997,70972,16005.0,3240.0,25.22,7.0972
Colombia,Plantains and others,1998,67354,60687.0,3240.0,25.37,6.7354
Colombia,Plantains and others,1999,69037,66088.0,3240.0,24.299999999999997,6.9037
Colombia,Plantains and others,2000,72291,75843.0,3240.0,24.495,7.2291
Colombia,Plantains and others,2001,77307,85515.3,3240.0,24.89,7.7307
Colombia,Plantains and others,2002,78479,84023.26,3240.0,25.25,7.8479
Colombia,Plantains and others,2004,78520,105514.19,3240.0,24.965,7.852
Colombia,Plantains and others,2005,78868,117881.45,3240.0,25.125,7.8868
Colombia,Plantains and others,2006,81953,98328.63,3240.0,25.055,8.1953
Colombia,Plantains and others,2007,81560,82439.06,3240.0,24.965,8.156
Colombia,Plantains and others,2008,81611,48538.97,3240.0,24.615000000000002,8.1611
Colombia,Plantains and others,2009,78714,51435.13,3240.0,25.275,7.8714
Colombia,Plantains and others,2010,80771,48618.46,3240.0,25.11,8.0771
Colombia,Plantains and others,2011,79624,53797.0,3240.0,24.755,7.9624
Colombia,Plantains and others,2012,80883,48727.73,3240.0,25.07,8.0883
Colombia,Plantains and others,2013,84230,54563.38,3240.0,25.225,8.423
Colombia,Potatoes,1990,152736,18058.29,3240.0,24.81,15.2736
Colombia,Potatoes,1991,156654,16817.0,3240.0,24.915,15.6654
Colombia,Potatoes,1992,155655,15305.94,3240.0,25.025,15.5655
Colombia,Potatoes,1993,154545,14961.81,3240.0,24.855,15.4545
Colombia,Potatoes,1994,159364,17051.34,3240.0,24.75,15.9364
Colombia,Potatoes,1995,161991,20156.23,3240.0,24.785,16.1991
Colombia,Potatoes,1996,161255,18131.0,3240.0,24.595,16.1255
Colombia,Potatoes,1997,162924,16005.0,3240.0,25.22,16.2924
Colombia,Potatoes,1998,154602,60687.0,3240.0,25.37,15.4602
Colombia,Potatoes,1999,161620,66088.0,3240.0,24.299999999999997,16.162
Colombia,Potatoes,2000,128180,75843.0,3240.0,24.495,12.818
Colombia,Potatoes,2001,143742,85515.3,3240.0,24.89,14.3742
Colombia,Potatoes,2002,156377,84023.26,3240.0,25.25,15.6377
Colombia,Potatoes,2004,158199,105514.19,3240.0,24.965,15.8199
Colombia,Potatoes,2005,151954,117881.45,3240.0,25.125,15.1954
Colombia,Potatoes,2006,159033,98328.63,3240.0,25.055,15.9033
Colombia,Potatoes,2007,166986,82439.06,3240.0,24.965,16.6986
Colombia,Potatoes,2008,176013,48538.97,3240.0,24.615000000000002,17.6013
Colombia,Potatoes,2009,183793,51435.13,3240.0,25.275,18.3793
Colombia,Potatoes,2010,172462,48618.46,3240.0,25.11,17.2462
Colombia,Potatoes,2011,173390,53797.0,3240.0,24.755,17.339
Colombia,Potatoes,2012,181661,48727.73,3240.0,25.07,18.1661
Colombia,Potatoes,2013,185619,54563.38,3240.0,25.225,18.5619
Colombia,"Rice, paddy",1990,40618,18058.29,3240.0,24.81,4.0618
Colombia,"Rice, paddy",1991,39959,16817.0,3240.0,24.915,3.9959
Colombia,"Rice, paddy",1992,40960,15305.94,3240.0,25.025,4.096
Colombia,"Rice, paddy",1993,41202,14961.81,3240.0,24.855,4.1202
Colombia,"Rice, paddy",1994,40590,17051.34,3240.0,24.75,4.059
Colombia,"Rice, paddy",1995,42840,20156.23,3240.0,24.785,4.284
Colombia,"Rice, paddy",1996,40794,18131.0,3240.0,24.595,4.0794
Colombia,"Rice, paddy",1997,46445,16005.0,3240.0,25.22,4.6445
Colombia,"Rice, paddy",1998,47116,60687.0,3240.0,25.37,4.7116
Colombia,"Rice, paddy",1999,48009,66088.0,3240.0,24.299999999999997,4.8009
Colombia,"Rice, paddy",2000,47324,75843.0,3240.0,24.495,4.7324
Colombia,"Rice, paddy",2001,45472,85515.3,3240.0,24.89,4.5472
Colombia,"Rice, paddy",2002,48001,84023.26,3240.0,25.25,4.8001
Colombia,"Rice, paddy",2004,48038,105514.19,3240.0,24.965,4.8038
Colombia,"Rice, paddy",2005,48388,117881.45,3240.0,25.125,4.8388
Colombia,"Rice, paddy",2006,45717,98328.63,3240.0,25.055,4.5717
Colombia,"Rice, paddy",2007,49020,82439.06,3240.0,24.965,4.902
Colombia,"Rice, paddy",2008,48887,48538.97,3240.0,24.615000000000002,4.8887
Colombia,"Rice, paddy",2009,46956,51435.13,3240.0,25.275,4.6956
Colombia,"Rice, paddy",2010,41223,48618.46,3240.0,25.11,4.1223
Colombia,"Rice, paddy",2011,39589,53797.0,3240.0,24.755,3.9589
Colombia,"Rice, paddy",2012,48066,48727.73,3240.0,25.07,4.8066
Colombia,"Rice, paddy",2013,38371,54563.38,3240.0,25.225,3.8371
Colombia,Sorghum,1990,28476,18058.29,3240.0,24.81,2.8476
Colombia,Sorghum,1991,28784,16817.0,3240.0,24.915,2.8784
Colombia,Sorghum,1992,30684,15305.94,3240.0,25.025,3.0684
Colombia,Sorghum,1993,31389,14961.81,3240.0,24.855,3.1389
Colombia,Sorghum,1994,29611,17051.34,3240.0,24.75,2.9611
Colombia,Sorghum,1995,30640,20156.23,3240.0,24.785,3.064
Colombia,Sorghum,1996,32993,18131.0,3240.0,24.595,3.2993
Colombia,Sorghum,1997,32129,16005.0,3240.0,25.22,3.2129
Colombia,Sorghum,1998,30228,60687.0,3240.0,25.37,3.0228
Colombia,Sorghum,1999,32948,66088.0,3240.0,24.299999999999997,3.2948
Colombia,Sorghum,2000,29211,75843.0,3240.0,24.495,2.9211
Colombia,Sorghum,2001,28509,85515.3,3240.0,24.89,2.8509
Colombia,Sorghum,2002,35000,84023.26,3240.0,25.25,3.5
Colombia,Sorghum,2004,36000,105514.19,3240.0,24.965,3.6
Colombia,Sorghum,2005,37000,117881.45,3240.0,25.125,3.7
Colombia,Sorghum,2006,37000,98328.63,3240.0,25.055,3.7
Colombia,Sorghum,2007,37000,82439.06,3240.0,24.965,3.7
Colombia,Sorghum,2008,37100,48538.97,3240.0,24.615000000000002,3.71
Colombia,Sorghum,2009,37000,51435.13,3240.0,25.275,3.7
Colombia,Sorghum,2010,57069,48618.46,3240.0,25.11,5.7069
Colombia,Sorghum,2011,38975,53797.0,3240.0,24.755,3.8975
Colombia,Sorghum,2012,38191,48727.73,3240.0,25.07,3.8191
Colombia,Sorghum,2013,32034,54563.38,3240.0,25.225,3.2034
Colombia,Soybeans,1990,19986,18058.29,3240.0,24.81,1.9986
Colombia,Soybeans,1991,19244,16817.0,3240.0,24.915,1.9244
Colombia,Soybeans,1992,19451,15305.94,3240.0,25.025,1.9451
Colombia,Soybeans,1993,21363,14961.81,3240.0,24.855,2.1363
Colombia,Soybeans,1994,19323,17051.34,3240.0,24.75,1.9323
Colombia,Soybeans,1995,21075,20156.23,3240.0,24.785,2.1075
Colombia,Soybeans,1996,21395,18131.0,3240.0,24.595,2.1395
Colombia,Soybeans,1997,20780,16005.0,3240.0,25.22,2.078
Colombia,Soybeans,1998,21197,60687.0,3240.0,25.37,2.1197
Colombia,Soybeans,1999,20361,66088.0,3240.0,24.299999999999997,2.0361
Colombia,Soybeans,2000,22493,75843.0,3240.0,24.495,2.2493
Colombia,Soybeans,2001,26594,85515.3,3240.0,24.89,2.6594
Colombia,Soybeans,2002,23600,84023.26,3240.0,25.25,2.36
Colombia,Soybeans,2004,16169,105514.19,3240.0,24.965,1.6169
Colombia,Soybeans,2005,20000,117881.45,3240.0,25.125,2.0
Colombia,Soybeans,2006,20000,98328.63,3240.0,25.055,2.0
Colombia,Soybeans,2007,20000,82439.06,3240.0,24.965,2.0
Colombia,Soybeans,2008,21574,48538.97,3240.0,24.615000000000002,2.1574
Colombia,Soybeans,2009,22000,51435.13,3240.0,25.275,2.2
Colombia,Soybeans,2010,17152,48618.46,3240.0,25.11,1.7152
Colombia,Soybeans,2011,21766,53797.0,3240.0,24.755,2.1766
Colombia,Soybeans,2012,26639,48727.73,3240.0,25.07,2.6639
Colombia,Soybeans,2013,27250,54563.38,3240.0,25.225,2.725
Colombia,Wheat,1990,18483,18058.29,3240.0,24.81,1.8483
Colombia,Wheat,1991,19852,16817.0,3240.0,24.915,1.9852
Colombia,Wheat,1992,17490,15305.94,3240.0,25.025,1.749
Colombia,Wheat,1993,18773,14961.81,3240.0,24.855,1.8773
Colombia,Wheat,1994,20547,17051.34,3240.0,24.75,2.0547
Colombia,Wheat,1995,21193,20156.23,3240.0,24.785,2.1193
Colombia,Wheat,1996,21824,18131.0,3240.0,24.595,2.1824
Colombia,Wheat,1997,21243,16005.0,3240.0,25.22,2.1243
Colombia,Wheat,1998,20497,60687.0,3240.0,25.37,2.0497
Colombia,Wheat,1999,21537,66088.0,3240.0,24.299999999999997,2.1537
Colombia,Wheat,2000,15992,75843.0,3240.0,24.495,1.5992
Colombia,Wheat,2001,15106,85515.3,3240.0,24.89,1.5106
Colombia,Wheat,2002,17353,84023.26,3240.0,25.25,1.7353
Colombia,Wheat,2004,18879,105514.19,3240.0,24.965,1.8879
Colombia,Wheat,2005,23371,117881.45,3240.0,25.125,2.3371
Colombia,Wheat,2006,15490,98328.63,3240.0,25.055,1.549
Colombia,Wheat,2007,18709,82439.06,3240.0,24.965,1.8709
Colombia,Wheat,2008,18151,48538.97,3240.0,24.615000000000002,1.8151
Colombia,Wheat,2009,16946,51435.13,3240.0,25.275,1.6946
Colombia,Wheat,2010,17697,48618.46,3240.0,25.11,1.7697
Colombia,Wheat,2011,15964,53797.0,3240.0,24.755,1.5964
Colombia,Wheat,2012,15196,48727.73,3240.0,25.07,1.5196
Colombia,Wheat,2013,16938,54563.38,3240.0,25.225,1.6938
Colombia,Yams,1990,62287,18058.29,3240.0,24.81,6.2287
Colombia,Yams,1991,80884,16817.0,3240.0,24.915,8.0884
Colombia,Yams,1992,114594,15305.94,3240.0,25.025,11.4594
Colombia,Yams,1993,127935,14961.81,3240.0,24.855,12.7935
Colombia,Yams,1994,105860,17051.34,3240.0,24.75,10.586
Colombia,Yams,1995,116198,20156.23,3240.0,24.785,11.6198
Colombia,Yams,1996,109892,18131.0,3240.0,24.595,10.9892
Colombia,Yams,1997,103399,16005.0,3240.0,25.22,10.3399
Colombia,Yams,1998,107832,60687.0,3240.0,25.37,10.7832
Colombia,Yams,1999,102843,66088.0,3240.0,24.299999999999997,10.2843
Colombia,Yams,2000,110616,75843.0,3240.0,24.495,11.0616
Colombia,Yams,2001,117102,85515.3,3240.0,24.89,11.7102
Colombia,Yams,2002,113682,84023.26,3240.0,25.25,11.3682
Colombia,Yams,2004,117050,105514.19,3240.0,24.965,11.705
Colombia,Yams,2005,117678,117881.45,3240.0,25.125,11.7678
Colombia,Yams,2006,105600,98328.63,3240.0,25.055,10.56
Colombia,Yams,2007,104038,82439.06,3240.0,24.965,10.4038
Colombia,Yams,2008,104870,48538.97,3240.0,24.615000000000002,10.487
Colombia,Yams,2009,106037,51435.13,3240.0,25.275,10.6037
Colombia,Yams,2010,108871,48618.46,3240.0,25.11,10.8871
Colombia,Yams,2011,111246,53797.0,3240.0,24.755,11.1246
Colombia,Yams,2012,109759,48727.73,3240.0,25.07,10.9759
Colombia,Yams,2013,109992,54563.38,3240.0,25.225,10.9992
Croatia,Maize,1992,41535,2304.0,1113.0,10.78,4.1535
Croatia,Maize,1993,44822,2675.33,1113.0,10.19,4.4822
Croatia,Maize,1994,45529,3046.67,1113.0,11.33,4.5529
Croatia,Maize,1995,49027,3418.0,1113.0,10.14,4.9027
Croatia,Maize,1996,52192,3148.0,1113.0,9.24,5.2192
Croatia,Maize,1997,58802,3026.25,1113.0,10.18,5.8802
Croatia,Maize,1998,52474,2904.5,1113.0,10.42,5.2474
Croatia,Maize,1999,55584,2782.75,1113.0,10.51,5.5584
Croatia,Maize,2000,40701,2661.0,1113.0,11.45,4.0701
Croatia,Maize,2001,56659,2539.25,1113.0,10.74,5.6659
Croatia,Maize,2002,63767,2417.5,1113.0,11.18,6.3767
Croatia,Maize,2004,63054,2174.0,1113.0,10.06,6.3054
Croatia,Maize,2005,69182,2053.0,1113.0,9.62,6.9182
Croatia,Maize,2006,65312,2150.0,1113.0,10.56,6.5312
Croatia,Maize,2007,49371,2015.0,1113.0,11.31,4.9371
Croatia,Maize,2008,79759,2388.0,1113.0,11.09,7.9759
Croatia,Maize,2009,73508,2070.0,1113.0,11.06,7.3508
Croatia,Maize,2010,69678,1540.0,1113.0,10.0,6.9678
Croatia,Maize,2011,56817,1638.74,1113.0,11.02,5.6817
Croatia,Maize,2012,43374,1737.47,1113.0,11.12,4.3374
Croatia,Maize,2013,65000,1836.21,1113.0,11.58,6.5
Croatia,Potatoes,1992,79015,2304.0,1113.0,10.78,7.9015
Croatia,Potatoes,1993,78435,2675.33,1113.0,10.19,7.8435
Croatia,Potatoes,1994,84888,3046.67,1113.0,11.33,8.4888
Croatia,Potatoes,1995,104158,3418.0,1113.0,10.14,10.4158
Croatia,Potatoes,1996,101625,3148.0,1113.0,9.24,10.1625
Croatia,Potatoes,1997,98123,3026.25,1113.0,10.18,9.8123
Croatia,Potatoes,1998,102378,2904.5,1113.0,10.42,10.2378
Croatia,Potatoes,1999,109779,2782.75,1113.0,10.51,10.9779
Croatia,Potatoes,2000,84883,2661.0,1113.0,11.45,8.4883
Croatia,Potatoes,2001,102106,2539.25,1113.0,10.74,10.2106
Croatia,Potatoes,2002,113892,2417.5,1113.0,11.18,11.3892
Croatia,Potatoes,2004,153997,2174.0,1113.0,10.06,15.3997
Croatia,Potatoes,2005,144638,2053.0,1113.0,9.62,14.4638
Croatia,Potatoes,2006,163810,2150.0,1113.0,10.56,16.381
Croatia,Potatoes,2007,170730,2015.0,1113.0,11.31,17.073
Croatia,Potatoes,2008,170369,2388.0,1113.0,11.09,17.0369
Croatia,Potatoes,2009,193036,2070.0,1113.0,11.06,19.3036
Croatia,Potatoes,2010,163115,1540.0,1113.0,10.0,16.3115
Croatia,Potatoes,2011,153960,1638.74,1113.0,11.02,15.396
Croatia,Potatoes,2012,147848,1737.47,1113.0,11.12,14.7848
Croatia,Potatoes,2013,158785,1836.21,1113.0,11.58,15.8785
Croatia,Sorghum,1992,45214,2304.0,1113.0,10.78,4.5214
Croatia,Sorghum,1993,39320,2675.33,1113.0,10.19,3.932
Croatia,Sorghum,1994,43162,3046.67,1113.0,11.33,4.3162
Croatia,Sorghum,1995,40301,3418.0,1113.0,10.14,4.0301
Croatia,Sorghum,1996,41101,3148.0,1113.0,9.24,4.1101
Croatia,Sorghum,1997,41797,3026.25,1113.0,10.18,4.1797
Croatia,Sorghum,1998,44046,2904.5,1113.0,10.42,4.4046
Croatia,Sorghum,1999,43581,2782.75,1113.0,10.51,4.3581
Croatia,Sorghum,2000,43025,2661.0,1113.0,11.45,4.3025
Croatia,Sorghum,2001,41138,2539.25,1113.0,10.74,4.1138
Croatia,Sorghum,2002,40854,2417.5,1113.0,11.18,4.0854
Croatia,Sorghum,2004,37125,2174.0,1113.0,10.06,3.7125
Croatia,Sorghum,2005,30000,2053.0,1113.0,9.62,3.0
Croatia,Sorghum,2006,26667,2150.0,1113.0,10.56,2.6667
Croatia,Sorghum,2007,30000,2015.0,1113.0,11.31,3.0
Croatia,Sorghum,2008,35023,2388.0,1113.0,11.09,3.5023
Croatia,Sorghum,2009,24835,2070.0,1113.0,11.06,2.4835
Croatia,Sorghum,2010,25641,1540.0,1113.0,10.0,2.5641
Croatia,Sorghum,2011,32000,1638.74,1113.0,11.02,3.2
Croatia,Sorghum,2012,35729,1737.47,1113.0,11.12,3.5729
Croatia,Sorghum,2013,50203,1836.21,1113.0,11.58,5.0203
Croatia,Soybeans,1992,17593,2304.0,1113.0,10.78,1.7593
Croatia,Soybeans,1993,23084,2675.33,1113.0,10.19,2.3084
Croatia,Soybeans,1994,21594,3046.67,1113.0,11.33,2.1594
Croatia,Soybeans,1995,22852,3418.0,1113.0,10.14,2.2852
Croatia,Soybeans,1996,21857,3148.0,1113.0,9.24,2.1857
Croatia,Soybeans,1997,24622,3026.25,1113.0,10.18,2.4622
Croatia,Soybeans,1998,22772,2904.5,1113.0,10.42,2.2772
Croatia,Soybeans,1999,25003,2782.75,1113.0,10.51,2.5003
Croatia,Soybeans,2000,13752,2661.0,1113.0,11.45,1.3752
Croatia,Soybeans,2001,22066,2539.25,1113.0,10.74,2.2066
Croatia,Soybeans,2002,27031,2417.5,1113.0,11.18,2.7031
Croatia,Soybeans,2004,21545,2174.0,1113.0,10.06,2.1545
Croatia,Soybeans,2005,24808,2053.0,1113.0,9.62,2.4808
Croatia,Soybeans,2006,27737,2150.0,1113.0,10.56,2.7737
Croatia,Soybeans,2007,19489,2015.0,1113.0,11.31,1.9489
Croatia,Soybeans,2008,30053,2388.0,1113.0,11.09,3.0053
Croatia,Soybeans,2009,26000,2070.0,1113.0,11.06,2.6
Croatia,Soybeans,2010,27203,1540.0,1113.0,10.0,2.7203
Croatia,Soybeans,2011,25005,1638.74,1113.0,11.02,2.5005
Croatia,Soybeans,2012,17875,1737.47,1113.0,11.12,1.7875
Croatia,Soybeans,2013,23606,1836.21,1113.0,11.58,2.3606
Croatia,Wheat,1992,38967,2304.0,1113.0,10.78,3.8967
Croatia,Wheat,1993,41867,2675.33,1113.0,10.19,4.1867
Croatia,Wheat,1994,37823,3046.67,1113.0,11.33,3.7823
Croatia,Wheat,1995,38605,3418.0,1113.0,10.14,3.8605
Croatia,Wheat,1996,36905,3148.0,1113.0,9.24,3.6905
Croatia,Wheat,1997,40000,3026.25,1113.0,10.18,4.0
Croatia,Wheat,1998,42214,2904.5,1113.0,10.42,4.2214
Croatia,Wheat,1999,32976,2782.75,1113.0,10.51,3.2976
Croatia,Wheat,2000,47455,2661.0,1113.0,11.45,4.7455
Croatia,Wheat,2001,44047,2539.25,1113.0,10.74,4.4047
Croatia,Wheat,2002,45919,2417.5,1113.0,11.18,4.5919
Croatia,Wheat,2004,49278,2174.0,1113.0,10.06,4.9278
Croatia,Wheat,2005,41144,2053.0,1113.0,9.62,4.1144
Croatia,Wheat,2006,45833,2150.0,1113.0,10.56,4.5833
Croatia,Wheat,2007,46408,2015.0,1113.0,11.31,4.6408
Croatia,Wheat,2008,54833,2388.0,1113.0,11.09,5.4833
Croatia,Wheat,2009,51896,2070.0,1113.0,11.06,5.1896
Croatia,Wheat,2010,40415,1540.0,1113.0,10.0,4.0415
Croatia,Wheat,2011,52237,1638.74,1113.0,11.02,5.2237
Croatia,Wheat,2012,53473,1737.47,1113.0,11.12,5.3473
Croatia,Wheat,2013,48846,1836.21,1113.0,11.58,4.8846
Denmark,Maize,2010,48105,3894.0,703.0,7.54,4.8105
Denmark,Maize,2011,52170,4249.48,703.0,9.31,5.217
Denmark,Maize,2012,58217,5716.0,703.0,8.7,5.8217
Denmark,Maize,2013,59141,4118.0,703.0,8.81,5.9141
Denmark,Potatoes,1990,374583,5650.0,703.0,9.83,37.4583
Denmark,Potatoes,1991,336135,4628.0,703.0,8.62,33.6135
Denmark,Potatoes,1992,330083,4566.0,703.0,9.47,33.0083
Denmark,Potatoes,1993,386777,4103.0,703.0,8.16,38.6777
Denmark,Potatoes,1994,348378,3922.0,703.0,9.15,34.8378
Denmark,Potatoes,1995,339644,5043.0,703.0,8.75,33.9644
Denmark,Potatoes,1996,367500,3672.0,703.0,7.31,36.75
Denmark,Potatoes,1997,396154,3679.0,703.0,8.91,39.6154
Denmark,Potatoes,1998,404433,3623.0,703.0,8.65,40.4433
Denmark,Potatoes,1999,395507,2867.0,703.0,9.37,39.5507
Denmark,Potatoes,2000,424863,3174.0,703.0,9.67,42.4863
Denmark,Potatoes,2001,403828,3311.0,703.0,8.78,40.3828
Denmark,Potatoes,2002,399066,2868.0,703.0,9.54,39.9066
Denmark,Potatoes,2004,397415,2899.0,703.0,9.0,39.7415
Denmark,Potatoes,2005,394100,3246.0,703.0,9.11,39.41
Denmark,Potatoes,2006,352642,3212.0,703.0,9.74,35.2642
Denmark,Potatoes,2007,385647,3336.0,703.0,9.87,38.5647
Denmark,Potatoes,2008,416339,4145.0,703.0,9.82,41.6339
Denmark,Potatoes,2009,415861,2836.0,703.0,9.22,41.5861
Denmark,Potatoes,2010,352675,3894.0,703.0,7.54,35.2675
Denmark,Potatoes,2011,389423,4249.48,703.0,9.31,38.9423
Denmark,Potatoes,2012,421316,5716.0,703.0,8.7,42.1316
Denmark,Potatoes,2013,415732,4118.0,703.0,8.81,41.5732
Denmark,Wheat,1990,74180,5650.0,703.0,9.83,7.418
Denmark,Wheat,1991,70749,4628.0,703.0,8.62,7.0749
Denmark,Wheat,1992,61510,4566.0,703.0,9.47,6.151
Denmark,Wheat,1993,69791,4103.0,703.0,8.16,6.9791
Denmark,Wheat,1994,64948,3922.0,703.0,9.15,6.4948
Denmark,Wheat,1995,75633,5043.0,703.0,8.75,7.5633
Denmark,Wheat,1996,69864,3672.0,703.0,7.31,6.9864
Denmark,Wheat,1997,72057,3679.0,703.0,8.91,7.2057
Denmark,Wheat,1998,72476,3623.0,703.0,8.65,7.2476
Denmark,Wheat,1999,70074,2867.0,703.0,9.37,7.0074
Denmark,Wheat,2000,74797,3174.0,703.0,9.67,7.4797
Denmark,Wheat,2001,73559,3311.0,703.0,8.78,7.3559
Denmark,Wheat,2002,70345,2868.0,703.0,9.54,7.0345
Denmark,Wheat,2004,71406,2899.0,703.0,9.0,7.1406
Denmark,Wheat,2005,72328,3246.0,703.0,9.11,7.2328
Denmark,Wheat,2006,69964,3212.0,703.0,9.74,6.9964
Denmark,Wheat,2007,65610,3336.0,703.0,9.87,6.561
Denmark,Wheat,2008,78638,4145.0,703.0,9.82,7.8638
Denmark,Wheat,2009,80373,2836.0,703.0,9.22,8.0373
Denmark,Wheat,2010,66264,3894.0,703.0,7.54,6.6264
Denmark,Wheat,2011,64672,4249.48,703.0,9.31,6.4672
Denmark,Wheat,2012,73687,5716.0,703.0,8.7,7.3687
Denmark,Wheat,2013,72992,4118.0,703.0,8.81,7.2992
Dominican Republic,Cassava,1990,64479,4971.0,1410.0,26.64,6.4479
Dominican Republic,Cassava,1991,77740,4971.0,1410.0,26.5,7.774
Dominican Republic,Cassava,1992,54098,4971.0,1410.0,26.424999999999997,5.4098
Dominican Republic,Cassava,1993,60006,4971.0,1410.0,26.395,6.0006
Dominican Republic,Cassava,1994,60160,4971.0,1410.0,26.71,6.016
Dominican Republic,Cassava,1995,62154,3449.0,1410.0,26.8,6.2154
Dominican Republic,Cassava,1996,60748,3493.0,1410.0,26.299999999999997,6.0748
Dominican Republic,Cassava,1997,59409,3846.0,1410.0,27.095,5.9409
Dominican Republic,Cassava,1998,62593,4375.0,1410.0,27.15,6.2593
Dominican Republic,Cassava,1999,64588,5398.0,1410.0,26.64,6.4588
Dominican Republic,Cassava,2000,65367,5082.0,1410.0,26.36,6.5367
Dominican Republic,Cassava,2001,69763,7182.0,1410.0,26.79,6.9763
Dominican Republic,Cassava,2002,69924,4018.07,1410.0,27.064999999999998,6.9924
Dominican Republic,Cassava,2004,65505,3713.96,1410.0,26.77,6.5505
Dominican Republic,Cassava,2005,66559,3515.56,1410.0,26.965,6.6559
Dominican Republic,Cassava,2006,72182,4116.45,1410.0,27.045,7.2182
Dominican Republic,Cassava,2007,75588,5689.8,1410.0,27.1,7.5588
Dominican Republic,Cassava,2008,75141,5409.43,1410.0,26.66,7.5141
Dominican Republic,Cassava,2009,77183,5975.25,1410.0,26.895,7.7183
Dominican Republic,Cassava,2010,84606,6316.61,1410.0,26.97,8.4606
Dominican Republic,Cassava,2011,78686,6316.61,1410.0,26.725,7.8686
Dominican Republic,Cassava,2012,75083,6316.61,1410.0,26.855,7.5083
Dominican Republic,Cassava,2013,74585,6316.61,1410.0,26.695,7.4585
Dominican Republic,Maize,1990,16479,4971.0,1410.0,26.64,1.6479
Dominican Republic,Maize,1991,16223,4971.0,1410.0,26.5,1.6223
Dominican Republic,Maize,1992,13760,4971.0,1410.0,26.424999999999997,1.376
Dominican Republic,Maize,1993,14105,4971.0,1410.0,26.395,1.4105
Dominican Republic,Maize,1994,10268,4971.0,1410.0,26.71,1.0268
Dominican Republic,Maize,1995,14034,3449.0,1410.0,26.8,1.4034
Dominican Republic,Maize,1996,13584,3493.0,1410.0,26.299999999999997,1.3584
Dominican Republic,Maize,1997,11770,3846.0,1410.0,27.095,1.177
Dominican Republic,Maize,1998,13001,4375.0,1410.0,27.15,1.3001
Dominican Republic,Maize,1999,12633,5398.0,1410.0,26.64,1.2633
Dominican Republic,Maize,2000,12343,5082.0,1410.0,26.36,1.2343
Dominican Republic,Maize,2001,13390,7182.0,1410.0,26.79,1.339
Dominican Republic,Maize,2002,12960,4018.07,1410.0,27.064999999999998,1.296
Dominican Republic,Maize,2004,14924,3713.96,1410.0,26.77,1.4924
Dominican Republic,Maize,2005,14206,3515.56,1410.0,26.965,1.4206
Dominican Republic,Maize,2006,13900,4116.45,1410.0,27.045,1.39
Dominican Republic,Maize,2007,13350,5689.8,1410.0,27.1,1.335
Dominican Republic,Maize,2008,14532,5409.43,1410.0,26.66,1.4532
Dominican Republic,Maize,2009,14645,5975.25,1410.0,26.895,1.4645
Dominican Republic,Maize,2010,16818,6316.61,1410.0,26.97,1.6818
Dominican Republic,Maize,2011,16229,6316.61,1410.0,26.725,1.6229
Dominican Republic,Maize,2012,15675,6316.61,1410.0,26.855,1.5675
Dominican Republic,Maize,2013,15764,6316.61,1410.0,26.695,1.5764
Dominican Republic,Plantains and others,1990,98884,4971.0,1410.0,26.64,9.8884
Dominican Republic,Plantains and others,1991,108065,4971.0,1410.0,26.5,10.8065
Dominican Republic,Plantains and others,1992,79229,4971.0,1410.0,26.424999999999997,7.9229
Dominican Republic,Plantains and others,1993,105020,4971.0,1410.0,26.395,10.502
Dominican Republic,Plantains and others,1994,71308,4971.0,1410.0,26.71,7.1308
Dominican Republic,Plantains and others,1995,89385,3449.0,1410.0,26.8,8.9385
Dominican Republic,Plantains and others,1996,81850,3493.0,1410.0,26.299999999999997,8.185
Dominican Republic,Plantains and others,1997,72082,3846.0,1410.0,27.095,7.2082
Dominican Republic,Plantains and others,1998,79861,4375.0,1410.0,27.15,7.9861
Dominican Republic,Plantains and others,1999,97323,5398.0,1410.0,26.64,9.7323
Dominican Republic,Plantains and others,2000,94268,5082.0,1410.0,26.36,9.4268
Dominican Republic,Plantains and others,2001,84717,7182.0,1410.0,26.79,8.4717
Dominican Republic,Plantains and others,2002,78695,4018.07,1410.0,27.064999999999998,7.8695
Dominican Republic,Plantains and others,2004,85924,3713.96,1410.0,26.77,8.5924
Dominican Republic,Plantains and others,2005,104137,3515.56,1410.0,26.965,10.4137
Dominican Republic,Plantains and others,2006,121998,4116.45,1410.0,27.045,12.1998
Dominican Republic,Plantains and others,2007,107774,5689.8,1410.0,27.1,10.7774
Dominican Republic,Plantains and others,2008,94967,5409.43,1410.0,26.66,9.4967
Dominican Republic,Plantains and others,2009,123255,5975.25,1410.0,26.895,12.3255
Dominican Republic,Plantains and others,2010,109770,6316.61,1410.0,26.97,10.977
Dominican Republic,Plantains and others,2011,173430,6316.61,1410.0,26.725,17.343
Dominican Republic,Plantains and others,2012,183778,6316.61,1410.0,26.855,18.3778
Dominican Republic,Plantains and others,2013,199939,6316.61,1410.0,26.695,19.9939
Dominican Republic,Potatoes,1990,118759,4971.0,1410.0,26.64,11.8759
Dominican Republic,Potatoes,1991,123819,4971.0,1410.0,26.5,12.3819
Dominican Republic,Potatoes,1992,86284,4971.0,1410.0,26.424999999999997,8.6284
Dominican Republic,Potatoes,1993,98385,4971.0,1410.0,26.395,9.8385
Dominican Republic,Potatoes,1994,121589,4971.0,1410.0,26.71,12.1589
Dominican Republic,Potatoes,1995,103563,3449.0,1410.0,26.8,10.3563
Dominican Republic,Potatoes,1996,98893,3493.0,1410.0,26.299999999999997,9.8893
Dominican Republic,Potatoes,1997,92123,3846.0,1410.0,27.095,9.2123
Dominican Republic,Potatoes,1998,91000,4375.0,1410.0,27.15,9.1
Dominican Republic,Potatoes,1999,110524,5398.0,1410.0,26.64,11.0524
Dominican Republic,Potatoes,2000,142405,5082.0,1410.0,26.36,14.2405
Dominican Republic,Potatoes,2001,183821,7182.0,1410.0,26.79,18.3821
Dominican Republic,Potatoes,2002,166370,4018.07,1410.0,27.064999999999998,16.637
Dominican Republic,Potatoes,2004,179600,3713.96,1410.0,26.77,17.96
Dominican Republic,Potatoes,2005,220766,3515.56,1410.0,26.965,22.0766
Dominican Republic,Potatoes,2006,222125,4116.45,1410.0,27.045,22.2125
Dominican Republic,Potatoes,2007,216325,5689.8,1410.0,27.1,21.6325
Dominican Republic,Potatoes,2008,205454,5409.43,1410.0,26.66,20.5454
Dominican Republic,Potatoes,2009,219707,5975.25,1410.0,26.895,21.9707
Dominican Republic,Potatoes,2010,237316,6316.61,1410.0,26.97,23.7316
Dominican Republic,Potatoes,2011,236186,6316.61,1410.0,26.725,23.6186
Dominican Republic,Potatoes,2012,242634,6316.61,1410.0,26.855,24.2634
Dominican Republic,Potatoes,2013,256603,6316.61,1410.0,26.695,25.6603
Dominican Republic,"Rice, paddy",1990,47851,4971.0,1410.0,26.64,4.7851
Dominican Republic,"Rice, paddy",1991,48092,4971.0,1410.0,26.5,4.8092
Dominican Republic,"Rice, paddy",1992,89767,4971.0,1410.0,26.424999999999997,8.9767
Dominican Republic,"Rice, paddy",1993,50096,4971.0,1410.0,26.395,5.0096
Dominican Republic,"Rice, paddy",1994,46589,4971.0,1410.0,26.71,4.6589
Dominican Republic,"Rice, paddy",1995,47722,3449.0,1410.0,26.8,4.7722
Dominican Republic,"Rice, paddy",1996,46016,3493.0,1410.0,26.299999999999997,4.6016
Dominican Republic,"Rice, paddy",1997,48213,3846.0,1410.0,27.095,4.8213
Dominican Republic,"Rice, paddy",1998,42709,4375.0,1410.0,27.15,4.2709
Dominican Republic,"Rice, paddy",1999,45422,5398.0,1410.0,26.64,4.5422
Dominican Republic,"Rice, paddy",2000,46372,5082.0,1410.0,26.36,4.6372
Dominican Republic,"Rice, paddy",2001,48950,7182.0,1410.0,26.79,4.895
Dominican Republic,"Rice, paddy",2002,48593,4018.07,1410.0,27.064999999999998,4.8593
Dominican Republic,"Rice, paddy",2004,43044,3713.96,1410.0,26.77,4.3044
Dominican Republic,"Rice, paddy",2005,42047,3515.56,1410.0,26.965,4.2047
Dominican Republic,"Rice, paddy",2006,46865,4116.45,1410.0,27.045,4.6865
Dominican Republic,"Rice, paddy",2007,48112,5689.8,1410.0,27.1,4.8112
Dominican Republic,"Rice, paddy",2008,48268,5409.43,1410.0,26.66,4.8268
Dominican Republic,"Rice, paddy",2009,42862,5975.25,1410.0,26.895,4.2862
Dominican Republic,"Rice, paddy",2010,47651,6316.61,1410.0,26.97,4.7651
Dominican Republic,"Rice, paddy",2011,50057,6316.61,1410.0,26.725,5.0057
Dominican Republic,"Rice, paddy",2012,41266,6316.61,1410.0,26.855,4.1266
Dominican Republic,"Rice, paddy",2013,45123,6316.61,1410.0,26.695,4.5123
Dominican Republic,Sorghum,1990,24008,4971.0,1410.0,26.64,2.4008
Dominican Republic,Sorghum,1991,19295,4971.0,1410.0,26.5,1.9295
Dominican Republic,Sorghum,1992,25700,4971.0,1410.0,26.424999999999997,2.57
Dominican Republic,Sorghum,1993,21713,4971.0,1410.0,26.395,2.1713
Dominican Republic,Sorghum,1994,20233,4971.0,1410.0,26.71,2.0233
Dominican Republic,Sorghum,1995,24329,3449.0,1410.0,26.8,2.4329
Dominican Republic,Sorghum,1996,26850,3493.0,1410.0,26.299999999999997,2.685
Dominican Republic,Sorghum,1997,25468,3846.0,1410.0,27.095,2.5468
Dominican Republic,Sorghum,1998,24125,4375.0,1410.0,27.15,2.4125
Dominican Republic,Sorghum,1999,25384,5398.0,1410.0,26.64,2.5384
Dominican Republic,Sorghum,2000,24912,5082.0,1410.0,26.36,2.4912
Dominican Republic,Sorghum,2001,28965,7182.0,1410.0,26.79,2.8965
Dominican Republic,Sorghum,2002,19380,4018.07,1410.0,27.064999999999998,1.938
Dominican Republic,Sorghum,2004,19686,3713.96,1410.0,26.77,1.9686
Dominican Republic,Sorghum,2005,20534,3515.56,1410.0,26.965,2.0534
Dominican Republic,Sorghum,2006,20497,4116.45,1410.0,27.045,2.0497
Dominican Republic,Sorghum,2007,17929,5689.8,1410.0,27.1,1.7929
Dominican Republic,Sorghum,2008,21736,5409.43,1410.0,26.66,2.1736
Dominican Republic,Sorghum,2009,19343,5975.25,1410.0,26.895,1.9343
Dominican Republic,Sorghum,2010,21139,6316.61,1410.0,26.97,2.1139
Dominican Republic,Sorghum,2011,14666,6316.61,1410.0,26.725,1.4666
Dominican Republic,Sorghum,2012,14585,6316.61,1410.0,26.855,1.4585
Dominican Republic,Sorghum,2013,15303,6316.61,1410.0,26.695,1.5303
Dominican Republic,Sweet potatoes,1990,60677,4971.0,1410.0,26.64,6.0677
Dominican Republic,Sweet potatoes,1991,68826,4971.0,1410.0,26.5,6.8826
Dominican Republic,Sweet potatoes,1992,62031,4971.0,1410.0,26.424999999999997,6.2031
Dominican Republic,Sweet potatoes,1993,54771,4971.0,1410.0,26.395,5.4771
Dominican Republic,Sweet potatoes,1994,61641,4971.0,1410.0,26.71,6.1641
Dominican Republic,Sweet potatoes,1995,53487,3449.0,1410.0,26.8,5.3487
Dominican Republic,Sweet potatoes,1996,55926,3493.0,1410.0,26.299999999999997,5.5926
Dominican Republic,Sweet potatoes,1997,49019,3846.0,1410.0,27.095,4.9019
Dominican Republic,Sweet potatoes,1998,55893,4375.0,1410.0,27.15,5.5893
Dominican Republic,Sweet potatoes,1999,61874,5398.0,1410.0,26.64,6.1874
Dominican Republic,Sweet potatoes,2000,60559,5082.0,1410.0,26.36,6.0559
Dominican Republic,Sweet potatoes,2001,60250,7182.0,1410.0,26.79,6.025
Dominican Republic,Sweet potatoes,2002,60518,4018.07,1410.0,27.064999999999998,6.0518
Dominican Republic,Sweet potatoes,2004,64152,3713.96,1410.0,26.77,6.4152
Dominican Republic,Sweet potatoes,2005,62339,3515.56,1410.0,26.965,6.2339
Dominican Republic,Sweet potatoes,2006,70151,4116.45,1410.0,27.045,7.0151
Dominican Republic,Sweet potatoes,2007,75696,5689.8,1410.0,27.1,7.5696
Dominican Republic,Sweet potatoes,2008,71031,5409.43,1410.0,26.66,7.1031
Dominican Republic,Sweet potatoes,2009,77468,5975.25,1410.0,26.895,7.7468
Dominican Republic,Sweet potatoes,2010,81343,6316.61,1410.0,26.97,8.1343
Dominican Republic,Sweet potatoes,2011,80907,6316.61,1410.0,26.725,8.0907
Dominican Republic,Sweet potatoes,2012,81007,6316.61,1410.0,26.855,8.1007
Dominican Republic,Sweet potatoes,2013,79812,6316.61,1410.0,26.695,7.9812
Dominican Republic,Yams,1990,51705,4971.0,1410.0,26.64,5.1705
Dominican Republic,Yams,1991,71153,4971.0,1410.0,26.5,7.1153
Dominican Republic,Yams,1992,54622,4971.0,1410.0,26.424999999999997,5.4622
Dominican Republic,Yams,1993,57115,4971.0,1410.0,26.395,5.7115
Dominican Republic,Yams,1994,48632,4971.0,1410.0,26.71,4.8632
Dominican Republic,Yams,1995,53450,3449.0,1410.0,26.8,5.345
Dominican Republic,Yams,1996,58904,3493.0,1410.0,26.299999999999997,5.8904
Dominican Republic,Yams,1997,51088,3846.0,1410.0,27.095,5.1088
Dominican Republic,Yams,1998,61802,4375.0,1410.0,27.15,6.1802
Dominican Republic,Yams,1999,59554,5398.0,1410.0,26.64,5.9554
Dominican Republic,Yams,2000,64917,5082.0,1410.0,26.36,6.4917
Dominican Republic,Yams,2001,62777,7182.0,1410.0,26.79,6.2777
Dominican Republic,Yams,2002,67400,4018.07,1410.0,27.064999999999998,6.74
Dominican Republic,Yams,2004,64577,3713.96,1410.0,26.77,6.4577
Dominican Republic,Yams,2005,56337,3515.56,1410.0,26.965,5.6337
Dominican Republic,Yams,2006,63984,4116.45,1410.0,27.045,6.3984
Dominican Republic,Yams,2007,64848,5689.8,1410.0,27.1,6.4848
Dominican Republic,Yams,2008,69428,5409.43,1410.0,26.66,6.9428
Dominican Republic,Yams,2009,70171,5975.25,1410.0,26.895,7.0171
Dominican Republic,Yams,2010,69331,6316.61,1410.0,26.97,6.9331
Dominican Republic,Yams,2011,67133,6316.61,1410.0,26.725,6.7133
Dominican Republic,Yams,2012,66228,6316.61,1410.0,26.855,6.6228
Dominican Republic,Yams,2013,63432,6316.61,1410.0,26.695,6.3432
Ecuador,Cassava,1990,54593,2537.0,2274.0,20.513333333333335,5.4593
Ecuador,Cassava,1991,47217,2377.0,2274.0,20.56,4.7217
Ecuador,Cassava,1992,36875,2012.0,2274.0,20.6,3.6875
Ecuador,Cassava,1993,36265,1844.0,2274.0,20.476666666666667,3.6265
Ecuador,Cassava,1994,40870,2670.0,2274.0,20.22,4.087
Ecuador,Cassava,1995,36456,2658.0,2274.0,20.616666666666667,3.6456
Ecuador,Cassava,1996,37845,2407.0,2274.0,20.08666666666667,3.7845
Ecuador,Cassava,1997,37578,7612.0,2274.0,21.233333333333334,3.7578
Ecuador,Cassava,1998,49242,21500.0,2274.0,21.143333333333334,4.9242
Ecuador,Cassava,1999,40000,14216.0,2274.0,19.886666666666667,4.0
Ecuador,Cassava,2000,34909,17948.0,2274.0,19.953333333333333,3.4909
Ecuador,Cassava,2001,38000,7344.0,2274.0,20.26,3.8
Ecuador,Cassava,2002,40153,1302.49,2274.0,20.826666666666668,4.0153
Ecuador,Cassava,2004,39602,29799.84,2274.0,20.7,3.9602
Ecuador,Cassava,2005,44199,18391.23,2274.0,20.566666666666666,4.4199
Ecuador,Cassava,2006,34279,7953.42,2274.0,20.666666666666668,3.4279
Ecuador,Cassava,2007,45107,14156.16,2274.0,20.37,4.5107
Ecuador,Cassava,2008,51231,15396.14,2274.0,20.256666666666664,5.1231
Ecuador,Cassava,2009,31191,9666.87,2274.0,20.73,3.1191
Ecuador,Cassava,2010,32033,31637.12,2274.0,20.69,3.2033
Ecuador,Cassava,2011,28346,17529.44,2274.0,20.436666666666667,2.8346
Ecuador,Cassava,2012,45419,11469.74,2274.0,20.493333333333336,4.5419
Ecuador,Cassava,2013,25112,6471.77,2274.0,20.303333333333335,2.5112
Ecuador,Maize,1990,10602,2537.0,2274.0,20.513333333333335,1.0602
Ecuador,Maize,1991,13821,2377.0,2274.0,20.56,1.3821
Ecuador,Maize,1992,10416,2012.0,2274.0,20.6,1.0416
Ecuador,Maize,1993,11442,1844.0,2274.0,20.476666666666667,1.1442
Ecuador,Maize,1994,11208,2670.0,2274.0,20.22,1.1208
Ecuador,Maize,1995,11551,2658.0,2274.0,20.616666666666667,1.1551
Ecuador,Maize,1996,11425,2407.0,2274.0,20.08666666666667,1.1425
Ecuador,Maize,1997,11482,7612.0,2274.0,21.233333333333334,1.1482
Ecuador,Maize,1998,10743,21500.0,2274.0,21.143333333333334,1.0743
Ecuador,Maize,1999,11813,14216.0,2274.0,19.886666666666667,1.1813
Ecuador,Maize,2000,14614,17948.0,2274.0,19.953333333333333,1.4614
Ecuador,Maize,2001,7642,7344.0,2274.0,20.26,0.7642
Ecuador,Maize,2002,14319,1302.49,2274.0,20.826666666666668,1.4319
Ecuador,Maize,2004,18841,29799.84,2274.0,20.7,1.8841
Ecuador,Maize,2005,21232,18391.23,2274.0,20.566666666666666,2.1232
Ecuador,Maize,2006,18776,7953.42,2274.0,20.666666666666668,1.8776
Ecuador,Maize,2007,23105,14156.16,2274.0,20.37,2.3105
Ecuador,Maize,2008,22442,15396.14,2274.0,20.256666666666664,2.2442
Ecuador,Maize,2009,22003,9666.87,2274.0,20.73,2.2003
Ecuador,Maize,2010,22348,31637.12,2274.0,20.69,2.2348
Ecuador,Maize,2011,16672,17529.44,2274.0,20.436666666666667,1.6672
Ecuador,Maize,2012,27324,11469.74,2274.0,20.493333333333336,2.7324
Ecuador,Maize,2013,23702,6471.77,2274.0,20.303333333333335,2.3702
Ecuador,Plantains and others,1990,118358,2537.0,2274.0,20.513333333333335,11.8358
Ecuador,Plantains and others,1991,99852,2377.0,2274.0,20.56,9.9852
Ecuador,Plantains and others,1992,101582,2012.0,2274.0,20.6,10.1582
Ecuador,Plantains and others,1993,93053,1844.0,2274.0,20.476666666666667,9.3053
Ecuador,Plantains and others,1994,103690,2670.0,2274.0,20.22,10.369
Ecuador,Plantains and others,1995,82605,2658.0,2274.0,20.616666666666667,8.2605
Ecuador,Plantains and others,1996,88953,2407.0,2274.0,20.08666666666667,8.8953
Ecuador,Plantains and others,1997,83753,7612.0,2274.0,21.233333333333334,8.3753
Ecuador,Plantains and others,1998,93279,21500.0,2274.0,21.143333333333334,9.3279
Ecuador,Plantains and others,1999,93936,14216.0,2274.0,19.886666666666667,9.3936
Ecuador,Plantains and others,2000,30460,17948.0,2274.0,19.953333333333333,3.046
Ecuador,Plantains and others,2001,90347,7344.0,2274.0,20.26,9.0347
Ecuador,Plantains and others,2002,59057,1302.49,2274.0,20.826666666666668,5.9057
Ecuador,Plantains and others,2004,58351,29799.84,2274.0,20.7,5.8351
Ecuador,Plantains and others,2005,60846,18391.23,2274.0,20.566666666666666,6.0846
Ecuador,Plantains and others,2006,56123,7953.42,2274.0,20.666666666666668,5.6123
Ecuador,Plantains and others,2007,55969,14156.16,2274.0,20.37,5.5969
Ecuador,Plantains and others,2008,45571,15396.14,2274.0,20.256666666666664,4.5571
Ecuador,Plantains and others,2009,49631,9666.87,2274.0,20.73,4.9631
Ecuador,Plantains and others,2010,48375,31637.12,2274.0,20.69,4.8375
Ecuador,Plantains and others,2011,51321,17529.44,2274.0,20.436666666666667,5.1321
Ecuador,Plantains and others,2012,60942,11469.74,2274.0,20.493333333333336,6.0942
Ecuador,Plantains and others,2013,49591,6471.77,2274.0,20.303333333333335,4.9591
Ecuador,Potatoes,1990,71727,2537.0,2274.0,20.513333333333335,7.1727
Ecuador,Potatoes,1991,68405,2377.0,2274.0,20.56,6.8405
Ecuador,Potatoes,1992,77444,2012.0,2274.0,20.6,7.7444
Ecuador,Potatoes,1993,74694,1844.0,2274.0,20.476666666666667,7.4694
Ecuador,Potatoes,1994,81368,2670.0,2274.0,20.22,8.1368
Ecuador,Potatoes,1995,71719,2658.0,2274.0,20.616666666666667,7.1719
Ecuador,Potatoes,1996,84913,2407.0,2274.0,20.08666666666667,8.4913
Ecuador,Potatoes,1997,89626,7612.0,2274.0,21.233333333333334,8.9626
Ecuador,Potatoes,1998,92184,21500.0,2274.0,21.143333333333334,9.2184
Ecuador,Potatoes,1999,93077,14216.0,2274.0,19.886666666666667,9.3077
Ecuador,Potatoes,2000,56332,17948.0,2274.0,19.953333333333333,5.6332
Ecuador,Potatoes,2001,97253,7344.0,2274.0,20.26,9.7253
Ecuador,Potatoes,2002,48788,1302.49,2274.0,20.826666666666668,4.8788
Ecuador,Potatoes,2004,71587,29799.84,2274.0,20.7,7.1587
Ecuador,Potatoes,2005,69668,18391.23,2274.0,20.566666666666666,6.9668
Ecuador,Potatoes,2006,69768,7953.42,2274.0,20.666666666666668,6.9768
Ecuador,Potatoes,2007,68022,14156.16,2274.0,20.37,6.8022
Ecuador,Potatoes,2008,61416,15396.14,2274.0,20.256666666666664,6.1416
Ecuador,Potatoes,2009,58531,9666.87,2274.0,20.73,5.8531
Ecuador,Potatoes,2010,87422,31637.12,2274.0,20.69,8.7422
Ecuador,Potatoes,2011,77752,17529.44,2274.0,20.436666666666667,7.7752
Ecuador,Potatoes,2012,83078,11469.74,2274.0,20.493333333333336,8.3078
Ecuador,Potatoes,2013,73131,6471.77,2274.0,20.303333333333335,7.3131
Ecuador,"Rice, paddy",1990,31218,2537.0,2274.0,20.513333333333335,3.1218
Ecuador,"Rice, paddy",1991,26921,2377.0,2274.0,20.56,2.6921
Ecuador,"Rice, paddy",1992,33254,2012.0,2274.0,20.6,3.3254
Ecuador,"Rice, paddy",1993,34804,1844.0,2274.0,20.476666666666667,3.4804
Ecuador,"Rice, paddy",1994,37385,2670.0,2274.0,20.22,3.7385
Ecuador,"Rice, paddy",1995,32622,2658.0,2274.0,20.616666666666667,3.2622
Ecuador,"Rice, paddy",1996,35620,2407.0,2274.0,20.08666666666667,3.562
Ecuador,"Rice, paddy",1997,35876,7612.0,2274.0,21.233333333333334,3.5876
Ecuador,"Rice, paddy",1998,32060,21500.0,2274.0,21.143333333333334,3.206
Ecuador,"Rice, paddy",1999,35225,14216.0,2274.0,19.886666666666667,3.5225
Ecuador,"Rice, paddy",2000,36812,17948.0,2274.0,19.953333333333333,3.6812
Ecuador,"Rice, paddy",2001,36000,7344.0,2274.0,20.26,3.6
Ecuador,"Rice, paddy",2002,38746,1302.49,2274.0,20.826666666666668,3.8746
Ecuador,"Rice, paddy",2004,42187,29799.84,2274.0,20.7,4.2187
Ecuador,"Rice, paddy",2005,38989,18391.23,2274.0,20.566666666666666,3.8989
Ecuador,"Rice, paddy",2006,41986,7953.42,2274.0,20.666666666666668,4.1986
Ecuador,"Rice, paddy",2007,43555,14156.16,2274.0,20.37,4.3555
Ecuador,"Rice, paddy",2008,40639,15396.14,2274.0,20.256666666666664,4.0639
Ecuador,"Rice, paddy",2009,40004,9666.87,2274.0,20.73,4.0004
Ecuador,"Rice, paddy",2010,43399,31637.12,2274.0,20.69,4.3399
Ecuador,"Rice, paddy",2011,44792,17529.44,2274.0,20.436666666666667,4.4792
Ecuador,"Rice, paddy",2012,42178,11469.74,2274.0,20.493333333333336,4.2178
Ecuador,"Rice, paddy",2013,38210,6471.77,2274.0,20.303333333333335,3.821
Ecuador,Sorghum,1990,28273,2537.0,2274.0,20.513333333333335,2.8273
Ecuador,Sorghum,1991,15289,2377.0,2274.0,20.56,1.5289
Ecuador,Sorghum,1992,13955,2012.0,2274.0,20.6,1.3955
Ecuador,Sorghum,1993,12949,1844.0,2274.0,20.476666666666667,1.2949
Ecuador,Sorghum,1994,8923,2670.0,2274.0,20.22,0.8923
Ecuador,Sorghum,1995,12067,2658.0,2274.0,20.616666666666667,1.2067
Ecuador,Sorghum,1996,11725,2407.0,2274.0,20.08666666666667,1.1725
Ecuador,Sorghum,1997,17111,7612.0,2274.0,21.233333333333334,1.7111
Ecuador,Sorghum,1998,13548,21500.0,2274.0,21.143333333333334,1.3548
Ecuador,Sorghum,1999,13548,14216.0,2274.0,19.886666666666667,1.3548
Ecuador,Sorghum,2000,14700,17948.0,2274.0,19.953333333333333,1.47
Ecuador,Sorghum,2001,14384,7344.0,2274.0,20.26,1.4384
Ecuador,Sorghum,2002,20000,1302.49,2274.0,20.826666666666668,2.0
Ecuador,Sorghum,2004,20000,29799.84,2274.0,20.7,2.0
Ecuador,Sorghum,2005,14865,18391.23,2274.0,20.566666666666666,1.4865
Ecuador,Sorghum,2006,15068,7953.42,2274.0,20.666666666666668,1.5068
Ecuador,Sorghum,2007,16000,14156.16,2274.0,20.37,1.6
Ecuador,Sorghum,2008,16000,15396.14,2274.0,20.256666666666664,1.6
Ecuador,Sorghum,2009,16447,9666.87,2274.0,20.73,1.6447
Ecuador,Sorghum,2010,16254,31637.12,2274.0,20.69,1.6254
Ecuador,Sorghum,2011,15838,17529.44,2274.0,20.436666666666667,1.5838
Ecuador,Sorghum,2012,15667,11469.74,2274.0,20.493333333333336,1.5667
Ecuador,Sorghum,2013,15608,6471.77,2274.0,20.303333333333335,1.5608
Ecuador,Soybeans,1990,19873,2537.0,2274.0,20.513333333333335,1.9873
Ecuador,Soybeans,1991,16598,2377.0,2274.0,20.56,1.6598
Ecuador,Soybeans,1992,16420,2012.0,2274.0,20.6,1.642
Ecuador,Soybeans,1993,17613,1844.0,2274.0,20.476666666666667,1.7613
Ecuador,Soybeans,1994,21520,2670.0,2274.0,20.22,2.152
Ecuador,Soybeans,1995,10939,2658.0,2274.0,20.616666666666667,1.0939
Ecuador,Soybeans,1996,12600,2407.0,2274.0,20.08666666666667,1.26
Ecuador,Soybeans,1997,11365,7612.0,2274.0,21.233333333333334,1.1365
Ecuador,Soybeans,1998,12691,21500.0,2274.0,21.143333333333334,1.2691
Ecuador,Soybeans,1999,18130,14216.0,2274.0,19.886666666666667,1.813
Ecuador,Soybeans,2000,17061,17948.0,2274.0,19.953333333333333,1.7061
Ecuador,Soybeans,2001,18900,7344.0,2274.0,20.26,1.89
Ecuador,Soybeans,2002,19963,1302.49,2274.0,20.826666666666668,1.9963
Ecuador,Soybeans,2004,16610,29799.84,2274.0,20.7,1.661
Ecuador,Soybeans,2005,19646,18391.23,2274.0,20.566666666666666,1.9646
Ecuador,Soybeans,2006,11500,7953.42,2274.0,20.666666666666668,1.15
Ecuador,Soybeans,2007,17188,14156.16,2274.0,20.37,1.7188
Ecuador,Soybeans,2008,16000,15396.14,2274.0,20.256666666666664,1.6
Ecuador,Soybeans,2009,16585,9666.87,2274.0,20.73,1.6585
Ecuador,Soybeans,2010,16279,31637.12,2274.0,20.69,1.6279
Ecuador,Soybeans,2011,16250,17529.44,2274.0,20.436666666666667,1.625
Ecuador,Soybeans,2012,16923,11469.74,2274.0,20.493333333333336,1.6923
Ecuador,Soybeans,2013,16585,6471.77,2274.0,20.303333333333335,1.6585
Ecuador,Sweet potatoes,1990,59520,2537.0,2274.0,20.513333333333335,5.952
Ecuador,Sweet potatoes,1991,26571,2377.0,2274.0,20.56,2.6571
Ecuador,Sweet potatoes,1992,28667,2012.0,2274.0,20.6,2.8667
Ecuador,Sweet potatoes,1993,36276,1844.0,2274.0,20.476666666666667,3.6276
Ecuador,Sweet potatoes,1994,48971,2670.0,2274.0,20.22,4.8971
Ecuador,Sweet potatoes,1995,35269,2658.0,2274.0,20.616666666666667,3.5269
Ecuador,Sweet potatoes,1996,36429,2407.0,2274.0,20.08666666666667,3.6429
Ecuador,Sweet potatoes,1997,38750,7612.0,2274.0,21.233333333333334,3.875
Ecuador,Sweet potatoes,1998,17591,21500.0,2274.0,21.143333333333334,1.7591
Ecuador,Sweet potatoes,1999,56766,14216.0,2274.0,19.886666666666667,5.6766
Ecuador,Sweet potatoes,2000,29181,17948.0,2274.0,19.953333333333333,2.9181
Ecuador,Sweet potatoes,2001,28134,7344.0,2274.0,20.26,2.8134
Ecuador,Sweet potatoes,2002,13019,1302.49,2274.0,20.826666666666668,1.3019
Ecuador,Sweet potatoes,2004,25760,29799.84,2274.0,20.7,2.576
Ecuador,Sweet potatoes,2005,30654,18391.23,2274.0,20.566666666666666,3.0654
Ecuador,Sweet potatoes,2006,18750,7953.42,2274.0,20.666666666666668,1.875
Ecuador,Sweet potatoes,2007,18824,14156.16,2274.0,20.37,1.8824
Ecuador,Sweet potatoes,2008,21244,15396.14,2274.0,20.256666666666664,2.1244
Ecuador,Sweet potatoes,2009,18947,9666.87,2274.0,20.73,1.8947
Ecuador,Sweet potatoes,2010,18963,31637.12,2274.0,20.69,1.8963
Ecuador,Sweet potatoes,2011,19113,17529.44,2274.0,20.436666666666667,1.9113
Ecuador,Sweet potatoes,2012,19575,11469.74,2274.0,20.493333333333336,1.9575
Ecuador,Sweet potatoes,2013,19113,6471.77,2274.0,20.303333333333335,1.9113
Ecuador,Wheat,1990,7967,2537.0,2274.0,20.513333333333335,0.7967
Ecuador,Wheat,1991,5696,2377.0,2274.0,20.56,0.5696
Ecuador,Wheat,1992,5911,2012.0,2274.0,20.6,0.5911
Ecuador,Wheat,1993,6711,1844.0,2274.0,20.476666666666667,0.6711
Ecuador,Wheat,1994,6162,2670.0,2274.0,20.22,0.6162
Ecuador,Wheat,1995,6951,2658.0,2274.0,20.616666666666667,0.6951
Ecuador,Wheat,1996,6176,2407.0,2274.0,20.08666666666667,0.6176
Ecuador,Wheat,1997,5976,7612.0,2274.0,21.233333333333334,0.5976
Ecuador,Wheat,1998,6484,21500.0,2274.0,21.143333333333334,0.6484
Ecuador,Wheat,1999,7001,14216.0,2274.0,19.886666666666667,0.7001
Ecuador,Wheat,2000,6208,17948.0,2274.0,19.953333333333333,0.6208
Ecuador,Wheat,2001,6100,7344.0,2274.0,20.26,0.61
Ecuador,Wheat,2002,5696,1302.49,2274.0,20.826666666666668,0.5696
Ecuador,Wheat,2004,8053,29799.84,2274.0,20.7,0.8053
Ecuador,Wheat,2005,7220,18391.23,2274.0,20.566666666666666,0.722
Ecuador,Wheat,2006,7774,7953.42,2274.0,20.666666666666668,0.7774
Ecuador,Wheat,2007,8186,14156.16,2274.0,20.37,0.8186
Ecuador,Wheat,2008,7466,15396.14,2274.0,20.256666666666664,0.7466
Ecuador,Wheat,2009,8617,9666.87,2274.0,20.73,0.8617
Ecuador,Wheat,2010,8912,31637.12,2274.0,20.69,0.8912
Ecuador,Wheat,2011,9249,17529.44,2274.0,20.436666666666667,0.9249
Ecuador,Wheat,2012,7995,11469.74,2274.0,20.493333333333336,0.7995
Ecuador,Wheat,2013,7064,6471.77,2274.0,20.303333333333335,0.7064
Egypt,Maize,1990,57803,13214.0,51.0,21.165,5.7803
Egypt,Maize,1991,58951,8255.0,51.0,21.145,5.8951
Egypt,Maize,1992,61346,6156.0,51.0,20.6,6.1346
Egypt,Maize,1993,60780,4175.0,51.0,21.265,6.078
Egypt,Maize,1994,59065,4283.0,51.0,21.560000000000002,5.9065
Egypt,Maize,1995,61630,4391.0,51.0,21.09,6.163
Egypt,Maize,1996,69523,4499.0,51.0,21.365000000000002,6.9523
Egypt,Maize,1997,71298,4607.0,51.0,20.985,7.1298
Egypt,Maize,1998,72257,4715.0,51.0,21.825,7.2257
Egypt,Maize,1999,75174,4823.0,51.0,21.87,7.5174
Egypt,Maize,2000,76800,4931.0,51.0,21.115,7.68
Egypt,Maize,2001,69798,5039.0,51.0,21.89,6.9798
Egypt,Maize,2002,77656,5147.0,51.0,21.935000000000002,7.7656
Egypt,Maize,2004,79087,5363.0,51.0,21.57,7.9087
Egypt,Maize,2005,81607,5471.0,51.0,21.545,8.1607
Egypt,Maize,2006,83705,9781.0,51.0,21.6,8.3705
Egypt,Maize,2007,80463,9105.0,51.0,21.935000000000002,8.0463
Egypt,Maize,2008,79053,9527.0,51.0,22.189999999999998,7.9053
Egypt,Maize,2009,78184,9013.0,51.0,22.15,7.8184
Egypt,Maize,2010,72700,11590.0,51.0,23.09,7.27
Egypt,Maize,2011,77409,12945.0,51.0,21.585,7.7409
Egypt,Maize,2012,77723,13991.0,51.0,22.015,7.7723
Egypt,Maize,2013,77223,13653.0,51.0,22.175,7.7223
Egypt,Potatoes,1990,205592,13214.0,51.0,21.165,20.5592
Egypt,Potatoes,1991,202345,8255.0,51.0,21.145,20.2345
Egypt,Potatoes,1992,209071,6156.0,51.0,20.6,20.9071
Egypt,Potatoes,1993,207792,4175.0,51.0,21.265,20.7792
Egypt,Potatoes,1994,204487,4283.0,51.0,21.560000000000002,20.4487
Egypt,Potatoes,1995,211244,4391.0,51.0,21.09,21.1244
Egypt,Potatoes,1996,202048,4499.0,51.0,21.365000000000002,20.2048
Egypt,Potatoes,1997,218355,4607.0,51.0,20.985,21.8355
Egypt,Potatoes,1998,223302,4715.0,51.0,21.825,22.3302
Egypt,Potatoes,1999,232915,4823.0,51.0,21.87,23.2915
Egypt,Potatoes,2000,235931,4931.0,51.0,21.115,23.5931
Egypt,Potatoes,2001,238739,5039.0,51.0,21.89,23.8739
Egypt,Potatoes,2002,240382,5147.0,51.0,21.935000000000002,24.0382
Egypt,Potatoes,2004,244443,5363.0,51.0,21.57,24.4443
Egypt,Potatoes,2005,250826,5471.0,51.0,21.545,25.0826
Egypt,Potatoes,2006,250085,9781.0,51.0,21.6,25.0085
Egypt,Potatoes,2007,255717,9105.0,51.0,21.935000000000002,25.5717
Egypt,Potatoes,2008,259390,9527.0,51.0,22.189999999999998,25.939
Egypt,Potatoes,2009,264241,9013.0,51.0,22.15,26.4241
Egypt,Potatoes,2010,259211,11590.0,51.0,23.09,25.9211
Egypt,Potatoes,2011,264311,12945.0,51.0,21.585,26.4311
Egypt,Potatoes,2012,268531,13991.0,51.0,22.015,26.8531
Egypt,Potatoes,2013,266276,13653.0,51.0,22.175,26.6276
Egypt,"Rice, paddy",1990,72663,13214.0,51.0,21.165,7.2663
Egypt,"Rice, paddy",1991,74554,8255.0,51.0,21.145,7.4554
Egypt,"Rice, paddy",1992,76511,6156.0,51.0,20.6,7.6511
Egypt,"Rice, paddy",1993,77184,4175.0,51.0,21.265,7.7184
Egypt,"Rice, paddy",1994,79130,4283.0,51.0,21.560000000000002,7.913
Egypt,"Rice, paddy",1995,81356,4391.0,51.0,21.09,8.1356
Egypt,"Rice, paddy",1996,82910,4499.0,51.0,21.365000000000002,8.291
Egypt,"Rice, paddy",1997,84152,4607.0,51.0,20.985,8.4152
Egypt,"Rice, paddy",1998,86401,4715.0,51.0,21.825,8.6401
Egypt,"Rice, paddy",1999,88780,4823.0,51.0,21.87,8.878
Egypt,"Rice, paddy",2000,91025,4931.0,51.0,21.115,9.1025
Egypt,"Rice, paddy",2001,92833,5039.0,51.0,21.89,9.2833
Egypt,"Rice, paddy",2002,93889,5147.0,51.0,21.935000000000002,9.3889
Egypt,"Rice, paddy",2004,98384,5363.0,51.0,21.57,9.8384
Egypt,"Rice, paddy",2005,99874,5471.0,51.0,21.545,9.9874
Egypt,"Rice, paddy",2006,100750,9781.0,51.0,21.6,10.075
Egypt,"Rice, paddy",2007,97675,9105.0,51.0,21.935000000000002,9.7675
Egypt,"Rice, paddy",2008,97349,9527.0,51.0,22.189999999999998,9.7349
Egypt,"Rice, paddy",2009,95930,9013.0,51.0,22.15,9.593
Egypt,"Rice, paddy",2010,94217,11590.0,51.0,23.09,9.4217
Egypt,"Rice, paddy",2011,95670,12945.0,51.0,21.585,9.567
Egypt,"Rice, paddy",2012,95296,13991.0,51.0,22.015,9.5296
Egypt,"Rice, paddy",2013,95865,13653.0,51.0,22.175,9.5865
Egypt,Sorghum,1990,46920,13214.0,51.0,21.165,4.692
Egypt,Sorghum,1991,49724,8255.0,51.0,21.145,4.9724
Egypt,Sorghum,1992,51247,6156.0,51.0,20.6,5.1247
Egypt,Sorghum,1993,53366,4175.0,51.0,21.265,5.3366
Egypt,Sorghum,1994,46272,4283.0,51.0,21.560000000000002,4.6272
Egypt,Sorghum,1995,44770,4391.0,51.0,21.09,4.477
Egypt,Sorghum,1996,43520,4499.0,51.0,21.365000000000002,4.352
Egypt,Sorghum,1997,50427,4607.0,51.0,20.985,5.0427
Egypt,Sorghum,1998,56077,4715.0,51.0,21.825,5.6077
Egypt,Sorghum,1999,57692,4823.0,51.0,21.87,5.7692
Egypt,Sorghum,2000,57885,4931.0,51.0,21.115,5.7885
Egypt,Sorghum,2001,57964,5039.0,51.0,21.89,5.7964
Egypt,Sorghum,2002,57756,5147.0,51.0,21.935000000000002,5.7756
Egypt,Sorghum,2004,56674,5363.0,51.0,21.57,5.6674
Egypt,Sorghum,2005,56118,5471.0,51.0,21.545,5.6118
Egypt,Sorghum,2006,56859,9781.0,51.0,21.6,5.6859
Egypt,Sorghum,2007,56763,9105.0,51.0,21.935000000000002,5.6763
Egypt,Sorghum,2008,56258,9527.0,51.0,22.189999999999998,5.6258
Egypt,Sorghum,2009,55287,9013.0,51.0,22.15,5.5287
Egypt,Sorghum,2010,50060,11590.0,51.0,23.09,5.006
Egypt,Sorghum,2011,53457,12945.0,51.0,21.585,5.3457
Egypt,Sorghum,2012,53034,13991.0,51.0,22.015,5.3034
Egypt,Sorghum,2013,53777,13653.0,51.0,22.175,5.3777
Egypt,Soybeans,1990,25773,13214.0,51.0,21.165,2.5773
Egypt,Soybeans,1991,28366,8255.0,51.0,21.145,2.8366
Egypt,Soybeans,1992,26981,6156.0,51.0,20.6,2.6981
Egypt,Soybeans,1993,27534,4175.0,51.0,21.265,2.7534
Egypt,Soybeans,1994,28828,4283.0,51.0,21.560000000000002,2.8828
Egypt,Soybeans,1995,24344,4391.0,51.0,21.09,2.4344
Egypt,Soybeans,1996,26103,4499.0,51.0,21.365000000000002,2.6103
Egypt,Soybeans,1997,26223,4607.0,51.0,20.985,2.6223
Egypt,Soybeans,1998,26207,4715.0,51.0,21.825,2.6207
Egypt,Soybeans,1999,26367,4823.0,51.0,21.87,2.6367
Egypt,Soybeans,2000,27199,4931.0,51.0,21.115,2.7199
Egypt,Soybeans,2001,27922,5039.0,51.0,21.89,2.7922
Egypt,Soybeans,2002,29904,5147.0,51.0,21.935000000000002,2.9904
Egypt,Soybeans,2004,30266,5363.0,51.0,21.57,3.0266
Egypt,Soybeans,2005,34000,5471.0,51.0,21.545,3.4
Egypt,Soybeans,2006,30817,9781.0,51.0,21.6,3.0817
Egypt,Soybeans,2007,32880,9105.0,51.0,21.935000000000002,3.288
Egypt,Soybeans,2008,33601,9527.0,51.0,22.189999999999998,3.3601
Egypt,Soybeans,2009,31252,9013.0,51.0,22.15,3.1252
Egypt,Soybeans,2010,28453,11590.0,51.0,23.09,2.8453
Egypt,Soybeans,2011,31195,12945.0,51.0,21.585,3.1195
Egypt,Soybeans,2012,36186,13991.0,51.0,22.015,3.6186
Egypt,Soybeans,2013,34767,13653.0,51.0,22.175,3.4767
Egypt,Sweet potatoes,1990,257930,13214.0,51.0,21.165,25.793
Egypt,Sweet potatoes,1991,270456,8255.0,51.0,21.145,27.0456
Egypt,Sweet potatoes,1992,241308,6156.0,51.0,20.6,24.1308
Egypt,Sweet potatoes,1993,260629,4175.0,51.0,21.265,26.0629
Egypt,Sweet potatoes,1994,247138,4283.0,51.0,21.560000000000002,24.7138
Egypt,Sweet potatoes,1995,259786,4391.0,51.0,21.09,25.9786
Egypt,Sweet potatoes,1996,231357,4499.0,51.0,21.365000000000002,23.1357
Egypt,Sweet potatoes,1997,224888,4607.0,51.0,20.985,22.4888
Egypt,Sweet potatoes,1998,240060,4715.0,51.0,21.825,24.006
Egypt,Sweet potatoes,1999,240545,4823.0,51.0,21.87,24.0545
Egypt,Sweet potatoes,2000,273327,4931.0,51.0,21.115,27.3327
Egypt,Sweet potatoes,2001,266543,5039.0,51.0,21.89,26.6543
Egypt,Sweet potatoes,2002,276970,5147.0,51.0,21.935000000000002,27.697
Egypt,Sweet potatoes,2004,281242,5363.0,51.0,21.57,28.1242
Egypt,Sweet potatoes,2005,175000,5471.0,51.0,21.545,17.5
Egypt,Sweet potatoes,2006,119702,9781.0,51.0,21.6,11.9702
Egypt,Sweet potatoes,2007,298171,9105.0,51.0,21.935000000000002,29.8171
Egypt,Sweet potatoes,2008,276425,9527.0,51.0,22.189999999999998,27.6425
Egypt,Sweet potatoes,2009,285425,9013.0,51.0,22.15,28.5425
Egypt,Sweet potatoes,2010,306078,11590.0,51.0,23.09,30.6078
Egypt,Sweet potatoes,2011,318249,12945.0,51.0,21.585,31.8249
Egypt,Sweet potatoes,2012,323485,13991.0,51.0,22.015,32.3485
Egypt,Sweet potatoes,2013,336781,13653.0,51.0,22.175,33.6781
Egypt,Wheat,1990,51967,13214.0,51.0,21.165,5.1967
Egypt,Wheat,1991,48163,8255.0,51.0,21.145,4.8163
Egypt,Wheat,1992,52546,6156.0,51.0,20.6,5.2546
Egypt,Wheat,1993,52970,4175.0,51.0,21.265,5.297
Egypt,Wheat,1994,50026,4283.0,51.0,21.560000000000002,5.0026
Egypt,Wheat,1995,54221,4391.0,51.0,21.09,5.4221
Egypt,Wheat,1996,56384,4499.0,51.0,21.365000000000002,5.6384
Egypt,Wheat,1997,55994,4607.0,51.0,20.985,5.5994
Egypt,Wheat,1998,59896,4715.0,51.0,21.825,5.9896
Egypt,Wheat,1999,63467,4823.0,51.0,21.87,6.3467
Egypt,Wheat,2000,63422,4931.0,51.0,21.115,6.3422
Egypt,Wheat,2001,63580,5039.0,51.0,21.89,6.358
Egypt,Wheat,2002,64345,5147.0,51.0,21.935000000000002,6.4345
Egypt,Wheat,2004,65567,5363.0,51.0,21.57,6.5567
Egypt,Wheat,2005,64929,5471.0,51.0,21.545,6.4929
Egypt,Wheat,2006,64303,9781.0,51.0,21.6,6.4303
Egypt,Wheat,2007,64673,9105.0,51.0,21.935000000000002,6.4673
Egypt,Wheat,2008,65031,9527.0,51.0,22.189999999999998,6.5031
Egypt,Wheat,2009,63829,9013.0,51.0,22.15,6.3829
Egypt,Wheat,2010,55741,11590.0,51.0,23.09,5.5741
Egypt,Wheat,2011,65428,12945.0,51.0,21.585,6.5428
Egypt,Wheat,2012,65823,13991.0,51.0,22.015,6.5823
Egypt,Wheat,2013,66682,13653.0,51.0,22.175,6.6682
El Salvador,Cassava,1990,158889,2524.0,1784.0,26.06,15.8889
El Salvador,Cassava,1991,152762,4096.0,1784.0,26.08,15.2762
El Salvador,Cassava,1992,172692,3940.77,1784.0,26.22,17.2692
El Salvador,Cassava,1993,200000,3785.54,1784.0,26.12,20.0
El Salvador,Cassava,1994,201298,3630.31,1784.0,26.33,20.1298
El Salvador,Cassava,1995,160232,3475.08,1784.0,26.05,16.0232
El Salvador,Cassava,1996,158831,3319.85,1784.0,25.77,15.8831
El Salvador,Cassava,1997,131429,3164.62,1784.0,26.48,13.1429
El Salvador,Cassava,1998,131429,3009.39,1784.0,26.48,13.1429
El Salvador,Cassava,1999,124202,2854.16,1784.0,25.67,12.4202
El Salvador,Cassava,2000,123479,2698.93,1784.0,25.78,12.3479
El Salvador,Cassava,2001,124794,2543.7,1784.0,25.92,12.4794
El Salvador,Cassava,2002,128120,2388.47,1784.0,26.12,12.812
El Salvador,Cassava,2004,100819,2078.01,1784.0,26.2,10.0819
El Salvador,Cassava,2005,125043,1922.78,1784.0,26.07,12.5043
El Salvador,Cassava,2006,125016,2265.72,1784.0,26.14,12.5016
El Salvador,Cassava,2007,128870,1940.78,1784.0,26.02,12.887
El Salvador,Cassava,2008,128900,3899.48,1784.0,25.71,12.89
El Salvador,Cassava,2009,125022,3333.88,1784.0,26.21,12.5022
El Salvador,Cassava,2010,124843,3598.59,1784.0,25.96,12.4843
El Salvador,Cassava,2011,145719,3231.13,1784.0,25.95,14.5719
El Salvador,Cassava,2012,115775,2595.16,1784.0,26.04,11.5775
El Salvador,Cassava,2013,154928,6005.08,1784.0,26.36,15.4928
El Salvador,Maize,1990,21383,2524.0,1784.0,26.06,2.1383
El Salvador,Maize,1991,16448,4096.0,1784.0,26.08,1.6448
El Salvador,Maize,1992,21989,3940.77,1784.0,26.22,2.1989
El Salvador,Maize,1993,20482,3785.54,1784.0,26.12,2.0482
El Salvador,Maize,1994,15245,3630.31,1784.0,26.33,1.5245
El Salvador,Maize,1995,21972,3475.08,1784.0,26.05,2.1972
El Salvador,Maize,1996,22572,3319.85,1784.0,25.77,2.2572
El Salvador,Maize,1997,16582,3164.62,1784.0,26.48,1.6582
El Salvador,Maize,1998,19062,3009.39,1784.0,26.48,1.9062
El Salvador,Maize,1999,25047,2854.16,1784.0,25.67,2.5047
El Salvador,Maize,2000,22475,2698.93,1784.0,25.78,2.2475
El Salvador,Maize,2001,19431,2543.7,1784.0,25.92,1.9431
El Salvador,Maize,2002,26041,2388.47,1784.0,26.12,2.6041
El Salvador,Maize,2004,27641,2078.01,1784.0,26.2,2.7641
El Salvador,Maize,2005,29434,1922.78,1784.0,26.07,2.9434
El Salvador,Maize,2006,30794,2265.72,1784.0,26.14,3.0794
El Salvador,Maize,2007,29107,1940.78,1784.0,26.02,2.9107
El Salvador,Maize,2008,33895,3899.48,1784.0,25.71,3.3895
El Salvador,Maize,2009,30041,3333.88,1784.0,26.21,3.0041
El Salvador,Maize,2010,30253,3598.59,1784.0,25.96,3.0253
El Salvador,Maize,2011,28181,3231.13,1784.0,25.95,2.8181
El Salvador,Maize,2012,32580,2595.16,1784.0,26.04,3.258
El Salvador,Maize,2013,29461,6005.08,1784.0,26.36,2.9461
El Salvador,Plantains and others,1990,111714,2524.0,1784.0,26.06,11.1714
El Salvador,Plantains and others,1991,111786,4096.0,1784.0,26.08,11.1786
El Salvador,Plantains and others,1992,109740,3940.77,1784.0,26.22,10.974
El Salvador,Plantains and others,1993,106557,3785.54,1784.0,26.12,10.6557
El Salvador,Plantains and others,1994,97402,3630.31,1784.0,26.33,9.7402
El Salvador,Plantains and others,1995,119791,3475.08,1784.0,26.05,11.9791
El Salvador,Plantains and others,1996,64137,3319.85,1784.0,25.77,6.4137
El Salvador,Plantains and others,1997,126495,3164.62,1784.0,26.48,12.6495
El Salvador,Plantains and others,1998,147857,3009.39,1784.0,26.48,14.7857
El Salvador,Plantains and others,1999,134056,2854.16,1784.0,25.67,13.4056
El Salvador,Plantains and others,2000,312986,2698.93,1784.0,25.78,31.2986
El Salvador,Plantains and others,2001,311689,2543.7,1784.0,25.92,31.1689
El Salvador,Plantains and others,2002,311690,2388.47,1784.0,26.12,31.169
El Salvador,Plantains and others,2004,312202,2078.01,1784.0,26.2,31.2202
El Salvador,Plantains and others,2005,312125,1922.78,1784.0,26.07,31.2125
El Salvador,Plantains and others,2006,311678,2265.72,1784.0,26.14,31.1678
El Salvador,Plantains and others,2007,311711,1940.78,1784.0,26.02,31.1711
El Salvador,Plantains and others,2008,311771,3899.48,1784.0,25.71,31.1771
El Salvador,Plantains and others,2009,312073,3333.88,1784.0,26.21,31.2073
El Salvador,Plantains and others,2010,221778,3598.59,1784.0,25.96,22.1778
El Salvador,Plantains and others,2011,111171,3231.13,1784.0,25.95,11.1171
El Salvador,Plantains and others,2012,143831,2595.16,1784.0,26.04,14.3831
El Salvador,Plantains and others,2013,153680,6005.08,1784.0,26.36,15.368
El Salvador,Potatoes,1990,140000,2524.0,1784.0,26.06,14.0
El Salvador,Potatoes,1991,144231,4096.0,1784.0,26.08,14.4231
El Salvador,Potatoes,1992,144444,3940.77,1784.0,26.22,14.4444
El Salvador,Potatoes,1993,141509,3785.54,1784.0,26.12,14.1509
El Salvador,Potatoes,1994,140741,3630.31,1784.0,26.33,14.0741
El Salvador,Potatoes,1995,140000,3475.08,1784.0,26.05,14.0
El Salvador,Potatoes,1996,157368,3319.85,1784.0,25.77,15.7368
El Salvador,Potatoes,1997,139286,3164.62,1784.0,26.48,13.9286
El Salvador,Potatoes,1998,215536,3009.39,1784.0,26.48,21.5536
El Salvador,Potatoes,1999,210286,2854.16,1784.0,25.67,21.0286
El Salvador,Potatoes,2000,231200,2698.93,1784.0,25.78,23.12
El Salvador,Potatoes,2001,229878,2543.7,1784.0,25.92,22.9878
El Salvador,Potatoes,2002,236013,2388.47,1784.0,26.12,23.6013
El Salvador,Potatoes,2004,288786,2078.01,1784.0,26.2,28.8786
El Salvador,Potatoes,2005,221220,1922.78,1784.0,26.07,22.122
El Salvador,Potatoes,2006,220517,2265.72,1784.0,26.14,22.0517
El Salvador,Potatoes,2007,218481,1940.78,1784.0,26.02,21.8481
El Salvador,Potatoes,2008,218555,3899.48,1784.0,25.71,21.8555
El Salvador,Potatoes,2009,252417,3333.88,1784.0,26.21,25.2417
El Salvador,Potatoes,2010,252796,3598.59,1784.0,25.96,25.2796
El Salvador,Potatoes,2011,196316,3231.13,1784.0,25.95,19.6316
El Salvador,Potatoes,2012,295706,2595.16,1784.0,26.04,29.5706
El Salvador,Potatoes,2013,426047,6005.08,1784.0,26.36,42.6047
El Salvador,"Rice, paddy",1990,43271,2524.0,1784.0,26.06,4.3271
El Salvador,"Rice, paddy",1991,37669,4096.0,1784.0,26.08,3.7669
El Salvador,"Rice, paddy",1992,43561,3940.77,1784.0,26.22,4.3561
El Salvador,"Rice, paddy",1993,47076,3785.54,1784.0,26.12,4.7076
El Salvador,"Rice, paddy",1994,43353,3630.31,1784.0,26.33,4.3353
El Salvador,"Rice, paddy",1995,53291,3475.08,1784.0,26.05,5.3291
El Salvador,"Rice, paddy",1996,51627,3319.85,1784.0,25.77,5.1627
El Salvador,"Rice, paddy",1997,44419,3164.62,1784.0,26.48,4.4419
El Salvador,"Rice, paddy",1998,49760,3009.39,1784.0,26.48,4.976
El Salvador,"Rice, paddy",1999,52531,2854.16,1784.0,25.67,5.2531
El Salvador,"Rice, paddy",2000,57884,2698.93,1784.0,25.78,5.7884
El Salvador,"Rice, paddy",2001,60284,2543.7,1784.0,25.92,6.0284
El Salvador,"Rice, paddy",2002,59384,2388.47,1784.0,26.12,5.9384
El Salvador,"Rice, paddy",2004,66430,2078.01,1784.0,26.2,6.643
El Salvador,"Rice, paddy",2005,72118,1922.78,1784.0,26.07,7.2118
El Salvador,"Rice, paddy",2006,73941,2265.72,1784.0,26.14,7.3941
El Salvador,"Rice, paddy",2007,74651,1940.78,1784.0,26.02,7.4651
El Salvador,"Rice, paddy",2008,79373,3899.48,1784.0,25.71,7.9373
El Salvador,"Rice, paddy",2009,69016,3333.88,1784.0,26.21,6.9016
El Salvador,"Rice, paddy",2010,70136,3598.59,1784.0,25.96,7.0136
El Salvador,"Rice, paddy",2011,54783,3231.13,1784.0,25.95,5.4783
El Salvador,"Rice, paddy",2012,63968,2595.16,1784.0,26.04,6.3968
El Salvador,"Rice, paddy",2013,61615,6005.08,1784.0,26.36,6.1615
El Salvador,Sorghum,1990,12423,2524.0,1784.0,26.06,1.2423
El Salvador,Sorghum,1991,13228,4096.0,1784.0,26.08,1.3228
El Salvador,Sorghum,1992,14383,3940.77,1784.0,26.22,1.4383
El Salvador,Sorghum,1993,15254,3785.54,1784.0,26.12,1.5254
El Salvador,Sorghum,1994,14961,3630.31,1784.0,26.33,1.4961
El Salvador,Sorghum,1995,14970,3475.08,1784.0,26.05,1.497
El Salvador,Sorghum,1996,15242,3319.85,1784.0,25.77,1.5242
El Salvador,Sorghum,1997,16050,3164.62,1784.0,26.48,1.605
El Salvador,Sorghum,1998,15421,3009.39,1784.0,26.48,1.5421
El Salvador,Sorghum,1999,13111,2854.16,1784.0,25.67,1.3111
El Salvador,Sorghum,2000,15855,2698.93,1784.0,25.78,1.5855
El Salvador,Sorghum,2001,15445,2543.7,1784.0,25.92,1.5445
El Salvador,Sorghum,2002,18428,2388.47,1784.0,26.12,1.8428
El Salvador,Sorghum,2004,15999,2078.01,1784.0,26.2,1.5999
El Salvador,Sorghum,2005,15859,1922.78,1784.0,26.07,1.5859
El Salvador,Sorghum,2006,18397,2265.72,1784.0,26.14,1.8397
El Salvador,Sorghum,2007,15307,1940.78,1784.0,26.02,1.5307
El Salvador,Sorghum,2008,13899,3899.48,1784.0,25.71,1.3899
El Salvador,Sorghum,2009,17133,3333.88,1784.0,26.21,1.7133
El Salvador,Sorghum,2010,17201,3598.59,1784.0,25.96,1.7201
El Salvador,Sorghum,2011,14534,3231.13,1784.0,25.95,1.4534
El Salvador,Sorghum,2012,13204,2595.16,1784.0,26.04,1.3204
El Salvador,Sorghum,2013,16633,6005.08,1784.0,26.36,1.6633
El Salvador,Soybeans,1990,20000,2524.0,1784.0,26.06,2.0
El Salvador,Soybeans,1991,20000,4096.0,1784.0,26.08,2.0
El Salvador,Soybeans,1992,26857,3940.77,1784.0,26.22,2.6857
El Salvador,Soybeans,1993,27143,3785.54,1784.0,26.12,2.7143
El Salvador,Soybeans,1994,25000,3630.31,1784.0,26.33,2.5
El Salvador,Soybeans,1995,23333,3475.08,1784.0,26.05,2.3333
El Salvador,Soybeans,1996,23333,3319.85,1784.0,25.77,2.3333
El Salvador,Soybeans,1997,24444,3164.62,1784.0,26.48,2.4444
El Salvador,Soybeans,1998,24000,3009.39,1784.0,26.48,2.4
El Salvador,Soybeans,1999,24000,2854.16,1784.0,25.67,2.4
El Salvador,Soybeans,2000,22727,2698.93,1784.0,25.78,2.2727
El Salvador,Soybeans,2001,22241,2543.7,1784.0,25.92,2.2241
El Salvador,Soybeans,2002,21732,2388.47,1784.0,26.12,2.1732
El Salvador,Soybeans,2004,20409,2078.01,1784.0,26.2,2.0409
El Salvador,Soybeans,2005,20768,1922.78,1784.0,26.07,2.0768
El Salvador,Soybeans,2006,20383,2265.72,1784.0,26.14,2.0383
El Salvador,Soybeans,2007,19348,1940.78,1784.0,26.02,1.9348
El Salvador,Soybeans,2008,19279,3899.48,1784.0,25.71,1.9279
El Salvador,Soybeans,2009,19172,3333.88,1784.0,26.21,1.9172
El Salvador,Soybeans,2010,18000,3598.59,1784.0,25.96,1.8
El Salvador,Soybeans,2011,19222,3231.13,1784.0,25.95,1.9222
El Salvador,Soybeans,2012,19231,2595.16,1784.0,26.04,1.9231
El Salvador,Soybeans,2013,19231,6005.08,1784.0,26.36,1.9231
El Salvador,Sweet potatoes,1990,64286,2524.0,1784.0,26.06,6.4286
El Salvador,Sweet potatoes,1991,62941,4096.0,1784.0,26.08,6.2941
El Salvador,Sweet potatoes,1992,61333,3940.77,1784.0,26.22,6.1333
El Salvador,Sweet potatoes,1993,64000,3785.54,1784.0,26.12,6.4
El Salvador,Sweet potatoes,1994,61250,3630.31,1784.0,26.33,6.125
El Salvador,Sweet potatoes,1995,62500,3475.08,1784.0,26.05,6.25
El Salvador,Sweet potatoes,1996,62845,3319.85,1784.0,25.77,6.2845
El Salvador,Sweet potatoes,1997,62976,3164.62,1784.0,26.48,6.2976
El Salvador,Sweet potatoes,1998,64706,3009.39,1784.0,26.48,6.4706
El Salvador,Sweet potatoes,1999,63112,2854.16,1784.0,25.67,6.3112
El Salvador,Sweet potatoes,2000,63105,2698.93,1784.0,25.78,6.3105
El Salvador,Sweet potatoes,2001,62931,2543.7,1784.0,25.92,6.2931
El Salvador,Sweet potatoes,2002,62852,2388.47,1784.0,26.12,6.2852
El Salvador,Sweet potatoes,2004,62585,2078.01,1784.0,26.2,6.2585
El Salvador,Sweet potatoes,2005,62409,1922.78,1784.0,26.07,6.2409
El Salvador,Sweet potatoes,2006,62251,2265.72,1784.0,26.14,6.2251
El Salvador,Sweet potatoes,2007,63889,1940.78,1784.0,26.02,6.3889
El Salvador,Sweet potatoes,2008,61614,3899.48,1784.0,25.71,6.1614
El Salvador,Sweet potatoes,2009,61191,3333.88,1784.0,26.21,6.1191
El Salvador,Sweet potatoes,2010,60767,3598.59,1784.0,25.96,6.0767
El Salvador,Sweet potatoes,2011,60343,3231.13,1784.0,25.95,6.0343
El Salvador,Sweet potatoes,2012,58333,2595.16,1784.0,26.04,5.8333
El Salvador,Sweet potatoes,2013,58333,6005.08,1784.0,26.36,5.8333
Eritrea,Maize,1993,2308,4.44,383.0,24.09,0.2308
Eritrea,Maize,1994,7689,4.44,383.0,24.13,0.7689
Eritrea,Maize,1995,3366,4.44,383.0,24.37,0.3366
Eritrea,Maize,1996,3974,4.44,383.0,24.36,0.3974
Eritrea,Maize,1997,2495,30.92,383.0,24.32,0.2495
Eritrea,Maize,1998,7532,19.61,383.0,24.78,0.7532
Eritrea,Maize,1999,7920,22.28,383.0,24.68,0.792
Eritrea,Maize,2000,2358,24.96,383.0,24.76,0.2358
Eritrea,Maize,2001,7851,27.63,383.0,24.61,0.7851
Eritrea,Maize,2002,2076,27.63,383.0,24.86,0.2076
Eritrea,Maize,2004,2409,27.63,383.0,24.79,0.2409
Eritrea,Maize,2005,4906,27.63,383.0,24.85,0.4906
Eritrea,Maize,2006,9755,27.63,383.0,24.7,0.9755
Eritrea,Maize,2007,8321,27.63,383.0,24.7,0.8321
Eritrea,Maize,2008,2123,27.63,383.0,24.79,0.2123
Eritrea,Maize,2009,8689,27.63,383.0,25.3,0.8689
Eritrea,Maize,2010,9000,27.63,383.0,25.22,0.9
Eritrea,Maize,2011,9524,27.63,383.0,24.78,0.9524
Eritrea,Maize,2012,10476,27.63,383.0,25.16,1.0476
Eritrea,Maize,2013,10000,27.63,383.0,25.87,1.0
Eritrea,Potatoes,1993,82000,4.44,383.0,24.09,8.2
Eritrea,Potatoes,1994,80659,4.44,383.0,24.13,8.0659
Eritrea,Potatoes,1995,79816,4.44,383.0,24.37,7.9816
Eritrea,Potatoes,1996,79592,4.44,383.0,24.36,7.9592
Eritrea,Potatoes,1997,80769,30.92,383.0,24.32,8.0769
Eritrea,Potatoes,1998,83333,19.61,383.0,24.78,8.3333
Eritrea,Potatoes,1999,80000,22.28,383.0,24.68,8.0
Eritrea,Potatoes,2000,70012,24.96,383.0,24.76,7.0012
Eritrea,Potatoes,2001,58050,27.63,383.0,24.61,5.805
Eritrea,Potatoes,2002,61120,27.63,383.0,24.86,6.112
Eritrea,Potatoes,2004,64000,27.63,383.0,24.79,6.4
Eritrea,Potatoes,2005,79311,27.63,383.0,24.85,7.9311
Eritrea,Potatoes,2006,78493,27.63,383.0,24.7,7.8493
Eritrea,Potatoes,2007,24508,27.63,383.0,24.7,2.4508
Eritrea,Potatoes,2008,8406,27.63,383.0,24.79,0.8406
Eritrea,Potatoes,2009,12000,27.63,383.0,25.3,1.2
Eritrea,Potatoes,2010,15729,27.63,383.0,25.22,1.5729
Eritrea,Potatoes,2011,18180,27.63,383.0,24.78,1.818
Eritrea,Potatoes,2012,14209,27.63,383.0,25.16,1.4209
Eritrea,Potatoes,2013,12819,27.63,383.0,25.87,1.2819
Eritrea,Sorghum,1993,3197,4.44,383.0,24.09,0.3197
Eritrea,Sorghum,1994,9028,4.44,383.0,24.13,0.9028
Eritrea,Sorghum,1995,4820,4.44,383.0,24.37,0.482
Eritrea,Sorghum,1996,2463,4.44,383.0,24.36,0.2463
Eritrea,Sorghum,1997,2850,30.92,383.0,24.32,0.285
Eritrea,Sorghum,1998,11420,19.61,383.0,24.78,1.142
Eritrea,Sorghum,1999,8766,22.28,383.0,24.68,0.8766
Eritrea,Sorghum,2000,4118,24.96,383.0,24.76,0.4118
Eritrea,Sorghum,2001,4750,27.63,383.0,24.61,0.475
Eritrea,Sorghum,2002,1562,27.63,383.0,24.86,0.1562
Eritrea,Sorghum,2004,2680,27.63,383.0,24.79,0.268
Eritrea,Sorghum,2005,7907,27.63,383.0,24.85,0.7907
Eritrea,Sorghum,2006,7928,27.63,383.0,24.7,0.7928
Eritrea,Sorghum,2007,10693,27.63,383.0,24.7,1.0693
Eritrea,Sorghum,2008,2727,27.63,383.0,24.79,0.2727
Eritrea,Sorghum,2009,2358,27.63,383.0,25.3,0.2358
Eritrea,Sorghum,2010,1320,27.63,383.0,25.22,0.132
Eritrea,Sorghum,2011,1124,27.63,383.0,24.78,0.1124
Eritrea,Sorghum,2012,1269,27.63,383.0,25.16,0.1269
Eritrea,Sorghum,2013,1200,27.63,383.0,25.87,0.12
Eritrea,Wheat,1993,2038,4.44,383.0,24.09,0.2038
Eritrea,Wheat,1994,7449,4.44,383.0,24.13,0.7449
Eritrea,Wheat,1995,5124,4.44,383.0,24.37,0.5124
Eritrea,Wheat,1996,3665,4.44,383.0,24.36,0.3665
Eritrea,Wheat,1997,3434,30.92,383.0,24.32,0.3434
Eritrea,Wheat,1998,9552,19.61,383.0,24.78,0.9552
Eritrea,Wheat,1999,7700,22.28,383.0,24.68,0.77
Eritrea,Wheat,2000,5943,24.96,383.0,24.76,0.5943
Eritrea,Wheat,2001,11658,27.63,383.0,24.61,1.1658
Eritrea,Wheat,2002,1706,27.63,383.0,24.86,0.1706
Eritrea,Wheat,2004,2980,27.63,383.0,24.79,0.298
Eritrea,Wheat,2005,11565,27.63,383.0,24.85,1.1565
Eritrea,Wheat,2006,11604,27.63,383.0,24.7,1.1604
Eritrea,Wheat,2007,8395,27.63,383.0,24.7,0.8395
Eritrea,Wheat,2008,3307,27.63,383.0,24.79,0.3307
Eritrea,Wheat,2009,10706,27.63,383.0,25.3,1.0706
Eritrea,Wheat,2010,11786,27.63,383.0,25.22,1.1786
Eritrea,Wheat,2011,11154,27.63,383.0,24.78,1.1154
Eritrea,Wheat,2012,12692,27.63,383.0,25.16,1.2692
Eritrea,Wheat,2013,12000,27.63,383.0,25.87,1.2
Estonia,Potatoes,1992,144514,469.0,626.0,6.51,14.4514
Estonia,Potatoes,1993,126432,170.0,626.0,5.26,12.6432
Estonia,Potatoes,1994,140959,176.0,626.0,5.35,14.0959
Estonia,Potatoes,1995,145590,154.0,626.0,6.23,14.559
Estonia,Potatoes,1996,141758,133.0,626.0,4.63,14.1758
Estonia,Potatoes,1997,124153,200.0,626.0,5.95,12.4153
Estonia,Potatoes,1998,97147,195.0,626.0,5.5,9.7147
Estonia,Potatoes,1999,129807,187.0,626.0,6.55,12.9807
Estonia,Potatoes,2000,152654,315.0,626.0,7.12,15.2654
Estonia,Potatoes,2001,155249,329.0,626.0,6.08,15.5249
Estonia,Potatoes,2002,131599,331.0,626.0,6.34,13.1599
Estonia,Potatoes,2004,103416,351.0,626.0,6.03,10.3416
Estonia,Potatoes,2005,150277,386.0,626.0,6.04,15.0277
Estonia,Potatoes,2006,132608,452.0,626.0,6.7,13.2608
Estonia,Potatoes,2007,171977,460.0,626.0,6.97,17.1977
Estonia,Potatoes,2008,142273,551.0,626.0,7.39,14.2273
Estonia,Potatoes,2009,152752,402.0,626.0,6.14,15.2752
Estonia,Potatoes,2010,174562,514.0,626.0,5.06,17.4562
Estonia,Potatoes,2011,178361,460.0,626.0,6.98,17.8361
Estonia,Potatoes,2012,182175,553.0,626.0,5.57,18.2175
Estonia,Potatoes,2013,193558,567.0,626.0,7.28,19.3558
Estonia,Wheat,1992,20562,469.0,626.0,6.51,2.0562
Estonia,Wheat,1993,20994,170.0,626.0,5.26,2.0994
Estonia,Wheat,1994,16686,176.0,626.0,5.35,1.6686
Estonia,Wheat,1995,19974,154.0,626.0,6.23,1.9974
Estonia,Wheat,1996,22046,133.0,626.0,4.63,2.2046
Estonia,Wheat,1997,21850,200.0,626.0,5.95,2.185
Estonia,Wheat,1998,17666,195.0,626.0,5.5,1.7666
Estonia,Wheat,1999,13377,187.0,626.0,6.55,1.3377
Estonia,Wheat,2000,21285,315.0,626.0,7.12,2.1285
Estonia,Wheat,2001,22302,329.0,626.0,6.08,2.2302
Estonia,Wheat,2002,23025,331.0,626.0,6.34,2.3025
Estonia,Wheat,2004,25083,351.0,626.0,6.03,2.5083
Estonia,Wheat,2005,30818,386.0,626.0,6.04,3.0818
Estonia,Wheat,2006,24173,452.0,626.0,6.7,2.4173
Estonia,Wheat,2007,34746,460.0,626.0,6.97,3.4746
Estonia,Wheat,2008,31831,551.0,626.0,7.39,3.1831
Estonia,Wheat,2009,30146,402.0,626.0,6.14,3.0146
Estonia,Wheat,2010,27440,514.0,626.0,5.06,2.744
Estonia,Wheat,2011,28065,460.0,626.0,6.98,2.8065
Estonia,Wheat,2012,38994,553.0,626.0,5.57,3.8994
Estonia,Wheat,2013,32754,567.0,626.0,7.28,3.2754
Finland,Potatoes,1990,214976,2001.0,536.0,6.07,21.4976
Finland,Potatoes,1991,185663,1738.0,536.0,5.62,18.5663
Finland,Potatoes,1992,192894,1372.0,536.0,5.8,19.2894
Finland,Potatoes,1993,213516,1200.0,536.0,4.74,21.3516
Finland,Potatoes,1994,198795,1247.0,536.0,4.66,19.8795
Finland,Potatoes,1995,221053,1041.0,536.0,5.63,22.1053
Finland,Potatoes,1996,220029,909.0,536.0,4.2,22.0029
Finland,Potatoes,1997,227139,999.0,536.0,5.36,22.7139
Finland,Potatoes,1998,180091,1164.0,536.0,4.71,18.0091
Finland,Potatoes,1999,244923,1139.0,536.0,5.7,24.4923
Finland,Potatoes,2000,243851,1147.48,536.0,6.57,24.3851
Finland,Potatoes,2001,244267,1423.27,536.0,5.35,24.4267
Finland,Potatoes,2002,261779,1620.36,536.0,5.54,26.1779
Finland,Potatoes,2004,226886,1489.12,536.0,5.4,22.6886
Finland,Potatoes,2005,256990,1431.04,536.0,5.8,25.699
Finland,Potatoes,2006,205607,1645.3,536.0,5.91,20.5607
Finland,Potatoes,2007,256996,1479.45,536.0,6.23,25.6996
Finland,Potatoes,2008,261221,1621.86,536.0,6.77,26.1221
Finland,Potatoes,2009,286098,1693.8,536.0,5.49,28.6098
Finland,Potatoes,2010,261548,1746.71,536.0,4.36,26.1548
Finland,Potatoes,2011,275943,1707.54,536.0,6.38,27.5943
Finland,Potatoes,2012,236522,1545.25,536.0,5.12,23.6522
Finland,Potatoes,2013,281312,1475.39,536.0,6.17,28.1312
Finland,Wheat,1990,34847,2001.0,536.0,6.07,3.4847
Finland,Wheat,1991,36391,1738.0,536.0,5.62,3.6391
Finland,Wheat,1992,24152,1372.0,536.0,5.8,2.4152
Finland,Wheat,1993,36212,1200.0,536.0,4.74,3.6212
Finland,Wheat,1994,37953,1247.0,536.0,4.66,3.7953
Finland,Wheat,1995,37686,1041.0,536.0,5.63,3.7686
Finland,Wheat,1996,40827,909.0,536.0,4.2,4.0827
Finland,Wheat,1997,37188,999.0,536.0,5.36,3.7188
Finland,Wheat,1998,28929,1164.0,536.0,4.71,2.8929
Finland,Wheat,1999,21589,1139.0,536.0,5.7,2.1589
Finland,Wheat,2000,36007,1147.48,536.0,6.57,3.6007
Finland,Wheat,2001,33811,1423.27,536.0,5.35,3.3811
Finland,Wheat,2002,32585,1620.36,536.0,5.54,3.2585
Finland,Wheat,2004,34738,1489.12,536.0,5.4,3.4738
Finland,Wheat,2005,37304,1431.04,536.0,5.8,3.7304
Finland,Wheat,2006,35575,1645.3,536.0,5.91,3.5575
Finland,Wheat,2007,39329,1479.45,536.0,6.23,3.9329
Finland,Wheat,2008,36408,1621.86,536.0,6.77,3.6408
Finland,Wheat,2009,41027,1693.8,536.0,5.49,4.1027
Finland,Wheat,2010,34299,1746.71,536.0,4.36,3.4299
Finland,Wheat,2011,38469,1707.54,536.0,6.38,3.8469
Finland,Wheat,2012,39028,1545.25,536.0,5.12,3.9028
Finland,Wheat,2013,38215,1475.39,536.0,6.17,3.8215
France,Maize,1990,60186,97701.0,867.0,11.96,6.0186
France,Maize,1991,72866,103434.0,867.0,10.6,7.2866
France,Maize,1992,79812,85249.0,867.0,11.15,7.9812
France,Maize,1993,80479,91953.0,867.0,10.7,8.0479
France,Maize,1994,77983,89515.0,867.0,11.96,7.7983
France,Maize,1995,77182,84011.0,867.0,11.69,7.7182
France,Maize,1996,83856,97890.0,867.0,10.14,8.3856
France,Maize,1997,90651,109792.0,867.0,11.59,9.0651
France,Maize,1998,84528,107753.0,867.0,11.25,8.4528
France,Maize,1999,89523,114695.0,867.0,11.83,8.9523
France,Maize,2000,90766,97878.0,867.0,11.74,9.0766
France,Maize,2001,85711,99694.0,867.0,11.37,8.5711
France,Maize,2002,89751,82448.0,867.0,11.87,8.9751
France,Maize,2004,89907,76099.0,867.0,11.34,8.9907
France,Maize,2005,82539,78265.0,867.0,11.55,8.2539
France,Maize,2006,85818,71612.0,867.0,11.79,8.5818
France,Maize,2007,94821,77255.0,867.0,11.75,9.4821
France,Maize,2008,91258,78577.0,867.0,11.28,9.1258
France,Maize,2009,88934,63676.0,867.0,11.46,8.8934
France,Maize,2010,88299,61903.0,867.0,10.41,8.8299
France,Maize,2011,99668,61039.0,867.0,12.33,9.9668
France,Maize,2012,90024,63547.59,867.0,11.22,9.0024
France,Maize,2013,81592,66497.29,867.0,11.01,8.1592
France,Potatoes,1990,290790,97701.0,867.0,11.96,29.079
France,Potatoes,1991,321625,103434.0,867.0,10.6,32.1625
France,Potatoes,1992,365434,85249.0,867.0,11.15,36.5434
France,Potatoes,1993,360076,91953.0,867.0,10.7,36.0076
France,Potatoes,1994,335302,89515.0,867.0,11.96,33.5302
France,Potatoes,1995,347354,84011.0,867.0,11.69,34.7354
France,Potatoes,1996,361751,97890.0,867.0,10.14,36.1751
France,Potatoes,1997,397848,109792.0,867.0,11.59,39.7848
France,Potatoes,1998,373559,107753.0,867.0,11.25,37.3559
France,Potatoes,1999,397361,114695.0,867.0,11.83,39.7361
France,Potatoes,2000,395987,97878.0,867.0,11.74,39.5987
France,Potatoes,2001,374385,99694.0,867.0,11.37,37.4385
France,Potatoes,2002,423804,82448.0,867.0,11.87,42.3804
France,Potatoes,2004,454162,76099.0,867.0,11.34,45.4162
France,Potatoes,2005,422227,78265.0,867.0,11.55,42.2227
France,Potatoes,2006,401909,71612.0,867.0,11.79,40.1909
France,Potatoes,2007,453347,77255.0,867.0,11.75,45.3347
France,Potatoes,2008,435194,78577.0,867.0,11.28,43.5194
France,Potatoes,2009,437856,63676.0,867.0,11.46,43.7856
France,Potatoes,2010,421566,61903.0,867.0,10.41,42.1566
France,Potatoes,2011,468991,61039.0,867.0,12.33,46.8991
France,Potatoes,2012,413769,63547.59,867.0,11.22,41.3769
France,Potatoes,2013,431560,66497.29,867.0,11.01,43.156
France,"Rice, paddy",1990,59461,97701.0,867.0,11.96,5.9461
France,"Rice, paddy",1991,53273,103434.0,867.0,10.6,5.3273
France,"Rice, paddy",1992,52448,85249.0,867.0,11.15,5.2448
France,"Rice, paddy",1993,49628,91953.0,867.0,10.7,4.9628
France,"Rice, paddy",1994,45700,89515.0,867.0,11.96,4.57
France,"Rice, paddy",1995,48627,84011.0,867.0,11.69,4.8627
France,"Rice, paddy",1996,52455,97890.0,867.0,10.14,5.2455
France,"Rice, paddy",1997,58919,109792.0,867.0,11.59,5.8919
France,"Rice, paddy",1998,58281,107753.0,867.0,11.25,5.8281
France,"Rice, paddy",1999,60915,114695.0,867.0,11.83,6.0915
France,"Rice, paddy",2000,58358,97878.0,867.0,11.74,5.8358
France,"Rice, paddy",2001,53603,99694.0,867.0,11.37,5.3603
France,"Rice, paddy",2002,56910,82448.0,867.0,11.87,5.691
France,"Rice, paddy",2004,57098,76099.0,867.0,11.34,5.7098
France,"Rice, paddy",2005,57314,78265.0,867.0,11.55,5.7314
France,"Rice, paddy",2006,54756,71612.0,867.0,11.79,5.4756
France,"Rice, paddy",2007,46354,77255.0,867.0,11.75,4.6354
France,"Rice, paddy",2008,57599,78577.0,867.0,11.28,5.7599
France,"Rice, paddy",2009,57406,63676.0,867.0,11.46,5.7406
France,"Rice, paddy",2010,50432,61903.0,867.0,10.41,5.0432
France,"Rice, paddy",2011,56263,61039.0,867.0,12.33,5.6263
France,"Rice, paddy",2012,55947,63547.59,867.0,11.22,5.5947
France,"Rice, paddy",2013,39400,66497.29,867.0,11.01,3.94
France,Sorghum,1990,41296,97701.0,867.0,11.96,4.1296
France,Sorghum,1991,54849,103434.0,867.0,10.6,5.4849
France,Sorghum,1992,56007,85249.0,867.0,11.15,5.6007
France,Sorghum,1993,61242,91953.0,867.0,10.7,6.1242
France,Sorghum,1994,55026,89515.0,867.0,11.96,5.5026
France,Sorghum,1995,55990,84011.0,867.0,11.69,5.599
France,Sorghum,1996,62667,97890.0,867.0,10.14,6.2667
France,Sorghum,1997,66645,109792.0,867.0,11.59,6.6645
France,Sorghum,1998,55734,107753.0,867.0,11.25,5.5734
France,Sorghum,1999,62061,114695.0,867.0,11.83,6.2061
France,Sorghum,2000,62275,97878.0,867.0,11.74,6.2275
France,Sorghum,2001,58761,99694.0,867.0,11.37,5.8761
France,Sorghum,2002,64431,82448.0,867.0,11.87,6.4431
France,Sorghum,2004,53484,76099.0,867.0,11.34,5.3484
France,Sorghum,2005,51495,78265.0,867.0,11.55,5.1495
France,Sorghum,2006,55127,71612.0,867.0,11.79,5.5127
France,Sorghum,2007,58655,77255.0,867.0,11.75,5.8655
France,Sorghum,2008,62159,78577.0,867.0,11.28,6.2159
France,Sorghum,2009,53928,63676.0,867.0,11.46,5.3928
France,Sorghum,2010,55112,61903.0,867.0,10.41,5.5112
France,Sorghum,2011,64627,61039.0,867.0,12.33,6.4627
France,Sorghum,2012,56861,63547.59,867.0,11.22,5.6861
France,Sorghum,2013,54344,66497.29,867.0,11.01,5.4344
France,Soybeans,1990,20940,97701.0,867.0,11.96,2.094
France,Soybeans,1991,24308,103434.0,867.0,10.6,2.4308
France,Soybeans,1992,17425,85249.0,867.0,11.15,1.7425
France,Soybeans,1993,24636,91953.0,867.0,10.7,2.4636
France,Soybeans,1994,25978,89515.0,867.0,11.96,2.5978
France,Soybeans,1995,25723,84011.0,867.0,11.69,2.5723
France,Soybeans,1996,26717,97890.0,867.0,10.14,2.6717
France,Soybeans,1997,27641,109792.0,867.0,11.59,2.7641
France,Soybeans,1998,25506,107753.0,867.0,11.25,2.5506
France,Soybeans,1999,26622,114695.0,867.0,11.83,2.6622
France,Soybeans,2000,25875,97878.0,867.0,11.74,2.5875
France,Soybeans,2001,25617,99694.0,867.0,11.37,2.5617
France,Soybeans,2002,27899,82448.0,867.0,11.87,2.7899
France,Soybeans,2004,25104,76099.0,867.0,11.34,2.5104
France,Soybeans,2005,24837,78265.0,867.0,11.55,2.4837
France,Soybeans,2006,27173,71612.0,867.0,11.79,2.7173
France,Soybeans,2007,25991,77255.0,867.0,11.75,2.5991
France,Soybeans,2008,28986,78577.0,867.0,11.28,2.8986
France,Soybeans,2009,25109,63676.0,867.0,11.46,2.5109
France,Soybeans,2010,27495,61903.0,867.0,10.41,2.7495
France,Soybeans,2011,29473,61039.0,867.0,12.33,2.9473
France,Soybeans,2012,27815,63547.59,867.0,11.22,2.7815
France,Soybeans,2013,25599,66497.29,867.0,11.01,2.5599
France,Wheat,1990,64787,97701.0,867.0,11.96,6.4787
France,Wheat,1991,66764,103434.0,867.0,10.6,6.6764
France,Wheat,1992,63992,85249.0,867.0,11.15,6.3992
France,Wheat,1993,64739,91953.0,867.0,10.7,6.4739
France,Wheat,1994,66685,89515.0,867.0,11.96,6.6685
France,Wheat,1995,65079,84011.0,867.0,11.69,6.5079
France,Wheat,1996,71361,97890.0,867.0,10.14,7.1361
France,Wheat,1997,66288,109792.0,867.0,11.59,6.6288
France,Wheat,1998,76063,107753.0,867.0,11.25,7.6063
France,Wheat,1999,72395,114695.0,867.0,11.83,7.2395
France,Wheat,2000,71175,97878.0,867.0,11.74,7.1175
France,Wheat,2001,66169,99694.0,867.0,11.37,6.6169
France,Wheat,2002,74455,82448.0,867.0,11.87,7.4455
France,Wheat,2004,75788,76099.0,867.0,11.34,7.5788
France,Wheat,2005,69887,78265.0,867.0,11.55,6.9887
France,Wheat,2006,67414,71612.0,867.0,11.79,6.7414
France,Wheat,2007,62542,77255.0,867.0,11.75,6.2542
France,Wheat,2008,71018,78577.0,867.0,11.28,7.1018
France,Wheat,2009,74478,63676.0,867.0,11.46,7.4478
France,Wheat,2010,70405,61903.0,867.0,10.41,7.0405
France,Wheat,2011,66563,61039.0,867.0,12.33,6.6563
France,Wheat,2012,71512,63547.59,867.0,11.22,7.1512
France,Wheat,2013,72656,66497.29,867.0,11.01,7.2656
Germany,Maize,1990,67762,31289.0,700.0,8.903333333333334,6.7762
Germany,Maize,1991,68432,32006.0,700.0,7.6933333333333325,6.8432
Germany,Maize,1992,72348,29542.0,700.0,8.71,7.2348
Germany,Maize,1993,80227,25170.0,700.0,7.746666666666667,8.0227
Germany,Maize,1994,70808,26330.0,700.0,8.933333333333334,7.0808
Germany,Maize,1995,73664,30090.0,700.0,8.08,7.3664
Germany,Maize,1996,78272,31683.0,700.0,6.596666666666667,7.8272
Germany,Maize,1997,86577,30414.0,700.0,8.263333333333334,8.6577
Germany,Maize,1998,81561,33377.0,700.0,8.340000000000002,8.1561
Germany,Maize,1999,87850,30019.0,700.0,8.716666666666667,8.785
Germany,Maize,2000,92119,35273.17,700.0,9.136666666666667,9.2119
Germany,Maize,2001,88376,33423.49,700.0,8.156666666666666,8.8376
Germany,Maize,2002,93755,34431.72,700.0,8.793333333333333,9.3755
Germany,Maize,2004,90966,34930.37,700.0,8.243333333333334,9.0966
Germany,Maize,2005,92139,36386.27,700.0,8.17,9.2139
Germany,Maize,2006,80307,38540.15,700.0,8.88,8.0307
Germany,Maize,2007,94475,40740.64,700.0,9.176666666666668,9.4475
Germany,Maize,2008,98099,43413.01,700.0,8.88,9.8099
Germany,Maize,2009,97500,39289.43,700.0,8.52,9.75
Germany,Maize,2010,90261,40832.42,700.0,7.1433333333333335,9.0261
Germany,Maize,2011,106243,43754.35,700.0,8.950000000000001,10.6243
Germany,Maize,2012,104802,45522.5,700.0,8.346666666666666,10.4802
Germany,Maize,2013,88276,43756.1,700.0,8.43,8.8276
Germany,Potatoes,1990,257764,31289.0,700.0,8.903333333333334,25.7764
Germany,Potatoes,1991,298464,32006.0,700.0,7.6933333333333325,29.8464
Germany,Potatoes,1992,301928,29542.0,700.0,8.71,30.1928
Germany,Potatoes,1993,392539,25170.0,700.0,7.746666666666667,39.2539
Germany,Potatoes,1994,329512,26330.0,700.0,8.933333333333334,32.9512
Germany,Potatoes,1995,314059,30090.0,700.0,8.08,31.4059
Germany,Potatoes,1996,390096,31683.0,700.0,6.596666666666667,39.0096
Germany,Potatoes,1997,384055,30414.0,700.0,8.263333333333334,38.4055
Germany,Potatoes,1998,381394,33377.0,700.0,8.340000000000002,38.1394
Germany,Potatoes,1999,374989,30019.0,700.0,8.716666666666667,37.4989
Germany,Potatoes,2000,433437,35273.17,700.0,9.136666666666667,43.3437
Germany,Potatoes,2001,407758,33423.49,700.0,8.156666666666666,40.7758
Germany,Potatoes,2002,391226,34431.72,700.0,8.793333333333333,39.1226
Germany,Potatoes,2004,441756,34930.37,700.0,8.243333333333334,44.1756
Germany,Potatoes,2005,419798,36386.27,700.0,8.17,41.9798
Germany,Potatoes,2006,365680,38540.15,700.0,8.88,36.568
Germany,Potatoes,2007,423470,40740.64,700.0,9.176666666666668,42.347
Germany,Potatoes,2008,437606,43413.01,700.0,8.88,43.7606
Germany,Potatoes,2009,443045,39289.43,700.0,8.52,44.3045
Germany,Potatoes,2010,398758,40832.42,700.0,7.1433333333333335,39.8758
Germany,Potatoes,2011,457565,43754.35,700.0,8.950000000000001,45.7565
Germany,Potatoes,2012,447570,45522.5,700.0,8.346666666666666,44.757
Germany,Potatoes,2013,398258,43756.1,700.0,8.43,39.8258
Germany,Soybeans,1990,19792,31289.0,700.0,8.903333333333334,1.9792
Germany,Soybeans,1991,23917,32006.0,700.0,7.6933333333333325,2.3917
Germany,Soybeans,1992,30000,29542.0,700.0,8.71,3.0
Germany,Soybeans,1993,20000,25170.0,700.0,7.746666666666667,2.0
Germany,Soybeans,1994,20000,26330.0,700.0,8.933333333333334,2.0
Germany,Soybeans,1995,20587,30090.0,700.0,8.08,2.0587
Germany,Soybeans,1996,20000,31683.0,700.0,6.596666666666667,2.0
Germany,Soybeans,1997,20000,30414.0,700.0,8.263333333333334,2.0
Germany,Soybeans,1998,21896,33377.0,700.0,8.340000000000002,2.1896
Germany,Soybeans,1999,26010,30019.0,700.0,8.716666666666667,2.601
Germany,Soybeans,2000,20000,35273.17,700.0,9.136666666666667,2.0
Germany,Soybeans,2001,19584,33423.49,700.0,8.156666666666666,1.9584
Germany,Soybeans,2002,15337,34431.72,700.0,8.793333333333333,1.5337
Germany,Soybeans,2006,10000,38540.15,700.0,8.88,1.0
Germany,Soybeans,2007,10000,40740.64,700.0,9.176666666666668,1.0
Germany,Soybeans,2008,10000,43413.01,700.0,8.88,1.0
Germany,Soybeans,2009,10000,39289.43,700.0,8.52,1.0
Germany,Soybeans,2010,20000,40832.42,700.0,7.1433333333333335,2.0
Germany,Soybeans,2011,15000,43754.35,700.0,8.950000000000001,1.5
Germany,Soybeans,2012,20000,45522.5,700.0,8.346666666666666,2.0
Germany,Soybeans,2013,20000,43756.1,700.0,8.43,2.0
Germany,Wheat,1990,62734,31289.0,700.0,8.903333333333334,6.2734
Germany,Wheat,1991,67712,32006.0,700.0,7.6933333333333325,6.7712
Germany,Wheat,1992,59811,29542.0,700.0,8.71,5.9811
Germany,Wheat,1993,65841,25170.0,700.0,7.746666666666667,6.5841
Germany,Wheat,1994,67684,26330.0,700.0,8.933333333333334,6.7684
Germany,Wheat,1995,68882,30090.0,700.0,8.08,6.8882
Germany,Wheat,1996,72932,31683.0,700.0,6.596666666666667,7.2932
Germany,Wheat,1997,72902,30414.0,700.0,8.263333333333334,7.2902
Germany,Wheat,1998,72035,33377.0,700.0,8.340000000000002,7.2035
Germany,Wheat,1999,75411,30019.0,700.0,8.716666666666667,7.5411
Germany,Wheat,2000,72826,35273.17,700.0,9.136666666666667,7.2826
Germany,Wheat,2001,78827,33423.49,700.0,8.156666666666666,7.8827
Germany,Wheat,2002,69056,34431.72,700.0,8.793333333333333,6.9056
Germany,Wheat,2004,81716,34930.37,700.0,8.243333333333334,8.1716
Germany,Wheat,2005,74651,36386.27,700.0,8.17,7.4651
Germany,Wheat,2006,72007,38540.15,700.0,8.88,7.2007
Germany,Wheat,2007,69611,40740.64,700.0,9.176666666666668,6.9611
Germany,Wheat,2008,80873,43413.01,700.0,8.88,8.0873
Germany,Wheat,2009,78091,39289.43,700.0,8.52,7.8091
Germany,Wheat,2010,72120,40832.42,700.0,7.1433333333333335,7.212
Germany,Wheat,2011,70139,43754.35,700.0,8.950000000000001,7.0139
Germany,Wheat,2012,73312,45522.5,700.0,8.346666666666666,7.3312
Germany,Wheat,2013,79979,43756.1,700.0,8.43,7.9979
Ghana,Cassava,1990,84170,65.8,1187.0,26.73,8.417
Ghana,Cassava,1991,106630,65.8,1187.0,26.6,10.663
Ghana,Cassava,1992,102591,65.8,1187.0,26.47,10.2591
Ghana,Cassava,1993,112309,65.8,1187.0,26.67,11.2309
Ghana,Cassava,1994,115776,65.8,1187.0,26.62,11.5776
Ghana,Cassava,1995,119924,65.8,1187.0,26.87,11.9924
Ghana,Cassava,1996,120392,1575.5,1187.0,26.61,12.0392
Ghana,Cassava,1997,118777,502.0,1187.0,26.58,11.8777
Ghana,Cassava,1998,113891,297.78,1187.0,27.28,11.3891
Ghana,Cassava,1999,122528,114.13,1187.0,26.74,12.2528
Ghana,Cassava,2000,122812,81.63,1187.0,26.83,12.2812
Ghana,Cassava,2001,123436,82.0,1187.0,26.76,12.3436
Ghana,Cassava,2002,122489,89.88,1187.0,26.92,12.2489
Ghana,Cassava,2004,124228,134.25,1187.0,27.02,12.4228
Ghana,Cassava,2005,127560,166.16,1187.0,27.06,12.756
Ghana,Cassava,2006,122000,771.58,1187.0,27.1,12.2
Ghana,Cassava,2007,127640,119.86,1187.0,27.16,12.764
Ghana,Cassava,2008,135145,350.83,1187.0,26.98,13.5145
Ghana,Cassava,2009,138074,378.97,1187.0,27.14,13.8074
Ghana,Cassava,2010,154330,378.97,1187.0,27.57,15.433
Ghana,Cassava,2011,160124,378.97,1187.0,27.11,16.0124
Ghana,Cassava,2012,167489,378.97,1187.0,26.86,16.7489
Ghana,Cassava,2013,182704,378.97,1187.0,27.24,18.2704
Ghana,Maize,1990,11889,65.8,1187.0,26.73,1.1889
Ghana,Maize,1991,15260,65.8,1187.0,26.6,1.526
Ghana,Maize,1992,12040,65.8,1187.0,26.47,1.204
Ghana,Maize,1993,15092,65.8,1187.0,26.67,1.5092
Ghana,Maize,1994,14933,65.8,1187.0,26.62,1.4933
Ghana,Maize,1995,15020,65.8,1187.0,26.87,1.502
Ghana,Maize,1996,15153,1575.5,1187.0,26.61,1.5153
Ghana,Maize,1997,15285,502.0,1187.0,26.58,1.5285
Ghana,Maize,1998,14850,297.78,1187.0,27.28,1.485
Ghana,Maize,1999,14557,114.13,1187.0,26.74,1.4557
Ghana,Maize,2000,14578,81.63,1187.0,26.83,1.4578
Ghana,Maize,2001,13150,82.0,1187.0,26.76,1.315
Ghana,Maize,2002,14900,89.88,1187.0,26.92,1.49
Ghana,Maize,2004,15794,134.25,1187.0,27.02,1.5794
Ghana,Maize,2005,15613,166.16,1187.0,27.06,1.5613
Ghana,Maize,2006,14994,771.58,1187.0,27.1,1.4994
Ghana,Maize,2007,15437,119.86,1187.0,27.16,1.5437
Ghana,Maize,2008,17371,350.83,1187.0,26.98,1.7371
Ghana,Maize,2009,16969,378.97,1187.0,27.14,1.6969
Ghana,Maize,2010,18874,378.97,1187.0,27.57,1.8874
Ghana,Maize,2011,16458,378.97,1187.0,27.11,1.6458
Ghana,Maize,2012,18712,378.97,1187.0,26.86,1.8712
Ghana,Maize,2013,17240,378.97,1187.0,27.24,1.724
Ghana,Plantains and others,1990,61890,65.8,1187.0,26.73,6.189
Ghana,Plantains and others,1991,67914,65.8,1187.0,26.6,6.7914
Ghana,Plantains and others,1992,68873,65.8,1187.0,26.47,6.8873
Ghana,Plantains and others,1993,80432,65.8,1187.0,26.67,8.0432
Ghana,Plantains and others,1994,80365,65.8,1187.0,26.62,8.0365
Ghana,Plantains and others,1995,77059,65.8,1187.0,26.87,7.7059
Ghana,Plantains and others,1996,79711,1575.5,1187.0,26.61,7.9711
Ghana,Plantains and others,1997,80890,502.0,1187.0,26.58,8.089
Ghana,Plantains and others,1998,77780,297.78,1187.0,27.28,7.778
Ghana,Plantains and others,1999,81007,114.13,1187.0,26.74,8.1007
Ghana,Plantains and others,2000,79071,81.63,1187.0,26.83,7.9071
Ghana,Plantains and others,2001,78227,82.0,1187.0,26.76,7.8227
Ghana,Plantains and others,2002,82297,89.88,1187.0,26.92,8.2297
Ghana,Plantains and others,2004,84670,134.25,1187.0,27.02,8.467
Ghana,Plantains and others,2005,96276,166.16,1187.0,27.06,9.6276
Ghana,Plantains and others,2006,96990,771.58,1187.0,27.1,9.699
Ghana,Plantains and others,2007,105924,119.86,1187.0,27.16,10.5924
Ghana,Plantains and others,2008,107039,350.83,1187.0,26.98,10.7039
Ghana,Plantains and others,2009,109659,378.97,1187.0,27.14,10.9659
Ghana,Plantains and others,2010,107868,378.97,1187.0,27.57,10.7868
Ghana,Plantains and others,2011,107574,378.97,1187.0,27.11,10.7574
Ghana,Plantains and others,2012,105443,378.97,1187.0,26.86,10.5443
Ghana,Plantains and others,2013,108397,378.97,1187.0,27.24,10.8397
Ghana,"Rice, paddy",1990,16510,65.8,1187.0,26.73,1.651
Ghana,"Rice, paddy",1991,15901,65.8,1187.0,26.6,1.5901
Ghana,"Rice, paddy",1992,16499,65.8,1187.0,26.47,1.6499
Ghana,"Rice, paddy",1993,20389,65.8,1187.0,26.67,2.0389
Ghana,"Rice, paddy",1994,20062,65.8,1187.0,26.62,2.0062
Ghana,"Rice, paddy",1995,20192,65.8,1187.0,26.87,2.0192
Ghana,"Rice, paddy",1996,20496,1575.5,1187.0,26.61,2.0496
Ghana,"Rice, paddy",1997,16746,502.0,1187.0,26.58,1.6746
Ghana,"Rice, paddy",1998,14847,297.78,1187.0,27.28,1.4847
Ghana,"Rice, paddy",1999,19919,114.13,1187.0,26.74,1.9919
Ghana,"Rice, paddy",2000,21589,81.63,1187.0,26.83,2.1589
Ghana,"Rice, paddy",2001,20185,82.0,1187.0,26.76,2.0185
Ghana,"Rice, paddy",2002,22799,89.88,1187.0,26.92,2.2799
Ghana,"Rice, paddy",2004,20253,134.25,1187.0,27.02,2.0253
Ghana,"Rice, paddy",2005,23917,166.16,1187.0,27.06,2.3917
Ghana,"Rice, paddy",2006,20000,771.58,1187.0,27.1,2.0
Ghana,"Rice, paddy",2007,17015,119.86,1187.0,27.16,1.7015
Ghana,"Rice, paddy",2008,22735,350.83,1187.0,26.98,2.2735
Ghana,"Rice, paddy",2009,24109,378.97,1187.0,27.14,2.4109
Ghana,"Rice, paddy",2010,27126,378.97,1187.0,27.57,2.7126
Ghana,"Rice, paddy",2011,23495,378.97,1187.0,27.11,2.3495
Ghana,"Rice, paddy",2012,25386,378.97,1187.0,26.86,2.5386
Ghana,"Rice, paddy",2013,26378,378.97,1187.0,27.24,2.6378
Ghana,Sorghum,1990,6310,65.8,1187.0,26.73,0.631
Ghana,Sorghum,1991,9193,65.8,1187.0,26.6,0.9193
Ghana,Sorghum,1992,8422,65.8,1187.0,26.47,0.8422
Ghana,Sorghum,1993,10604,65.8,1187.0,26.67,1.0604
Ghana,Sorghum,1994,10825,65.8,1187.0,26.62,1.0825
Ghana,Sorghum,1995,10765,65.8,1187.0,26.87,1.0765
Ghana,Sorghum,1996,11245,1575.5,1187.0,26.61,1.1245
Ghana,Sorghum,1997,10278,502.0,1187.0,26.58,1.0278
Ghana,Sorghum,1998,11656,297.78,1187.0,27.28,1.1656
Ghana,Sorghum,1999,9689,114.13,1187.0,26.74,0.9689
Ghana,Sorghum,2000,9692,81.63,1187.0,26.83,0.9692
Ghana,Sorghum,2001,8499,82.0,1187.0,26.76,0.8499
Ghana,Sorghum,2002,9375,89.88,1187.0,26.92,0.9375
Ghana,Sorghum,2004,9627,134.25,1187.0,27.02,0.9627
Ghana,Sorghum,2005,10000,166.16,1187.0,27.06,1.0
Ghana,Sorghum,2006,9844,771.58,1187.0,27.1,0.9844
Ghana,Sorghum,2007,7427,119.86,1187.0,27.16,0.7427
Ghana,Sorghum,2008,11997,350.83,1187.0,26.98,1.1997
Ghana,Sorghum,2009,13119,378.97,1187.0,27.14,1.3119
Ghana,Sorghum,2010,12846,378.97,1187.0,27.57,1.2846
Ghana,Sorghum,2011,11790,378.97,1187.0,27.11,1.179
Ghana,Sorghum,2012,12129,378.97,1187.0,26.86,1.2129
Ghana,Sorghum,2013,11369,378.97,1187.0,27.24,1.1369
Ghana,Sweet potatoes,1996,13596,1575.5,1187.0,26.61,1.3596
Ghana,Sweet potatoes,1997,13593,502.0,1187.0,26.58,1.3593
Ghana,Sweet potatoes,1998,13617,297.78,1187.0,27.28,1.3617
Ghana,Sweet potatoes,1999,13846,114.13,1187.0,26.74,1.3846
Ghana,Sweet potatoes,2000,13953,81.63,1187.0,26.83,1.3953
Ghana,Sweet potatoes,2001,14066,82.0,1187.0,26.76,1.4066
Ghana,Sweet potatoes,2002,14071,89.88,1187.0,26.92,1.4071
Ghana,Sweet potatoes,2004,14259,134.25,1187.0,27.02,1.4259
Ghana,Sweet potatoes,2005,13869,166.16,1187.0,27.06,1.3869
Ghana,Sweet potatoes,2006,14765,771.58,1187.0,27.1,1.4765
Ghana,Sweet potatoes,2007,15242,119.86,1187.0,27.16,1.5242
Ghana,Sweet potatoes,2008,15759,350.83,1187.0,26.98,1.5759
Ghana,Sweet potatoes,2009,16326,378.97,1187.0,27.14,1.6326
Ghana,Sweet potatoes,2010,16904,378.97,1187.0,27.57,1.6904
Ghana,Sweet potatoes,2011,17687,378.97,1187.0,27.11,1.7687
Ghana,Sweet potatoes,2012,18243,378.97,1187.0,26.86,1.8243
Ghana,Sweet potatoes,2013,18243,378.97,1187.0,27.24,1.8243
Ghana,Yams,1990,73451,65.8,1187.0,26.73,7.3451
Ghana,Yams,1991,115790,65.8,1187.0,26.6,11.579
Ghana,Yams,1992,104034,65.8,1187.0,26.47,10.4034
Ghana,Yams,1993,131606,65.8,1187.0,26.67,13.1606
Ghana,Yams,1994,110256,65.8,1187.0,26.62,11.0256
Ghana,Yams,1995,120710,65.8,1187.0,26.87,12.071
Ghana,Yams,1996,127793,1575.5,1187.0,26.61,12.7793
Ghana,Yams,1997,128490,502.0,1187.0,26.58,12.849
Ghana,Yams,1998,128148,297.78,1187.0,27.28,12.8148
Ghana,Yams,1999,133871,114.13,1187.0,26.74,13.3871
Ghana,Yams,2000,128847,81.63,1187.0,26.83,12.8847
Ghana,Yams,2001,123414,82.0,1187.0,26.76,12.3414
Ghana,Yams,2002,129996,89.88,1187.0,26.92,12.9996
Ghana,Yams,2004,125220,134.25,1187.0,27.02,12.522
Ghana,Yams,2005,108072,166.16,1187.0,27.06,10.8072
Ghana,Yams,2006,131938,771.58,1187.0,27.1,13.1938
Ghana,Yams,2007,135233,119.86,1187.0,27.16,13.5233
Ghana,Yams,2008,140831,350.83,1187.0,26.98,14.0831
Ghana,Yams,2009,152555,378.97,1187.0,27.14,15.2555
Ghana,Yams,2010,154841,378.97,1187.0,27.57,15.4841
Ghana,Yams,2011,155906,378.97,1187.0,27.11,15.5906
Ghana,Yams,2012,155717,378.97,1187.0,26.86,15.5717
Ghana,Yams,2013,167820,378.97,1187.0,27.24,16.782
Greece,Maize,1990,96965,7420.0,652.0,18.05,9.6965
Greece,Maize,1991,101042,7420.0,652.0,17.07,10.1042
Greece,Maize,1992,99762,7869.0,652.0,17.13,9.9762
Greece,Maize,1993,98951,8826.0,652.0,17.53,9.8951
Greece,Maize,1994,97800,6341.0,652.0,18.47,9.78
Greece,Maize,1995,100563,6663.0,652.0,17.82,10.0563
Greece,Maize,1996,99314,7296.0,652.0,17.46,9.9314
Greece,Maize,1997,104030,9223.0,652.0,17.35,10.403
Greece,Maize,1998,88247,10702.0,652.0,18.15,8.8247
Greece,Maize,1999,95128,9635.0,652.0,18.82,9.5128
Greece,Maize,2000,96708,10627.0,652.0,18.2,9.6708
Greece,Maize,2001,103463,10725.0,652.0,18.67,10.3463
Greece,Maize,2002,99544,11852.0,652.0,18.33,9.9544
Greece,Maize,2004,101088,11594.0,652.0,18.07,10.1088
Greece,Maize,2005,103033,12083.0,652.0,17.91,10.3033
Greece,Maize,2006,101383,7505.3,652.0,17.78,10.1383
Greece,Maize,2007,100223,7345.7,652.0,18.67,10.0223
Greece,Maize,2008,104810,5130.8,652.0,18.61,10.481
Greece,Maize,2009,104326,3404.4,652.0,18.52,10.4326
Greece,Maize,2010,103818,5607.7,652.0,19.3,10.3818
Greece,Maize,2011,107069,8189.8,652.0,17.67,10.7069
Greece,Maize,2012,104559,8002.2,652.0,18.82,10.4559
Greece,Maize,2013,106689,8081.72,652.0,19.36,10.6689
Greece,Potatoes,1990,189470,7420.0,652.0,18.05,18.947
Greece,Potatoes,1991,202182,7420.0,652.0,17.07,20.2182
Greece,Potatoes,1992,204323,7869.0,652.0,17.13,20.4323
Greece,Potatoes,1993,202484,8826.0,652.0,17.53,20.2484
Greece,Potatoes,1994,200479,6341.0,652.0,18.47,20.0479
Greece,Potatoes,1995,200585,6663.0,652.0,17.82,20.0585
Greece,Potatoes,1996,200578,7296.0,652.0,17.46,20.0578
Greece,Potatoes,1997,191769,9223.0,652.0,17.35,19.1769
Greece,Potatoes,1998,202472,10702.0,652.0,18.15,20.2472
Greece,Potatoes,1999,199050,9635.0,652.0,18.82,19.905
Greece,Potatoes,2000,207228,10627.0,652.0,18.2,20.7228
Greece,Potatoes,2001,204626,10725.0,652.0,18.67,20.4626
Greece,Potatoes,2002,193885,11852.0,652.0,18.33,19.3885
Greece,Potatoes,2004,202638,11594.0,652.0,18.07,20.2638
Greece,Potatoes,2005,200680,12083.0,652.0,17.91,20.068
Greece,Potatoes,2006,198412,7505.3,652.0,17.78,19.8412
Greece,Potatoes,2007,206388,7345.7,652.0,18.67,20.6388
Greece,Potatoes,2008,201148,5130.8,652.0,18.61,20.1148
Greece,Potatoes,2009,207007,3404.4,652.0,18.52,20.7007
Greece,Potatoes,2010,206835,5607.7,652.0,19.3,20.6835
Greece,Potatoes,2011,202160,8189.8,652.0,17.67,20.216
Greece,Potatoes,2012,199165,8002.2,652.0,18.82,19.9165
Greece,Potatoes,2013,206787,8081.72,652.0,19.36,20.6787
Greece,"Rice, paddy",1990,60000,7420.0,652.0,18.05,6.0
Greece,"Rice, paddy",1991,54938,7420.0,652.0,17.07,5.4938
Greece,"Rice, paddy",1992,73611,7869.0,652.0,17.13,7.3611
Greece,"Rice, paddy",1993,73904,8826.0,652.0,17.53,7.3904
Greece,"Rice, paddy",1994,80813,6341.0,652.0,18.47,8.0813
Greece,"Rice, paddy",1995,81057,6663.0,652.0,17.82,8.1057
Greece,"Rice, paddy",1996,77561,7296.0,652.0,17.46,7.7561
Greece,"Rice, paddy",1997,74739,9223.0,652.0,17.35,7.4739
Greece,"Rice, paddy",1998,72195,10702.0,652.0,18.15,7.2195
Greece,"Rice, paddy",1999,73028,9635.0,652.0,18.82,7.3028
Greece,"Rice, paddy",2000,70098,10627.0,652.0,18.2,7.0098
Greece,"Rice, paddy",2001,71151,10725.0,652.0,18.67,7.1151
Greece,"Rice, paddy",2002,73683,11852.0,652.0,18.33,7.3683
Greece,"Rice, paddy",2004,71038,11594.0,652.0,18.07,7.1038
Greece,"Rice, paddy",2005,74059,12083.0,652.0,17.91,7.4059
Greece,"Rice, paddy",2006,77137,7505.3,652.0,17.78,7.7137
Greece,"Rice, paddy",2007,76337,7345.7,652.0,18.67,7.6337
Greece,"Rice, paddy",2008,73731,5130.8,652.0,18.61,7.3731
Greece,"Rice, paddy",2009,76682,3404.4,652.0,18.52,7.6682
Greece,"Rice, paddy",2010,69283,5607.7,652.0,19.3,6.9283
Greece,"Rice, paddy",2011,81086,8189.8,652.0,17.67,8.1086
Greece,"Rice, paddy",2012,74926,8002.2,652.0,18.82,7.4926
Greece,"Rice, paddy",2013,83964,8081.72,652.0,19.36,8.3964
Greece,Sorghum,1990,20000,7420.0,652.0,18.05,2.0
Greece,Sorghum,1991,30000,7420.0,652.0,17.07,3.0
Greece,Sorghum,1992,20000,7869.0,652.0,17.13,2.0
Greece,Sorghum,1993,56238,8826.0,652.0,17.53,5.6238
Greece,Sorghum,1994,37895,6341.0,652.0,18.47,3.7895
Greece,Sorghum,1995,37299,6663.0,652.0,17.82,3.7299
Greece,Sorghum,1996,36635,7296.0,652.0,17.46,3.6635
Greece,Sorghum,1997,22680,9223.0,652.0,17.35,2.268
Greece,Sorghum,1998,19251,10702.0,652.0,18.15,1.9251
Greece,Sorghum,1999,33852,9635.0,652.0,18.82,3.3852
Greece,Sorghum,2000,21021,10627.0,652.0,18.2,2.1021
Greece,Sorghum,2001,35212,10725.0,652.0,18.67,3.5212
Greece,Sorghum,2002,31008,11852.0,652.0,18.33,3.1008
Greece,Sorghum,2004,16230,11594.0,652.0,18.07,1.623
Greece,Sorghum,2005,13554,12083.0,652.0,17.91,1.3554
Greece,Sorghum,2006,16446,7505.3,652.0,17.78,1.6446
Greece,Sorghum,2007,11533,7345.7,652.0,18.67,1.1533
Greece,Sorghum,2008,10635,5130.8,652.0,18.61,1.0635
Greece,Sorghum,2009,21040,3404.4,652.0,18.52,2.104
Greece,Sorghum,2010,16082,5607.7,652.0,19.3,1.6082
Greece,Sorghum,2011,7930,8189.8,652.0,17.67,0.793
Greece,Sorghum,2012,14311,8002.2,652.0,18.82,1.4311
Greece,Sorghum,2013,26357,8081.72,652.0,19.36,2.6357
Greece,Soybeans,1990,30000,7420.0,652.0,18.05,3.0
Greece,Soybeans,1991,27500,7420.0,652.0,17.07,2.75
Greece,Soybeans,1992,30000,7869.0,652.0,17.13,3.0
Greece,Soybeans,1993,24307,8826.0,652.0,17.53,2.4307
Greece,Soybeans,1994,20107,6341.0,652.0,18.47,2.0107
Greece,Soybeans,1995,20000,6663.0,652.0,17.82,2.0
Greece,Soybeans,1996,22376,7296.0,652.0,17.46,2.2376
Greece,Soybeans,1997,22651,9223.0,652.0,17.35,2.2651
Greece,Soybeans,1998,23611,10702.0,652.0,18.15,2.3611
Greece,Soybeans,1999,15645,9635.0,652.0,18.82,1.5645
Greece,Soybeans,2000,17429,10627.0,652.0,18.2,1.7429
Greece,Soybeans,2001,16404,10725.0,652.0,18.67,1.6404
Greece,Soybeans,2002,19730,11852.0,652.0,18.33,1.973
Greece,Soybeans,2004,1265,11594.0,652.0,18.07,0.1265
Greece,Soybeans,2005,3716,12083.0,652.0,17.91,0.3716
Greece,Soybeans,2006,21491,7505.3,652.0,17.78,2.1491
Greece,Soybeans,2007,21121,7345.7,652.0,18.67,2.1121
Greece,Soybeans,2008,3684,5130.8,652.0,18.61,0.3684
Greece,Soybeans,2009,19920,3404.4,652.0,18.52,1.992
Greece,Soybeans,2010,27089,5607.7,652.0,19.3,2.7089
Greece,Soybeans,2011,25449,8189.8,652.0,17.67,2.5449
Greece,Soybeans,2012,25983,8002.2,652.0,18.82,2.5983
Greece,Soybeans,2013,27376,8081.72,652.0,19.36,2.7376
Greece,Sweet potatoes,1990,168333,7420.0,652.0,18.05,16.8333
Greece,Sweet potatoes,1991,200958,7420.0,652.0,17.07,20.0958
Greece,Sweet potatoes,1992,235305,7869.0,652.0,17.13,23.5305
Greece,Sweet potatoes,1993,207924,8826.0,652.0,17.53,20.7924
Greece,Sweet potatoes,1994,207442,6341.0,652.0,18.47,20.7442
Greece,Sweet potatoes,1995,146082,6663.0,652.0,17.82,14.6082
Greece,Sweet potatoes,1996,159367,7296.0,652.0,17.46,15.9367
Greece,Sweet potatoes,1997,126837,9223.0,652.0,17.35,12.6837
Greece,Sweet potatoes,1998,130777,10702.0,652.0,18.15,13.0777
Greece,Sweet potatoes,1999,184298,9635.0,652.0,18.82,18.4298
Greece,Sweet potatoes,2000,153007,10627.0,652.0,18.2,15.3007
Greece,Sweet potatoes,2001,176963,10725.0,652.0,18.67,17.6963
Greece,Sweet potatoes,2002,186335,11852.0,652.0,18.33,18.6335
Greece,Sweet potatoes,2004,205463,11594.0,652.0,18.07,20.5463
Greece,Sweet potatoes,2005,186025,12083.0,652.0,17.91,18.6025
Greece,Sweet potatoes,2006,186165,7505.3,652.0,17.78,18.6165
Greece,Sweet potatoes,2007,214260,7345.7,652.0,18.67,21.426
Greece,Sweet potatoes,2008,211841,5130.8,652.0,18.61,21.1841
Greece,Sweet potatoes,2009,204975,3404.4,652.0,18.52,20.4975
Greece,Sweet potatoes,2010,215419,5607.7,652.0,19.3,21.5419
Greece,Sweet potatoes,2011,197379,8189.8,652.0,17.67,19.7379
Greece,Sweet potatoes,2012,199034,8002.2,652.0,18.82,19.9034
Greece,Sweet potatoes,2013,221642,8081.72,652.0,19.36,22.1642
Greece,Wheat,1990,19332,7420.0,652.0,18.05,1.9332
Greece,Wheat,1991,31183,7420.0,652.0,17.07,3.1183
Greece,Wheat,1992,24315,7869.0,652.0,17.13,2.4315
Greece,Wheat,1993,22952,8826.0,652.0,17.53,2.2952
Greece,Wheat,1994,27510,6341.0,652.0,18.47,2.751
Greece,Wheat,1995,26341,6663.0,652.0,17.82,2.6341
Greece,Wheat,1996,24149,7296.0,652.0,17.46,2.4149
Greece,Wheat,1997,24172,9223.0,652.0,17.35,2.4172
Greece,Wheat,1998,24379,10702.0,652.0,18.15,2.4379
Greece,Wheat,1999,23910,9635.0,652.0,18.82,2.391
Greece,Wheat,2000,26666,10627.0,652.0,18.2,2.6666
Greece,Wheat,2001,25096,10725.0,652.0,18.67,2.5096
Greece,Wheat,2002,23432,11852.0,652.0,18.33,2.3432
Greece,Wheat,2004,24757,11594.0,652.0,18.07,2.4757
Greece,Wheat,2005,24058,12083.0,652.0,17.91,2.4058
Greece,Wheat,2006,22859,7505.3,652.0,17.78,2.2859
Greece,Wheat,2007,22353,7345.7,652.0,18.67,2.2353
Greece,Wheat,2008,27769,5130.8,652.0,18.61,2.7769
Greece,Wheat,2009,27436,3404.4,652.0,18.52,2.7436
Greece,Wheat,2010,26044,5607.7,652.0,19.3,2.6044
Greece,Wheat,2011,27004,8189.8,652.0,17.67,2.7004
Greece,Wheat,2012,26650,8002.2,652.0,18.82,2.665
Greece,Wheat,2013,27777,8081.72,652.0,19.36,2.7777
Guatemala,Cassava,1990,31400,12004.33,1996.0,19.64,3.14
Guatemala,Cassava,1991,29167,12004.33,1996.0,19.91,2.9167
Guatemala,Cassava,1992,31957,12004.33,1996.0,19.89,3.1957
Guatemala,Cassava,1993,31806,12004.33,1996.0,19.85,3.1806
Guatemala,Cassava,1994,32084,12004.33,1996.0,20.08,3.2084
Guatemala,Cassava,1995,32084,12004.33,1996.0,19.98,3.2084
Guatemala,Cassava,1996,31918,12004.33,1996.0,19.48,3.1918
Guatemala,Cassava,1997,31918,11419.53,1996.0,20.16,3.1918
Guatemala,Cassava,1998,28235,10834.74,1996.0,20.36,2.8235
Guatemala,Cassava,1999,22731,10249.94,1996.0,19.44,2.2731
Guatemala,Cassava,2000,22705,9665.14,1996.0,19.47,2.2705
Guatemala,Cassava,2001,14288,10023.42,1996.0,19.62,1.4288
Guatemala,Cassava,2002,13713,10381.71,1996.0,19.93,1.3713
Guatemala,Cassava,2004,14833,11959.92,1996.0,19.85,1.4833
Guatemala,Cassava,2005,14333,13506.02,1996.0,19.99,1.4333
Guatemala,Cassava,2006,13834,15951.27,1996.0,19.88,1.3834
Guatemala,Cassava,2007,13334,22883.17,1996.0,19.9,1.3334
Guatemala,Cassava,2008,12834,18091.67,1996.0,19.51,1.2834
Guatemala,Cassava,2009,12531,13276.7,1996.0,19.99,1.2531
Guatemala,Cassava,2010,12511,14898.25,1996.0,19.85,1.2511
Guatemala,Cassava,2011,12491,16540.71,1996.0,19.85,1.2491
Guatemala,Cassava,2012,12470,19726.3,1996.0,19.88,1.247
Guatemala,Cassava,2013,12450,20489.4,1996.0,20.37,1.245
Guatemala,Maize,1990,20052,12004.33,1996.0,19.64,2.0052
Guatemala,Maize,1991,18442,12004.33,1996.0,19.91,1.8442
Guatemala,Maize,1992,18831,12004.33,1996.0,19.89,1.8831
Guatemala,Maize,1993,18506,12004.33,1996.0,19.85,1.8506
Guatemala,Maize,1994,19569,12004.33,1996.0,20.08,1.9569
Guatemala,Maize,1995,19436,12004.33,1996.0,19.98,1.9436
Guatemala,Maize,1996,18201,12004.33,1996.0,19.48,1.8201
Guatemala,Maize,1997,14942,11419.53,1996.0,20.16,1.4942
Guatemala,Maize,1998,16994,10834.74,1996.0,20.36,1.6994
Guatemala,Maize,1999,17378,10249.94,1996.0,19.44,1.7378
Guatemala,Maize,2000,17811,9665.14,1996.0,19.47,1.7811
Guatemala,Maize,2001,20681,10023.42,1996.0,19.62,2.0681
Guatemala,Maize,2002,20659,10381.71,1996.0,19.93,2.0659
Guatemala,Maize,2004,21307,11959.92,1996.0,19.85,2.1307
Guatemala,Maize,2005,23360,13506.02,1996.0,19.99,2.336
Guatemala,Maize,2006,25807,15951.27,1996.0,19.88,2.5807
Guatemala,Maize,2007,23219,22883.17,1996.0,19.9,2.3219
Guatemala,Maize,2008,20115,18091.67,1996.0,19.51,2.0115
Guatemala,Maize,2009,19798,13276.7,1996.0,19.99,1.9798
Guatemala,Maize,2010,19944,14898.25,1996.0,19.85,1.9944
Guatemala,Maize,2011,19976,16540.71,1996.0,19.85,1.9976
Guatemala,Maize,2012,20348,19726.3,1996.0,19.88,2.0348
Guatemala,Maize,2013,20827,20489.4,1996.0,20.37,2.0827
Guatemala,Plantains and others,1990,394286,12004.33,1996.0,19.64,39.4286
Guatemala,Plantains and others,1991,411910,12004.33,1996.0,19.91,41.191
Guatemala,Plantains and others,1992,418505,12004.33,1996.0,19.89,41.8505
Guatemala,Plantains and others,1993,418505,12004.33,1996.0,19.85,41.8505
Guatemala,Plantains and others,1994,418505,12004.33,1996.0,20.08,41.8505
Guatemala,Plantains and others,1995,414079,12004.33,1996.0,19.98,41.4079
Guatemala,Plantains and others,1996,394286,12004.33,1996.0,19.48,39.4286
Guatemala,Plantains and others,1997,381003,11419.53,1996.0,20.16,38.1003
Guatemala,Plantains and others,1998,381146,10834.74,1996.0,20.36,38.1146
Guatemala,Plantains and others,1999,386101,10249.94,1996.0,19.44,38.6101
Guatemala,Plantains and others,2000,389764,9665.14,1996.0,19.47,38.9764
Guatemala,Plantains and others,2001,223715,10023.42,1996.0,19.62,22.3715
Guatemala,Plantains and others,2002,230957,10381.71,1996.0,19.93,23.0957
Guatemala,Plantains and others,2004,259605,11959.92,1996.0,19.85,25.9605
Guatemala,Plantains and others,2005,194704,13506.02,1996.0,19.99,19.4704
Guatemala,Plantains and others,2006,163086,15951.27,1996.0,19.88,16.3086
Guatemala,Plantains and others,2007,167445,22883.17,1996.0,19.9,16.7445
Guatemala,Plantains and others,2008,175233,18091.67,1996.0,19.51,17.5233
Guatemala,Plantains and others,2009,194704,13276.7,1996.0,19.99,19.4704
Guatemala,Plantains and others,2010,162205,14898.25,1996.0,19.85,16.2205
Guatemala,Plantains and others,2011,164167,16540.71,1996.0,19.85,16.4167
Guatemala,Plantains and others,2012,171753,19726.3,1996.0,19.88,17.1753
Guatemala,Plantains and others,2013,179551,20489.4,1996.0,20.37,17.9551
Guatemala,Potatoes,1990,210685,12004.33,1996.0,19.64,21.0685
Guatemala,Potatoes,1991,207137,12004.33,1996.0,19.91,20.7137
Guatemala,Potatoes,1992,204371,12004.33,1996.0,19.89,20.4371
Guatemala,Potatoes,1993,207000,12004.33,1996.0,19.85,20.7
Guatemala,Potatoes,1994,208248,12004.33,1996.0,20.08,20.8248
Guatemala,Potatoes,1995,207000,12004.33,1996.0,19.98,20.7
Guatemala,Potatoes,1996,209629,12004.33,1996.0,19.48,20.9629
Guatemala,Potatoes,1997,212213,11419.53,1996.0,20.16,21.2213
Guatemala,Potatoes,1998,213250,10834.74,1996.0,20.36,21.325
Guatemala,Potatoes,1999,215496,10249.94,1996.0,19.44,21.5496
Guatemala,Potatoes,2000,224631,9665.14,1996.0,19.47,22.4631
Guatemala,Potatoes,2001,367969,10023.42,1996.0,19.62,36.7969
Guatemala,Potatoes,2002,335861,10381.71,1996.0,19.93,33.5861
Guatemala,Potatoes,2004,255804,11959.92,1996.0,19.85,25.5804
Guatemala,Potatoes,2005,268403,13506.02,1996.0,19.99,26.8403
Guatemala,Potatoes,2006,248346,15951.27,1996.0,19.88,24.8346
Guatemala,Potatoes,2007,250489,22883.17,1996.0,19.9,25.0489
Guatemala,Potatoes,2008,242863,18091.67,1996.0,19.51,24.2863
Guatemala,Potatoes,2009,252535,13276.7,1996.0,19.99,25.2535
Guatemala,Potatoes,2010,252547,14898.25,1996.0,19.85,25.2547
Guatemala,Potatoes,2011,255064,16540.71,1996.0,19.85,25.5064
Guatemala,Potatoes,2012,249536,19726.3,1996.0,19.88,24.9536
Guatemala,Potatoes,2013,247554,20489.4,1996.0,20.37,24.7554
Guatemala,"Rice, paddy",1990,31111,12004.33,1996.0,19.64,3.1111
Guatemala,"Rice, paddy",1991,28745,12004.33,1996.0,19.91,2.8745
Guatemala,"Rice, paddy",1992,26021,12004.33,1996.0,19.89,2.6021
Guatemala,"Rice, paddy",1993,27338,12004.33,1996.0,19.85,2.7338
Guatemala,"Rice, paddy",1994,30022,12004.33,1996.0,20.08,3.0022
Guatemala,"Rice, paddy",1995,27877,12004.33,1996.0,19.98,2.7877
Guatemala,"Rice, paddy",1996,18086,12004.33,1996.0,19.48,1.8086
Guatemala,"Rice, paddy",1997,18548,11419.53,1996.0,20.16,1.8548
Guatemala,"Rice, paddy",1998,22581,10834.74,1996.0,20.36,2.2581
Guatemala,"Rice, paddy",1999,32924,10249.94,1996.0,19.44,3.2924
Guatemala,"Rice, paddy",2000,30764,9665.14,1996.0,19.47,3.0764
Guatemala,"Rice, paddy",2001,19229,10023.42,1996.0,19.62,1.9229
Guatemala,"Rice, paddy",2002,11989,10381.71,1996.0,19.93,1.1989
Guatemala,"Rice, paddy",2004,26236,11959.92,1996.0,19.85,2.6236
Guatemala,"Rice, paddy",2005,27463,13506.02,1996.0,19.99,2.7463
Guatemala,"Rice, paddy",2006,24662,15951.27,1996.0,19.88,2.4662
Guatemala,"Rice, paddy",2007,28203,22883.17,1996.0,19.9,2.8203
Guatemala,"Rice, paddy",2008,30625,18091.67,1996.0,19.51,3.0625
Guatemala,"Rice, paddy",2009,28922,13276.7,1996.0,19.99,2.8922
Guatemala,"Rice, paddy",2010,28258,14898.25,1996.0,19.85,2.8258
Guatemala,"Rice, paddy",2011,28621,16540.71,1996.0,19.85,2.8621
Guatemala,"Rice, paddy",2012,28928,19726.3,1996.0,19.88,2.8928
Guatemala,"Rice, paddy",2013,29387,20489.4,1996.0,20.37,2.9387
Guatemala,Sorghum,1990,16237,12004.33,1996.0,19.64,1.6237
Guatemala,Sorghum,1991,11759,12004.33,1996.0,19.91,1.1759
Guatemala,Sorghum,1992,12008,12004.33,1996.0,19.89,1.2008
Guatemala,Sorghum,1993,11691,12004.33,1996.0,19.85,1.1691
Guatemala,Sorghum,1994,8355,12004.33,1996.0,20.08,0.8355
Guatemala,Sorghum,1995,11610,12004.33,1996.0,19.98,1.161
Guatemala,Sorghum,1996,11846,12004.33,1996.0,19.48,1.1846
Guatemala,Sorghum,1997,11825,11419.53,1996.0,20.16,1.1825
Guatemala,Sorghum,1998,11699,10834.74,1996.0,20.36,1.1699
Guatemala,Sorghum,1999,12067,10249.94,1996.0,19.44,1.2067
Guatemala,Sorghum,2000,12057,9665.14,1996.0,19.47,1.2057
Guatemala,Sorghum,2001,13629,10023.42,1996.0,19.62,1.3629
Guatemala,Sorghum,2002,14004,10381.71,1996.0,19.93,1.4004
Guatemala,Sorghum,2004,16502,11959.92,1996.0,19.85,1.6502
Guatemala,Sorghum,2005,16225,13506.02,1996.0,19.99,1.6225
Guatemala,Sorghum,2006,13536,15951.27,1996.0,19.88,1.3536
Guatemala,Sorghum,2007,17498,22883.17,1996.0,19.9,1.7498
Guatemala,Sorghum,2008,16657,18091.67,1996.0,19.51,1.6657
Guatemala,Sorghum,2009,17523,13276.7,1996.0,19.99,1.7523
Guatemala,Sorghum,2010,17398,14898.25,1996.0,19.85,1.7398
Guatemala,Sorghum,2011,17482,16540.71,1996.0,19.85,1.7482
Guatemala,Sorghum,2012,17558,19726.3,1996.0,19.88,1.7558
Guatemala,Sorghum,2013,17290,20489.4,1996.0,20.37,1.729
Guatemala,Soybeans,1990,26288,12004.33,1996.0,19.64,2.6288
Guatemala,Soybeans,1991,26283,12004.33,1996.0,19.91,2.6283
Guatemala,Soybeans,1992,25441,12004.33,1996.0,19.89,2.5441
Guatemala,Soybeans,1993,28902,12004.33,1996.0,19.85,2.8902
Guatemala,Soybeans,1994,28389,12004.33,1996.0,20.08,2.8389
Guatemala,Soybeans,1995,27692,12004.33,1996.0,19.98,2.7692
Guatemala,Soybeans,1996,27617,12004.33,1996.0,19.48,2.7617
Guatemala,Soybeans,1997,27600,11419.53,1996.0,20.16,2.76
Guatemala,Soybeans,1998,31768,10834.74,1996.0,20.36,3.1768
Guatemala,Soybeans,1999,30780,10249.94,1996.0,19.44,3.078
Guatemala,Soybeans,2000,30548,9665.14,1996.0,19.47,3.0548
Guatemala,Soybeans,2001,29091,10023.42,1996.0,19.62,2.9091
Guatemala,Soybeans,2002,26923,10381.71,1996.0,19.93,2.6923
Guatemala,Soybeans,2004,26923,11959.92,1996.0,19.85,2.6923
Guatemala,Soybeans,2005,26923,13506.02,1996.0,19.99,2.6923
Guatemala,Soybeans,2006,26923,15951.27,1996.0,19.88,2.6923
Guatemala,Soybeans,2007,26923,22883.17,1996.0,19.9,2.6923
Guatemala,Soybeans,2008,26923,18091.67,1996.0,19.51,2.6923
Guatemala,Soybeans,2009,25714,13276.7,1996.0,19.99,2.5714
Guatemala,Soybeans,2010,31313,14898.25,1996.0,19.85,3.1313
Guatemala,Soybeans,2011,26429,16540.71,1996.0,19.85,2.6429
Guatemala,Soybeans,2012,26429,19726.3,1996.0,19.88,2.6429
Guatemala,Soybeans,2013,25333,20489.4,1996.0,20.37,2.5333
Guatemala,Sweet potatoes,1993,62500,12004.33,1996.0,19.85,6.25
Guatemala,Sweet potatoes,1994,66667,12004.33,1996.0,20.08,6.6667
Guatemala,Sweet potatoes,1995,62500,12004.33,1996.0,19.98,6.25
Guatemala,Sweet potatoes,1996,62500,12004.33,1996.0,19.48,6.25
Guatemala,Sweet potatoes,1997,66667,11419.53,1996.0,20.16,6.6667
Guatemala,Sweet potatoes,1998,60000,10834.74,1996.0,20.36,6.0
Guatemala,Sweet potatoes,1999,66667,10249.94,1996.0,19.44,6.6667
Guatemala,Sweet potatoes,2000,62500,9665.14,1996.0,19.47,6.25
Guatemala,Sweet potatoes,2001,60000,10023.42,1996.0,19.62,6.0
Guatemala,Sweet potatoes,2002,60000,10381.71,1996.0,19.93,6.0
Guatemala,Sweet potatoes,2004,66667,11959.92,1996.0,19.85,6.6667
Guatemala,Sweet potatoes,2005,64706,13506.02,1996.0,19.99,6.4706
Guatemala,Sweet potatoes,2006,62500,15951.27,1996.0,19.88,6.25
Guatemala,Sweet potatoes,2007,60000,22883.17,1996.0,19.9,6.0
Guatemala,Sweet potatoes,2008,66667,18091.67,1996.0,19.51,6.6667
Guatemala,Sweet potatoes,2009,65000,13276.7,1996.0,19.99,6.5
Guatemala,Sweet potatoes,2010,58333,14898.25,1996.0,19.85,5.8333
Guatemala,Sweet potatoes,2011,64286,16540.71,1996.0,19.85,6.4286
Guatemala,Sweet potatoes,2012,65000,19726.3,1996.0,19.88,6.5
Guatemala,Sweet potatoes,2013,63636,20489.4,1996.0,20.37,6.3636
Guatemala,Wheat,1990,19983,12004.33,1996.0,19.64,1.9983
Guatemala,Wheat,1991,20124,12004.33,1996.0,19.91,2.0124
Guatemala,Wheat,1992,20000,12004.33,1996.0,19.89,2.0
Guatemala,Wheat,1993,19924,12004.33,1996.0,19.85,1.9924
Guatemala,Wheat,1994,21025,12004.33,1996.0,20.08,2.1025
Guatemala,Wheat,1995,20987,12004.33,1996.0,19.98,2.0987
Guatemala,Wheat,1996,21020,12004.33,1996.0,19.48,2.102
Guatemala,Wheat,1997,20408,11419.53,1996.0,20.16,2.0408
Guatemala,Wheat,1998,19721,10834.74,1996.0,20.36,1.9721
Guatemala,Wheat,1999,19633,10249.94,1996.0,19.44,1.9633
Guatemala,Wheat,2000,20934,9665.14,1996.0,19.47,2.0934
Guatemala,Wheat,2001,29638,10023.42,1996.0,19.62,2.9638
Guatemala,Wheat,2002,19146,10381.71,1996.0,19.93,1.9146
Guatemala,Wheat,2004,20184,11959.92,1996.0,19.85,2.0184
Guatemala,Wheat,2005,21288,13506.02,1996.0,19.99,2.1288
Guatemala,Wheat,2006,22712,15951.27,1996.0,19.88,2.2712
Guatemala,Wheat,2007,22229,22883.17,1996.0,19.9,2.2229
Guatemala,Wheat,2008,24013,18091.67,1996.0,19.51,2.4013
Guatemala,Wheat,2009,22131,13276.7,1996.0,19.99,2.2131
Guatemala,Wheat,2010,20574,14898.25,1996.0,19.85,2.0574
Guatemala,Wheat,2011,20509,16540.71,1996.0,19.85,2.0509
Guatemala,Wheat,2012,21677,19726.3,1996.0,19.88,2.1677
Guatemala,Wheat,2013,20240,20489.4,1996.0,20.37,2.024
Guinea,Cassava,1990,72011,80.0,1651.0,27.08,7.2011
Guinea,Cassava,1991,71630,80.0,1651.0,27.22,7.163
Guinea,Cassava,1992,71253,80.0,1651.0,27.02,7.1253
Guinea,Cassava,1993,70876,21.0,1651.0,27.25,7.0876
Guinea,Cassava,1994,70505,39.0,1651.0,27.03,7.0505
Guinea,Cassava,1995,70131,153.0,1651.0,27.23,7.0131
Guinea,Cassava,1996,69762,157.0,1651.0,27.33,6.9762
Guinea,Cassava,1997,69393,157.0,1651.0,27.3,6.9393
Guinea,Cassava,1998,69024,181.35,1651.0,27.63,6.9024
Guinea,Cassava,1999,68660,205.71,1651.0,27.12,6.866
Guinea,Cassava,2000,68299,230.06,1651.0,27.12,6.8299
Guinea,Cassava,2001,69892,254.42,1651.0,27.36,6.9892
Guinea,Cassava,2002,71520,278.77,1651.0,27.53,7.152
Guinea,Cassava,2004,74892,327.49,1651.0,27.56,7.4892
Guinea,Cassava,2005,76636,351.84,1651.0,27.66,7.6636
Guinea,Cassava,2006,78422,376.19,1651.0,27.2,7.8422
Guinea,Cassava,2007,80249,400.55,1651.0,27.28,8.0249
Guinea,Cassava,2008,75231,424.9,1651.0,27.61,7.5231
Guinea,Cassava,2009,84899,449.26,1651.0,27.37,8.4899
Guinea,Cassava,2010,84900,556.24,1651.0,27.8,8.49
Guinea,Cassava,2011,84900,663.23,1651.0,27.51,8.49
Guinea,Cassava,2012,69200,770.21,1651.0,27.28,6.92
Guinea,Cassava,2013,69000,877.19,1651.0,27.29,6.9
Guinea,Maize,1990,10179,80.0,1651.0,27.08,1.0179
Guinea,Maize,1991,10527,80.0,1651.0,27.22,1.0527
Guinea,Maize,1992,10885,80.0,1651.0,27.02,1.0885
Guinea,Maize,1993,11255,21.0,1651.0,27.25,1.1255
Guinea,Maize,1994,11639,39.0,1651.0,27.03,1.1639
Guinea,Maize,1995,12036,153.0,1651.0,27.23,1.2036
Guinea,Maize,1996,12446,157.0,1651.0,27.33,1.2446
Guinea,Maize,1997,12870,157.0,1651.0,27.3,1.287
Guinea,Maize,1998,13308,181.35,1651.0,27.63,1.3308
Guinea,Maize,1999,13761,205.71,1651.0,27.12,1.3761
Guinea,Maize,2000,14230,230.06,1651.0,27.12,1.423
Guinea,Maize,2001,14430,254.42,1651.0,27.36,1.443
Guinea,Maize,2002,14664,278.77,1651.0,27.53,1.4664
Guinea,Maize,2004,15143,327.49,1651.0,27.56,1.5143
Guinea,Maize,2005,15388,351.84,1651.0,27.66,1.5388
Guinea,Maize,2006,15637,376.19,1651.0,27.2,1.5637
Guinea,Maize,2007,15891,400.55,1651.0,27.28,1.5891
Guinea,Maize,2008,10793,424.9,1651.0,27.61,1.0793
Guinea,Maize,2009,16318,449.26,1651.0,27.37,1.6318
Guinea,Maize,2010,16313,556.24,1651.0,27.8,1.6313
Guinea,Maize,2011,16584,663.23,1651.0,27.51,1.6584
Guinea,Maize,2012,12200,770.21,1651.0,27.28,1.22
Guinea,Maize,2013,12500,877.19,1651.0,27.29,1.25
Guinea,Plantains and others,1990,51333,80.0,1651.0,27.08,5.1333
Guinea,Plantains and others,1991,51788,80.0,1651.0,27.22,5.1788
Guinea,Plantains and others,1992,51923,80.0,1651.0,27.02,5.1923
Guinea,Plantains and others,1993,52019,21.0,1651.0,27.25,5.2019
Guinea,Plantains and others,1994,52500,39.0,1651.0,27.03,5.25
Guinea,Plantains and others,1995,51829,153.0,1651.0,27.23,5.1829
Guinea,Plantains and others,1996,52410,157.0,1651.0,27.33,5.241
Guinea,Plantains and others,1997,52197,157.0,1651.0,27.3,5.2197
Guinea,Plantains and others,1998,52247,181.35,1651.0,27.63,5.2247
Guinea,Plantains and others,1999,52282,205.71,1651.0,27.12,5.2282
Guinea,Plantains and others,2000,52527,230.06,1651.0,27.12,5.2527
Guinea,Plantains and others,2001,52250,254.42,1651.0,27.36,5.225
Guinea,Plantains and others,2002,52231,278.77,1651.0,27.53,5.2231
Guinea,Plantains and others,2004,52165,327.49,1651.0,27.56,5.2165
Guinea,Plantains and others,2005,52141,351.84,1651.0,27.66,5.2141
Guinea,Plantains and others,2006,52096,376.19,1651.0,27.2,5.2096
Guinea,Plantains and others,2007,51905,400.55,1651.0,27.28,5.1905
Guinea,Plantains and others,2008,52140,424.9,1651.0,27.61,5.214
Guinea,Plantains and others,2009,52202,449.26,1651.0,27.37,5.2202
Guinea,Plantains and others,2010,52256,556.24,1651.0,27.8,5.2256
Guinea,Plantains and others,2011,52614,663.23,1651.0,27.51,5.2614
Guinea,Plantains and others,2012,52222,770.21,1651.0,27.28,5.2222
Guinea,Plantains and others,2013,52200,877.19,1651.0,27.29,5.22
Guinea,Potatoes,2004,61356,327.49,1651.0,27.56,6.1356
Guinea,Potatoes,2005,63603,351.84,1651.0,27.66,6.3603
Guinea,Potatoes,2006,61011,376.19,1651.0,27.2,6.1011
Guinea,Potatoes,2007,59380,400.55,1651.0,27.28,5.938
Guinea,Potatoes,2008,65720,424.9,1651.0,27.61,6.572
Guinea,Potatoes,2009,89880,449.26,1651.0,27.37,8.988
Guinea,Potatoes,2010,59840,556.24,1651.0,27.8,5.984
Guinea,Potatoes,2011,56960,663.23,1651.0,27.51,5.696
Guinea,Potatoes,2012,68229,770.21,1651.0,27.28,6.8229
Guinea,Potatoes,2013,75236,877.19,1651.0,27.29,7.5236
Guinea,"Rice, paddy",1990,17106,80.0,1651.0,27.08,1.7106
Guinea,"Rice, paddy",1991,17110,80.0,1651.0,27.22,1.711
Guinea,"Rice, paddy",1992,17113,80.0,1651.0,27.02,1.7113
Guinea,"Rice, paddy",1993,17116,21.0,1651.0,27.25,1.7116
Guinea,"Rice, paddy",1994,17119,39.0,1651.0,27.03,1.7119
Guinea,"Rice, paddy",1995,17122,153.0,1651.0,27.23,1.7122
Guinea,"Rice, paddy",1996,17126,157.0,1651.0,27.33,1.7126
Guinea,"Rice, paddy",1997,17129,157.0,1651.0,27.3,1.7129
Guinea,"Rice, paddy",1998,17132,181.35,1651.0,27.63,1.7132
Guinea,"Rice, paddy",1999,17135,205.71,1651.0,27.12,1.7135
Guinea,"Rice, paddy",2000,17139,230.06,1651.0,27.12,1.7139
Guinea,"Rice, paddy",2001,17194,254.42,1651.0,27.36,1.7194
Guinea,"Rice, paddy",2002,17289,278.77,1651.0,27.53,1.7289
Guinea,"Rice, paddy",2004,17479,327.49,1651.0,27.56,1.7479
Guinea,"Rice, paddy",2005,17575,351.84,1651.0,27.66,1.7575
Guinea,"Rice, paddy",2006,17672,376.19,1651.0,27.2,1.7672
Guinea,"Rice, paddy",2007,17769,400.55,1651.0,27.28,1.7769
Guinea,"Rice, paddy",2008,19308,424.9,1651.0,27.61,1.9308
Guinea,"Rice, paddy",2009,16705,449.26,1651.0,27.37,1.6705
Guinea,"Rice, paddy",2010,11008,556.24,1651.0,27.8,1.1008
Guinea,"Rice, paddy",2011,11567,663.23,1651.0,27.51,1.1567
Guinea,"Rice, paddy",2012,12000,770.21,1651.0,27.28,1.2
Guinea,"Rice, paddy",2013,12500,877.19,1651.0,27.29,1.25
Guinea,Sorghum,1990,16420,80.0,1651.0,27.08,1.642
Guinea,Sorghum,1991,15715,80.0,1651.0,27.22,1.5715
Guinea,Sorghum,1992,15038,80.0,1651.0,27.02,1.5038
Guinea,Sorghum,1993,14390,21.0,1651.0,27.25,1.439
Guinea,Sorghum,1994,13768,39.0,1651.0,27.03,1.3768
Guinea,Sorghum,1995,13174,153.0,1651.0,27.23,1.3174
Guinea,Sorghum,1996,12605,157.0,1651.0,27.33,1.2605
Guinea,Sorghum,1997,12060,157.0,1651.0,27.3,1.206
Guinea,Sorghum,1998,11541,181.35,1651.0,27.63,1.1541
Guinea,Sorghum,1999,11042,205.71,1651.0,27.12,1.1042
Guinea,Sorghum,2000,10565,230.06,1651.0,27.12,1.0565
Guinea,Sorghum,2001,10111,254.42,1651.0,27.36,1.0111
Guinea,Sorghum,2002,10174,278.77,1651.0,27.53,1.0174
Guinea,Sorghum,2004,10334,327.49,1651.0,27.56,1.0334
Guinea,Sorghum,2005,10323,351.84,1651.0,27.66,1.0323
Guinea,Sorghum,2006,10417,376.19,1651.0,27.2,1.0417
Guinea,Sorghum,2007,10356,400.55,1651.0,27.28,1.0356
Guinea,Sorghum,2008,10029,424.9,1651.0,27.61,1.0029
Guinea,Sorghum,2009,9602,449.26,1651.0,27.37,0.9602
Guinea,Sorghum,2010,9799,556.24,1651.0,27.8,0.9799
Guinea,Sorghum,2011,9730,663.23,1651.0,27.51,0.973
Guinea,Sorghum,2012,9661,770.21,1651.0,27.28,0.9661
Guinea,Sorghum,2013,9592,877.19,1651.0,27.29,0.9592
Guinea,Sweet potatoes,1990,49493,80.0,1651.0,27.08,4.9493
Guinea,Sweet potatoes,1991,48075,80.0,1651.0,27.22,4.8075
Guinea,Sweet potatoes,1992,46705,80.0,1651.0,27.02,4.6705
Guinea,Sweet potatoes,1993,45371,21.0,1651.0,27.25,4.5371
Guinea,Sweet potatoes,1994,44074,39.0,1651.0,27.03,4.4074
Guinea,Sweet potatoes,1995,42809,153.0,1651.0,27.23,4.2809
Guinea,Sweet potatoes,1996,41590,157.0,1651.0,27.33,4.159
Guinea,Sweet potatoes,1997,40398,157.0,1651.0,27.3,4.0398
Guinea,Sweet potatoes,1998,39241,181.35,1651.0,27.63,3.9241
Guinea,Sweet potatoes,1999,38122,205.71,1651.0,27.12,3.8122
Guinea,Sweet potatoes,2000,37031,230.06,1651.0,27.12,3.7031
Guinea,Sweet potatoes,2001,36981,254.42,1651.0,27.36,3.6981
Guinea,Sweet potatoes,2002,37202,278.77,1651.0,27.53,3.7202
Guinea,Sweet potatoes,2004,36282,327.49,1651.0,27.56,3.6282
Guinea,Sweet potatoes,2005,36590,351.84,1651.0,27.66,3.659
Guinea,Sweet potatoes,2006,37130,376.19,1651.0,27.2,3.713
Guinea,Sweet potatoes,2007,36982,400.55,1651.0,27.28,3.6982
Guinea,Sweet potatoes,2008,36535,424.9,1651.0,27.61,3.6535
Guinea,Sweet potatoes,2009,32878,449.26,1651.0,27.37,3.2878
Guinea,Sweet potatoes,2010,31033,556.24,1651.0,27.8,3.1033
Guinea,Sweet potatoes,2011,34726,663.23,1651.0,27.51,3.4726
Guinea,Sweet potatoes,2012,34799,770.21,1651.0,27.28,3.4799
Guinea,Sweet potatoes,2013,34607,877.19,1651.0,27.29,3.4607
Guinea,Yams,1990,100000,80.0,1651.0,27.08,10.0
Guinea,Yams,1991,100000,80.0,1651.0,27.22,10.0
Guinea,Yams,1992,97333,80.0,1651.0,27.02,9.7333
Guinea,Yams,1993,108376,21.0,1651.0,27.25,10.8376
Guinea,Yams,1994,120000,39.0,1651.0,27.03,12.0
Guinea,Yams,1995,118750,153.0,1651.0,27.23,11.875
Guinea,Yams,1996,111198,157.0,1651.0,27.33,11.1198
Guinea,Yams,1997,111765,157.0,1651.0,27.3,11.1765
Guinea,Yams,1998,118180,181.35,1651.0,27.63,11.818
Guinea,Yams,1999,112822,205.71,1651.0,27.12,11.2822
Guinea,Yams,2000,113197,230.06,1651.0,27.12,11.3197
Guinea,Yams,2001,113485,254.42,1651.0,27.36,11.3485
Guinea,Yams,2002,120289,278.77,1651.0,27.53,12.0289
Guinea,Yams,2004,114162,327.49,1651.0,27.56,11.4162
Guinea,Yams,2005,113843,351.84,1651.0,27.66,11.3843
Guinea,Yams,2006,118441,376.19,1651.0,27.2,11.8441
Guinea,Yams,2007,111330,400.55,1651.0,27.28,11.133
Guinea,Yams,2008,91167,424.9,1651.0,27.61,9.1167
Guinea,Yams,2009,133141,449.26,1651.0,27.37,13.3141
Guinea,Yams,2010,109240,556.24,1651.0,27.8,10.924
Guinea,Yams,2011,111221,663.23,1651.0,27.51,11.1221
Guinea,Yams,2012,111594,770.21,1651.0,27.28,11.1594
Guinea,Yams,2013,113722,877.19,1651.0,27.29,11.3722
Guyana,Cassava,1990,109000,289.9,2387.0,27.07,10.9
Guyana,Cassava,1991,121538,289.9,2387.0,26.95,12.1538
Guyana,Cassava,1992,123200,289.9,2387.0,27.13,12.32
Guyana,Cassava,1993,117265,289.9,2387.0,26.95,11.7265
Guyana,Cassava,1994,119184,289.9,2387.0,27.12,11.9184
Guyana,Cassava,1995,125357,289.9,2387.0,27.57,12.5357
Guyana,Cassava,1996,115715,289.9,2387.0,27.11,11.5715
Guyana,Cassava,1997,113421,289.9,2387.0,27.25,11.3421
Guyana,Cassava,1998,99615,289.9,2387.0,27.71,9.9615
Guyana,Cassava,1999,110516,289.9,2387.0,27.16,11.0516
Guyana,Cassava,2000,112135,289.9,2387.0,27.05,11.2135
Guyana,Cassava,2001,111273,289.9,2387.0,27.27,11.1273
Guyana,Cassava,2002,108378,289.9,2387.0,27.17,10.8378
Guyana,Cassava,2004,109834,289.9,2387.0,27.45,10.9834
Guyana,Cassava,2005,108378,270.78,2387.0,27.71,10.8378
Guyana,Cassava,2006,110214,343.12,2387.0,27.49,11.0214
Guyana,Cassava,2007,109103,246.5,2387.0,27.3,10.9103
Guyana,Cassava,2008,103175,234.27,2387.0,27.31,10.3175
Guyana,Cassava,2009,109231,264.47,2387.0,27.67,10.9231
Guyana,Cassava,2010,106800,211.83,2387.0,27.87,10.68
Guyana,Cassava,2011,95857,400.76,2387.0,27.43,9.5857
Guyana,Cassava,2012,110944,427.73,2387.0,27.42,11.0944
Guyana,Cassava,2013,109286,358.72,2387.0,27.3,10.9286
Guyana,Maize,1990,15666,289.9,2387.0,27.07,1.5666
Guyana,Maize,1991,13555,289.9,2387.0,26.95,1.3555
Guyana,Maize,1992,12075,289.9,2387.0,27.13,1.2075
Guyana,Maize,1993,12069,289.9,2387.0,26.95,1.2069
Guyana,Maize,1994,11786,289.9,2387.0,27.12,1.1786
Guyana,Maize,1995,13177,289.9,2387.0,27.57,1.3177
Guyana,Maize,1996,11481,289.9,2387.0,27.11,1.1481
Guyana,Maize,1997,30385,289.9,2387.0,27.25,3.0385
Guyana,Maize,1998,15707,289.9,2387.0,27.71,1.5707
Guyana,Maize,1999,15005,289.9,2387.0,27.16,1.5005
Guyana,Maize,2000,12352,289.9,2387.0,27.05,1.2352
Guyana,Maize,2001,12644,289.9,2387.0,27.27,1.2644
Guyana,Maize,2002,14207,289.9,2387.0,27.17,1.4207
Guyana,Maize,2004,12500,289.9,2387.0,27.45,1.25
Guyana,Maize,2005,12500,270.78,2387.0,27.71,1.25
Guyana,Maize,2006,10000,343.12,2387.0,27.49,1.0
Guyana,Maize,2007,17174,246.5,2387.0,27.3,1.7174
Guyana,Maize,2008,13333,234.27,2387.0,27.31,1.3333
Guyana,Maize,2009,13476,264.47,2387.0,27.67,1.3476
Guyana,Maize,2010,13773,211.83,2387.0,27.87,1.3773
Guyana,Maize,2011,13868,400.76,2387.0,27.43,1.3868
Guyana,Maize,2012,13854,427.73,2387.0,27.42,1.3854
Guyana,Maize,2013,13841,358.72,2387.0,27.3,1.3841
Guyana,Plantains and others,1990,32500,289.9,2387.0,27.07,3.25
Guyana,Plantains and others,1991,29317,289.9,2387.0,26.95,2.9317
Guyana,Plantains and others,1992,28917,289.9,2387.0,27.13,2.8917
Guyana,Plantains and others,1993,29183,289.9,2387.0,26.95,2.9183
Guyana,Plantains and others,1994,32333,289.9,2387.0,27.12,3.2333
Guyana,Plantains and others,1995,34194,289.9,2387.0,27.57,3.4194
Guyana,Plantains and others,1996,30877,289.9,2387.0,27.11,3.0877
Guyana,Plantains and others,1997,34000,289.9,2387.0,27.25,3.4
Guyana,Plantains and others,1998,27333,289.9,2387.0,27.71,2.7333
Guyana,Plantains and others,1999,35722,289.9,2387.0,27.16,3.5722
Guyana,Plantains and others,2000,46584,289.9,2387.0,27.05,4.6584
Guyana,Plantains and others,2001,37611,289.9,2387.0,27.27,3.7611
Guyana,Plantains and others,2002,36988,289.9,2387.0,27.17,3.6988
Guyana,Plantains and others,2004,37776,289.9,2387.0,27.45,3.7776
Guyana,Plantains and others,2005,29892,270.78,2387.0,27.71,2.9892
Guyana,Plantains and others,2006,35055,343.12,2387.0,27.49,3.5055
Guyana,Plantains and others,2007,34707,246.5,2387.0,27.3,3.4707
Guyana,Plantains and others,2008,21350,234.27,2387.0,27.31,2.135
Guyana,Plantains and others,2009,33056,264.47,2387.0,27.67,3.3056
Guyana,Plantains and others,2010,46653,211.83,2387.0,27.87,4.6653
Guyana,Plantains and others,2011,26306,400.76,2387.0,27.43,2.6306
Guyana,Plantains and others,2012,32736,427.73,2387.0,27.42,3.2736
Guyana,Plantains and others,2013,33143,358.72,2387.0,27.3,3.3143
Guyana,"Rice, paddy",1990,30331,289.9,2387.0,27.07,3.0331
Guyana,"Rice, paddy",1991,33427,289.9,2387.0,26.95,3.3427
Guyana,"Rice, paddy",1992,35106,289.9,2387.0,27.13,3.5106
Guyana,"Rice, paddy",1993,33171,289.9,2387.0,26.95,3.3171
Guyana,"Rice, paddy",1994,37329,289.9,2387.0,27.12,3.7329
Guyana,"Rice, paddy",1995,39542,289.9,2387.0,27.57,3.9542
Guyana,"Rice, paddy",1996,40141,289.9,2387.0,27.11,4.0141
Guyana,"Rice, paddy",1997,39809,289.9,2387.0,27.25,3.9809
Guyana,"Rice, paddy",1998,40405,289.9,2387.0,27.71,4.0405
Guyana,"Rice, paddy",1999,38246,289.9,2387.0,27.16,3.8246
Guyana,"Rice, paddy",2000,38677,289.9,2387.0,27.05,3.8677
Guyana,"Rice, paddy",2001,39823,289.9,2387.0,27.27,3.9823
Guyana,"Rice, paddy",2002,41194,289.9,2387.0,27.17,4.1194
Guyana,"Rice, paddy",2004,43294,289.9,2387.0,27.45,4.3294
Guyana,"Rice, paddy",2005,39397,270.78,2387.0,27.71,3.9397
Guyana,"Rice, paddy",2006,46265,343.12,2387.0,27.49,4.6265
Guyana,"Rice, paddy",2007,43310,246.5,2387.0,27.3,4.331
Guyana,"Rice, paddy",2008,42324,234.27,2387.0,27.31,4.2324
Guyana,"Rice, paddy",2009,44353,264.47,2387.0,27.67,4.4353
Guyana,"Rice, paddy",2010,42328,211.83,2387.0,27.87,4.2328
Guyana,"Rice, paddy",2011,44102,400.76,2387.0,27.43,4.4102
Guyana,"Rice, paddy",2012,45280,427.73,2387.0,27.42,4.528
Guyana,"Rice, paddy",2013,49996,358.72,2387.0,27.3,4.9996
Guyana,Sweet potatoes,1997,16667,289.9,2387.0,27.25,1.6667
Guyana,Sweet potatoes,1998,19019,289.9,2387.0,27.71,1.9019
Guyana,Sweet potatoes,1999,19932,289.9,2387.0,27.16,1.9932
Guyana,Sweet potatoes,2000,20224,289.9,2387.0,27.05,2.0224
Guyana,Sweet potatoes,2001,16346,289.9,2387.0,27.27,1.6346
Guyana,Sweet potatoes,2002,16667,289.9,2387.0,27.17,1.6667
Guyana,Sweet potatoes,2004,60125,289.9,2387.0,27.45,6.0125
Guyana,Sweet potatoes,2005,92975,270.78,2387.0,27.71,9.2975
Guyana,Sweet potatoes,2006,137770,343.12,2387.0,27.49,13.777
Guyana,Sweet potatoes,2007,177561,246.5,2387.0,27.3,17.7561
Guyana,Sweet potatoes,2008,214445,234.27,2387.0,27.31,21.4445
Guyana,Sweet potatoes,2009,329827,264.47,2387.0,27.67,32.9827
Guyana,Sweet potatoes,2010,321208,211.83,2387.0,27.87,32.1208
Guyana,Sweet potatoes,2011,314369,400.76,2387.0,27.43,31.4369
Guyana,Sweet potatoes,2012,293877,427.73,2387.0,27.42,29.3877
Guyana,Sweet potatoes,2013,254655,358.72,2387.0,27.3,25.4655
Guyana,Yams,1997,96154,289.9,2387.0,27.25,9.6154
Guyana,Yams,1998,83772,289.9,2387.0,27.71,8.3772
Guyana,Yams,1999,93333,289.9,2387.0,27.16,9.3333
Guyana,Yams,2000,95100,289.9,2387.0,27.05,9.51
Guyana,Yams,2001,95512,289.9,2387.0,27.27,9.5512
Guyana,Yams,2002,96154,289.9,2387.0,27.17,9.6154
Guyana,Yams,2004,94444,289.9,2387.0,27.45,9.4444
Guyana,Yams,2005,93750,270.78,2387.0,27.71,9.375
Guyana,Yams,2006,92857,343.12,2387.0,27.49,9.2857
Guyana,Yams,2007,96154,246.5,2387.0,27.3,9.6154
Guyana,Yams,2008,123377,234.27,2387.0,27.31,12.3377
Guyana,Yams,2009,122139,264.47,2387.0,27.67,12.2139
Guyana,Yams,2010,123760,211.83,2387.0,27.87,12.376
Guyana,Yams,2011,57333,400.76,2387.0,27.43,5.7333
Guyana,Yams,2012,58600,427.73,2387.0,27.42,5.86
Guyana,Yams,2013,55067,358.72,2387.0,27.3,5.5067
Haiti,Cassava,1990,40244,17.14,1440.0,27.11,4.0244
Haiti,Cassava,1991,39881,18.86,1440.0,27.01,3.9881
Haiti,Cassava,1992,40326,11.52,1440.0,26.81,4.0326
Haiti,Cassava,1993,40244,6.96,1440.0,26.78,4.0244
Haiti,Cassava,1994,37500,8.58,1440.0,27.28,3.75
Haiti,Cassava,1995,39234,12.32,1440.0,27.3,3.9234
Haiti,Cassava,1996,40000,14.44,1440.0,26.85,4.0
Haiti,Cassava,1997,41332,16.35,1440.0,27.74,4.1332
Haiti,Cassava,1998,43000,23.78,1440.0,27.57,4.3
Haiti,Cassava,1999,43333,26.32,1440.0,27.01,4.3333
Haiti,Cassava,2000,43300,27.85,1440.0,26.76,4.33
Haiti,Cassava,2001,44613,27.85,1440.0,27.21,4.4613
Haiti,Cassava,2002,44000,27.85,1440.0,27.42,4.4
Haiti,Cassava,2004,44737,27.85,1440.0,27.37,4.4737
Haiti,Cassava,2005,43956,27.85,1440.0,27.35,4.3956
Haiti,Cassava,2006,44050,27.85,1440.0,27.41,4.405
Haiti,Cassava,2007,44118,27.85,1440.0,27.47,4.4118
Haiti,Cassava,2008,43939,27.85,1440.0,27.08,4.3939
Haiti,Cassava,2009,44173,27.85,1440.0,27.35,4.4173
Haiti,Cassava,2010,44629,27.85,1440.0,27.19,4.4629
Haiti,Cassava,2011,44502,27.85,1440.0,27.1,4.4502
Haiti,Cassava,2012,44590,27.85,1440.0,27.2,4.459
Haiti,Cassava,2013,44678,27.85,1440.0,27.2,4.4678
Haiti,Maize,1990,7951,17.14,1440.0,27.11,0.7951
Haiti,Maize,1991,8085,18.86,1440.0,27.01,0.8085
Haiti,Maize,1992,7948,11.52,1440.0,26.81,0.7948
Haiti,Maize,1993,8077,6.96,1440.0,26.78,0.8077
Haiti,Maize,1994,8014,8.58,1440.0,27.28,0.8014
Haiti,Maize,1995,8000,12.32,1440.0,27.3,0.8
Haiti,Maize,1996,7940,14.44,1440.0,26.85,0.794
Haiti,Maize,1997,7986,16.35,1440.0,27.74,0.7986
Haiti,Maize,1998,7900,23.78,1440.0,27.57,0.79
Haiti,Maize,1999,8333,26.32,1440.0,27.01,0.8333
Haiti,Maize,2000,7500,27.85,1440.0,26.76,0.75
Haiti,Maize,2001,6923,27.85,1440.0,27.21,0.6923
Haiti,Maize,2002,7475,27.85,1440.0,27.42,0.7475
Haiti,Maize,2004,7615,27.85,1440.0,27.37,0.7615
Haiti,Maize,2005,7802,27.85,1440.0,27.35,0.7802
Haiti,Maize,2006,7795,27.85,1440.0,27.41,0.7795
Haiti,Maize,2007,7803,27.85,1440.0,27.47,0.7803
Haiti,Maize,2008,7807,27.85,1440.0,27.08,0.7807
Haiti,Maize,2009,8013,27.85,1440.0,27.35,0.8013
Haiti,Maize,2010,8045,27.85,1440.0,27.19,0.8045
Haiti,Maize,2011,8103,27.85,1440.0,27.1,0.8103
Haiti,Maize,2012,8168,27.85,1440.0,27.2,0.8168
Haiti,Maize,2013,8545,27.85,1440.0,27.2,0.8545
Haiti,Plantains and others,1990,70238,17.14,1440.0,27.11,7.0238
Haiti,Plantains and others,1991,70000,18.86,1440.0,27.01,7.0
Haiti,Plantains and others,1992,67595,11.52,1440.0,26.81,6.7595
Haiti,Plantains and others,1993,65854,6.96,1440.0,26.78,6.5854
Haiti,Plantains and others,1994,64444,8.58,1440.0,27.28,6.4444
Haiti,Plantains and others,1995,66587,12.32,1440.0,27.3,6.6587
Haiti,Plantains and others,1996,66453,14.44,1440.0,26.85,6.6453
Haiti,Plantains and others,1997,66768,16.35,1440.0,27.74,6.6768
Haiti,Plantains and others,1998,66801,23.78,1440.0,27.57,6.6801
Haiti,Plantains and others,1999,66922,26.32,1440.0,27.01,6.6922
Haiti,Plantains and others,2000,66953,27.85,1440.0,26.76,6.6953
Haiti,Plantains and others,2001,66667,27.85,1440.0,27.21,6.6667
Haiti,Plantains and others,2002,67059,27.85,1440.0,27.42,6.7059
Haiti,Plantains and others,2004,63636,27.85,1440.0,27.37,6.3636
Haiti,Plantains and others,2005,66201,27.85,1440.0,27.35,6.6201
Haiti,Plantains and others,2006,64634,27.85,1440.0,27.41,6.4634
Haiti,Plantains and others,2007,64865,27.85,1440.0,27.47,6.4865
Haiti,Plantains and others,2008,64516,27.85,1440.0,27.08,6.4516
Haiti,Plantains and others,2009,95921,27.85,1440.0,27.35,9.5921
Haiti,Plantains and others,2010,66250,27.85,1440.0,27.19,6.625
Haiti,Plantains and others,2011,66250,27.85,1440.0,27.1,6.625
Haiti,Plantains and others,2012,66750,27.85,1440.0,27.2,6.675
Haiti,Plantains and others,2013,51436,27.85,1440.0,27.2,5.1436
Haiti,Potatoes,1990,109308,17.14,1440.0,27.11,10.9308
Haiti,Potatoes,1991,142771,18.86,1440.0,27.01,14.2771
Haiti,Potatoes,1992,145455,11.52,1440.0,26.81,14.5455
Haiti,Potatoes,1993,150000,6.96,1440.0,26.78,15.0
Haiti,Potatoes,1994,146259,8.58,1440.0,27.28,14.6259
Haiti,Potatoes,1995,143353,12.32,1440.0,27.3,14.3353
Haiti,Potatoes,1996,140000,14.44,1440.0,26.85,14.0
Haiti,Potatoes,1997,133760,16.35,1440.0,27.74,13.376
Haiti,Potatoes,1998,127059,23.78,1440.0,27.57,12.7059
Haiti,Potatoes,1999,122222,26.32,1440.0,27.01,12.2222
Haiti,Potatoes,2000,120000,27.85,1440.0,26.76,12.0
Haiti,Potatoes,2001,129412,27.85,1440.0,27.21,12.9412
Haiti,Potatoes,2002,127500,27.85,1440.0,27.42,12.75
Haiti,Potatoes,2004,127778,27.85,1440.0,27.37,12.7778
Haiti,Potatoes,2005,130000,27.85,1440.0,27.35,13.0
Haiti,Potatoes,2006,130461,27.85,1440.0,27.41,13.0461
Haiti,Potatoes,2007,131818,27.85,1440.0,27.47,13.1818
Haiti,Potatoes,2008,130435,27.85,1440.0,27.08,13.0435
Haiti,Potatoes,2009,125000,27.85,1440.0,27.35,12.5
Haiti,Potatoes,2010,121373,27.85,1440.0,27.19,12.1373
Haiti,Potatoes,2011,126448,27.85,1440.0,27.1,12.6448
Haiti,Potatoes,2012,127191,27.85,1440.0,27.2,12.7191
Haiti,Potatoes,2013,127142,27.85,1440.0,27.2,12.7142
Haiti,"Rice, paddy",1990,21122,17.14,1440.0,27.11,2.1122
Haiti,"Rice, paddy",1991,20000,18.86,1440.0,27.01,2.0
Haiti,"Rice, paddy",1992,21586,11.52,1440.0,26.81,2.1586
Haiti,"Rice, paddy",1993,20000,6.96,1440.0,26.78,2.0
Haiti,"Rice, paddy",1994,19811,8.58,1440.0,27.28,1.9811
Haiti,"Rice, paddy",1995,20000,12.32,1440.0,27.3,2.0
Haiti,"Rice, paddy",1996,24896,14.44,1440.0,26.85,2.4896
Haiti,"Rice, paddy",1997,22857,16.35,1440.0,27.74,2.2857
Haiti,"Rice, paddy",1998,19800,23.78,1440.0,27.57,1.98
Haiti,"Rice, paddy",1999,20833,26.32,1440.0,27.01,2.0833
Haiti,"Rice, paddy",2000,25000,27.85,1440.0,26.76,2.5
Haiti,"Rice, paddy",2001,20117,27.85,1440.0,27.21,2.0117
Haiti,"Rice, paddy",2002,20000,27.85,1440.0,27.42,2.0
Haiti,"Rice, paddy",2004,20508,27.85,1440.0,27.37,2.0508
Haiti,"Rice, paddy",2005,20270,27.85,1440.0,27.35,2.027
Haiti,"Rice, paddy",2006,20755,27.85,1440.0,27.41,2.0755
Haiti,"Rice, paddy",2007,22491,27.85,1440.0,27.47,2.2491
Haiti,"Rice, paddy",2008,20755,27.85,1440.0,27.08,2.0755
Haiti,"Rice, paddy",2009,22313,27.85,1440.0,27.35,2.2313
Haiti,"Rice, paddy",2010,23321,27.85,1440.0,27.19,2.3321
Haiti,"Rice, paddy",2011,24043,27.85,1440.0,27.1,2.4043
Haiti,"Rice, paddy",2012,24722,27.85,1440.0,27.2,2.4722
Haiti,"Rice, paddy",2013,28789,27.85,1440.0,27.2,2.8789
Haiti,Sorghum,1990,8000,17.14,1440.0,27.11,0.8
Haiti,Sorghum,1991,8182,18.86,1440.0,27.01,0.8182
Haiti,Sorghum,1992,8333,11.52,1440.0,26.81,0.8333
Haiti,Sorghum,1993,7829,6.96,1440.0,26.78,0.7829
Haiti,Sorghum,1994,7500,8.58,1440.0,27.28,0.75
Haiti,Sorghum,1995,7660,12.32,1440.0,27.3,0.766
Haiti,Sorghum,1996,7469,14.44,1440.0,26.85,0.7469
Haiti,Sorghum,1997,7692,16.35,1440.0,27.74,0.7692
Haiti,Sorghum,1998,7400,23.78,1440.0,27.57,0.74
Haiti,Sorghum,1999,7692,26.32,1440.0,27.01,0.7692
Haiti,Sorghum,2000,7000,27.85,1440.0,26.76,0.7
Haiti,Sorghum,2001,6250,27.85,1440.0,27.21,0.625
Haiti,Sorghum,2002,7791,27.85,1440.0,27.42,0.7791
Haiti,Sorghum,2004,8261,27.85,1440.0,27.37,0.8261
Haiti,Sorghum,2005,8696,27.85,1440.0,27.35,0.8696
Haiti,Sorghum,2006,8696,27.85,1440.0,27.41,0.8696
Haiti,Sorghum,2007,8696,27.85,1440.0,27.47,0.8696
Haiti,Sorghum,2008,8696,27.85,1440.0,27.08,0.8696
Haiti,Sorghum,2009,10125,27.85,1440.0,27.35,1.0125
Haiti,Sorghum,2010,9161,27.85,1440.0,27.19,0.9161
Haiti,Sorghum,2011,9035,27.85,1440.0,27.1,0.9035
Haiti,Sorghum,2012,8939,27.85,1440.0,27.2,0.8939
Haiti,Sorghum,2013,8529,27.85,1440.0,27.2,0.8529
Haiti,Sweet potatoes,1990,34921,17.14,1440.0,27.11,3.4921
Haiti,Sweet potatoes,1991,30303,18.86,1440.0,27.01,3.0303
Haiti,Sweet potatoes,1992,31030,11.52,1440.0,26.81,3.103
Haiti,Sweet potatoes,1993,31148,6.96,1440.0,26.78,3.1148
Haiti,Sweet potatoes,1994,30833,8.58,1440.0,27.28,3.0833
Haiti,Sweet potatoes,1995,30536,12.32,1440.0,27.3,3.0536
Haiti,Sweet potatoes,1996,30000,14.44,1440.0,26.85,3.0
Haiti,Sweet potatoes,1997,30189,16.35,1440.0,27.74,3.0189
Haiti,Sweet potatoes,1998,29609,23.78,1440.0,27.57,2.9609
Haiti,Sweet potatoes,1999,29655,26.32,1440.0,27.01,2.9655
Haiti,Sweet potatoes,2000,30000,27.85,1440.0,26.76,3.0
Haiti,Sweet potatoes,2001,30261,27.85,1440.0,27.21,3.0261
Haiti,Sweet potatoes,2002,30172,27.85,1440.0,27.42,3.0172
Haiti,Sweet potatoes,2004,33138,27.85,1440.0,27.37,3.3138
Haiti,Sweet potatoes,2005,30030,27.85,1440.0,27.35,3.003
Haiti,Sweet potatoes,2006,34771,27.85,1440.0,27.41,3.4771
Haiti,Sweet potatoes,2007,30014,27.85,1440.0,27.47,3.0014
Haiti,Sweet potatoes,2008,30026,27.85,1440.0,27.08,3.0026
Haiti,Sweet potatoes,2009,39258,27.85,1440.0,27.35,3.9258
Haiti,Sweet potatoes,2010,45841,27.85,1440.0,27.19,4.5841
Haiti,Sweet potatoes,2011,51166,27.85,1440.0,27.1,5.1166
Haiti,Sweet potatoes,2012,56801,27.85,1440.0,27.2,5.6801
Haiti,Sweet potatoes,2013,90938,27.85,1440.0,27.2,9.0938
Haiti,Yams,1990,50000,17.14,1440.0,27.11,5.0
Haiti,Yams,1991,52778,18.86,1440.0,27.01,5.2778
Haiti,Yams,1992,54895,11.52,1440.0,26.81,5.4895
Haiti,Yams,1993,55556,6.96,1440.0,26.78,5.5556
Haiti,Yams,1994,50000,8.58,1440.0,27.28,5.0
Haiti,Yams,1995,50000,12.32,1440.0,27.3,5.0
Haiti,Yams,1996,50000,14.44,1440.0,26.85,5.0
Haiti,Yams,1997,50000,16.35,1440.0,27.74,5.0
Haiti,Yams,1998,54802,23.78,1440.0,27.57,5.4802
Haiti,Yams,1999,54167,26.32,1440.0,27.01,5.4167
Haiti,Yams,2000,54201,27.85,1440.0,26.76,5.4201
Haiti,Yams,2001,56286,27.85,1440.0,27.21,5.6286
Haiti,Yams,2002,56677,27.85,1440.0,27.42,5.6677
Haiti,Yams,2004,54972,27.85,1440.0,27.37,5.4972
Haiti,Yams,2005,55000,27.85,1440.0,27.35,5.5
Haiti,Yams,2006,59803,27.85,1440.0,27.41,5.9803
Haiti,Yams,2007,54762,27.85,1440.0,27.47,5.4762
Haiti,Yams,2008,54651,27.85,1440.0,27.08,5.4651
Haiti,Yams,2009,64220,27.85,1440.0,27.35,6.422
Haiti,Yams,2010,69948,27.85,1440.0,27.19,6.9948
Haiti,Yams,2011,74540,27.85,1440.0,27.1,7.454
Haiti,Yams,2012,79363,27.85,1440.0,27.2,7.9363
Haiti,Yams,2013,110560,27.85,1440.0,27.2,11.056
Honduras,Cassava,1990,79680,9880.07,1976.0,24.53,7.968
Honduras,Cassava,1991,76776,6289.7,1976.0,24.61,7.6776
Honduras,Cassava,1992,77191,9904.59,1976.0,24.77,7.7191
Honduras,Cassava,1993,70729,6768.0,1976.0,24.58,7.0729
Honduras,Cassava,1994,67304,3160.91,1976.0,24.87,6.7304
Honduras,Cassava,1995,61251,7800.0,1976.0,24.95,6.1251
Honduras,Cassava,1996,56912,6464.0,1976.0,24.39,5.6912
Honduras,Cassava,1997,50689,6980.0,1976.0,25.03,5.0689
Honduras,Cassava,1998,47145,3495.0,1976.0,25.37,4.7145
Honduras,Cassava,1999,40120,2387.0,1976.0,24.41,4.012
Honduras,Cassava,2000,39900,4376.0,1976.0,24.43,3.99
Honduras,Cassava,2001,39716,1141.0,1976.0,24.4,3.9716
Honduras,Cassava,2002,34738,1772.3,1976.0,24.61,3.4738
Honduras,Cassava,2004,38661,3034.91,1976.0,24.68,3.8661
Honduras,Cassava,2005,40000,3666.21,1976.0,24.77,4.0
Honduras,Cassava,2006,40196,4297.51,1976.0,24.88,4.0196
Honduras,Cassava,2007,51254,5283.93,1976.0,24.55,5.1254
Honduras,Cassava,2008,57405,5130.42,1976.0,24.25,5.7405
Honduras,Cassava,2009,65876,4344.36,1976.0,24.77,6.5876
Honduras,Cassava,2010,63483,5736.63,1976.0,24.49,6.3483
Honduras,Cassava,2011,77259,6324.41,1976.0,24.63,7.7259
Honduras,Cassava,2012,70134,7194.91,1976.0,24.47,7.0134
Honduras,Cassava,2013,76637,7194.91,1976.0,24.86,7.6637
Honduras,Maize,1990,15188,9880.07,1976.0,24.53,1.5188
Honduras,Maize,1991,13185,6289.7,1976.0,24.61,1.3185
Honduras,Maize,1992,12942,9904.59,1976.0,24.77,1.2942
Honduras,Maize,1993,13694,6768.0,1976.0,24.58,1.3694
Honduras,Maize,1994,13837,3160.91,1976.0,24.87,1.3837
Honduras,Maize,1995,16396,7800.0,1976.0,24.95,1.6396
Honduras,Maize,1996,16180,6464.0,1976.0,24.39,1.618
Honduras,Maize,1997,15591,6980.0,1976.0,25.03,1.5591
Honduras,Maize,1998,10557,3495.0,1976.0,25.37,1.0557
Honduras,Maize,1999,12249,2387.0,1976.0,24.41,1.2249
Honduras,Maize,2000,14360,4376.0,1976.0,24.43,1.436
Honduras,Maize,2001,14992,1141.0,1976.0,24.4,1.4992
Honduras,Maize,2002,13655,1772.3,1976.0,24.61,1.3655
Honduras,Maize,2004,13855,3034.91,1976.0,24.68,1.3855
Honduras,Maize,2005,15387,3666.21,1976.0,24.77,1.5387
Honduras,Maize,2006,15394,4297.51,1976.0,24.88,1.5394
Honduras,Maize,2007,16922,5283.93,1976.0,24.55,1.6922
Honduras,Maize,2008,16885,5130.42,1976.0,24.25,1.6885
Honduras,Maize,2009,17503,4344.36,1976.0,24.77,1.7503
Honduras,Maize,2010,16504,5736.63,1976.0,24.49,1.6504
Honduras,Maize,2011,16593,6324.41,1976.0,24.63,1.6593
Honduras,Maize,2012,15795,7194.91,1976.0,24.47,1.5795
Honduras,Maize,2013,16214,7194.91,1976.0,24.86,1.6214
Honduras,Plantains and others,1990,149570,9880.07,1976.0,24.53,14.957
Honduras,Plantains and others,1991,153416,6289.7,1976.0,24.61,15.3416
Honduras,Plantains and others,1992,140017,9904.59,1976.0,24.77,14.0017
Honduras,Plantains and others,1993,144636,6768.0,1976.0,24.58,14.4636
Honduras,Plantains and others,1994,171911,3160.91,1976.0,24.87,17.1911
Honduras,Plantains and others,1995,166370,7800.0,1976.0,24.95,16.637
Honduras,Plantains and others,1996,163476,6464.0,1976.0,24.39,16.3476
Honduras,Plantains and others,1997,146964,6980.0,1976.0,25.03,14.6964
Honduras,Plantains and others,1998,126148,3495.0,1976.0,25.37,12.6148
Honduras,Plantains and others,1999,108108,2387.0,1976.0,24.41,10.8108
Honduras,Plantains and others,2000,89864,4376.0,1976.0,24.43,8.9864
Honduras,Plantains and others,2001,87408,1141.0,1976.0,24.4,8.7408
Honduras,Plantains and others,2002,87324,1772.3,1976.0,24.61,8.7324
Honduras,Plantains and others,2004,85420,3034.91,1976.0,24.68,8.542
Honduras,Plantains and others,2005,84440,3666.21,1976.0,24.77,8.444
Honduras,Plantains and others,2006,89857,4297.51,1976.0,24.88,8.9857
Honduras,Plantains and others,2007,85951,5283.93,1976.0,24.55,8.5951
Honduras,Plantains and others,2008,86715,5130.42,1976.0,24.25,8.6715
Honduras,Plantains and others,2009,98922,4344.36,1976.0,24.77,9.8922
Honduras,Plantains and others,2010,108014,5736.63,1976.0,24.49,10.8014
Honduras,Plantains and others,2011,119975,6324.41,1976.0,24.63,11.9975
Honduras,Plantains and others,2012,119965,7194.91,1976.0,24.47,11.9965
Honduras,Plantains and others,2013,121433,7194.91,1976.0,24.86,12.1433
Honduras,Potatoes,1990,113100,9880.07,1976.0,24.53,11.31
Honduras,Potatoes,1991,126721,6289.7,1976.0,24.61,12.6721
Honduras,Potatoes,1992,168751,9904.59,1976.0,24.77,16.8751
Honduras,Potatoes,1993,114676,6768.0,1976.0,24.58,11.4676
Honduras,Potatoes,1994,107494,3160.91,1976.0,24.87,10.7494
Honduras,Potatoes,1995,108075,7800.0,1976.0,24.95,10.8075
Honduras,Potatoes,1996,128591,6464.0,1976.0,24.39,12.8591
Honduras,Potatoes,1997,132505,6980.0,1976.0,25.03,13.2505
Honduras,Potatoes,1998,129694,3495.0,1976.0,25.37,12.9694
Honduras,Potatoes,1999,105190,2387.0,1976.0,24.41,10.519
Honduras,Potatoes,2000,163204,4376.0,1976.0,24.43,16.3204
Honduras,Potatoes,2001,170700,1141.0,1976.0,24.4,17.07
Honduras,Potatoes,2002,165543,1772.3,1976.0,24.61,16.5543
Honduras,Potatoes,2004,172745,3034.91,1976.0,24.68,17.2745
Honduras,Potatoes,2005,161908,3666.21,1976.0,24.77,16.1908
Honduras,Potatoes,2006,162963,4297.51,1976.0,24.88,16.2963
Honduras,Potatoes,2007,181923,5283.93,1976.0,24.55,18.1923
Honduras,Potatoes,2008,210827,5130.42,1976.0,24.25,21.0827
Honduras,Potatoes,2009,166654,4344.36,1976.0,24.77,16.6654
Honduras,Potatoes,2010,146252,5736.63,1976.0,24.49,14.6252
Honduras,Potatoes,2011,159629,6324.41,1976.0,24.63,15.9629
Honduras,Potatoes,2012,142073,7194.91,1976.0,24.47,14.2073
Honduras,Potatoes,2013,163465,7194.91,1976.0,24.86,16.3465
Honduras,"Rice, paddy",1990,25026,9880.07,1976.0,24.53,2.5026
Honduras,"Rice, paddy",1991,25924,6289.7,1976.0,24.61,2.5924
Honduras,"Rice, paddy",1992,26931,9904.59,1976.0,24.77,2.6931
Honduras,"Rice, paddy",1993,26536,6768.0,1976.0,24.58,2.6536
Honduras,"Rice, paddy",1994,24906,3160.91,1976.0,24.87,2.4906
Honduras,"Rice, paddy",1995,26103,7800.0,1976.0,24.95,2.6103
Honduras,"Rice, paddy",1996,26768,6464.0,1976.0,24.39,2.6768
Honduras,"Rice, paddy",1997,31028,6980.0,1976.0,25.03,3.1028
Honduras,"Rice, paddy",1998,25468,3495.0,1976.0,25.37,2.5468
Honduras,"Rice, paddy",1999,21850,2387.0,1976.0,24.41,2.185
Honduras,"Rice, paddy",2000,22923,4376.0,1976.0,24.43,2.2923
Honduras,"Rice, paddy",2001,34989,1141.0,1976.0,24.4,3.4989
Honduras,"Rice, paddy",2002,23573,1772.3,1976.0,24.61,2.3573
Honduras,"Rice, paddy",2004,41050,3034.91,1976.0,24.68,4.105
Honduras,"Rice, paddy",2005,37417,3666.21,1976.0,24.77,3.7417
Honduras,"Rice, paddy",2006,49229,4297.51,1976.0,24.88,4.9229
Honduras,"Rice, paddy",2007,50483,5283.93,1976.0,24.55,5.0483
Honduras,"Rice, paddy",2008,51911,5130.42,1976.0,24.25,5.1911
Honduras,"Rice, paddy",2009,49376,4344.36,1976.0,24.77,4.9376
Honduras,"Rice, paddy",2010,57287,5736.63,1976.0,24.49,5.7287
Honduras,"Rice, paddy",2011,57761,6324.41,1976.0,24.63,5.7761
Honduras,"Rice, paddy",2012,59734,7194.91,1976.0,24.47,5.9734
Honduras,"Rice, paddy",2013,61214,7194.91,1976.0,24.86,6.1214
Honduras,Sorghum,1990,10182,9880.07,1976.0,24.53,1.0182
Honduras,Sorghum,1991,9586,6289.7,1976.0,24.61,0.9586
Honduras,Sorghum,1992,12883,9904.59,1976.0,24.77,1.2883
Honduras,Sorghum,1993,9183,6768.0,1976.0,24.58,0.9183
Honduras,Sorghum,1994,6953,3160.91,1976.0,24.87,0.6953
Honduras,Sorghum,1995,8281,7800.0,1976.0,24.95,0.8281
Honduras,Sorghum,1996,11612,6464.0,1976.0,24.39,1.1612
Honduras,Sorghum,1997,13079,6980.0,1976.0,25.03,1.3079
Honduras,Sorghum,1998,10970,3495.0,1976.0,25.37,1.097
Honduras,Sorghum,1999,8597,2387.0,1976.0,24.41,0.8597
Honduras,Sorghum,2000,9708,4376.0,1976.0,24.43,0.9708
Honduras,Sorghum,2001,11104,1141.0,1976.0,24.4,1.1104
Honduras,Sorghum,2002,11508,1772.3,1976.0,24.61,1.1508
Honduras,Sorghum,2004,11509,3034.91,1976.0,24.68,1.1509
Honduras,Sorghum,2005,11492,3666.21,1976.0,24.77,1.1492
Honduras,Sorghum,2006,11500,4297.51,1976.0,24.88,1.15
Honduras,Sorghum,2007,11496,5283.93,1976.0,24.55,1.1496
Honduras,Sorghum,2008,11500,5130.42,1976.0,24.25,1.15
Honduras,Sorghum,2009,11492,4344.36,1976.0,24.77,1.1492
Honduras,Sorghum,2010,10442,5736.63,1976.0,24.49,1.0442
Honduras,Sorghum,2011,12477,6324.41,1976.0,24.63,1.2477
Honduras,Sorghum,2012,12333,7194.91,1976.0,24.47,1.2333
Honduras,Sorghum,2013,11980,7194.91,1976.0,24.86,1.198
Honduras,Soybeans,1993,19227,6768.0,1976.0,24.58,1.9227
Honduras,Soybeans,1994,19780,3160.91,1976.0,24.87,1.978
Honduras,Soybeans,1995,20000,7800.0,1976.0,24.95,2.0
Honduras,Soybeans,1996,20000,6464.0,1976.0,24.39,2.0
Honduras,Soybeans,1997,20000,6980.0,1976.0,25.03,2.0
Honduras,Soybeans,1998,21429,3495.0,1976.0,25.37,2.1429
Honduras,Soybeans,1999,21429,2387.0,1976.0,24.41,2.1429
Honduras,Soybeans,2000,20000,4376.0,1976.0,24.43,2.0
Honduras,Soybeans,2001,18750,1141.0,1976.0,24.4,1.875
Honduras,Soybeans,2002,19516,1772.3,1976.0,24.61,1.9516
Honduras,Soybeans,2004,20787,3034.91,1976.0,24.68,2.0787
Honduras,Soybeans,2005,21122,3666.21,1976.0,24.77,2.1122
Honduras,Soybeans,2006,21333,4297.51,1976.0,24.88,2.1333
Honduras,Soybeans,2007,20824,5283.93,1976.0,24.55,2.0824
Honduras,Soybeans,2008,20598,5130.42,1976.0,24.25,2.0598
Honduras,Soybeans,2009,20687,4344.36,1976.0,24.77,2.0687
Honduras,Soybeans,2010,20753,5736.63,1976.0,24.49,2.0753
Honduras,Soybeans,2011,20819,6324.41,1976.0,24.63,2.0819
Honduras,Soybeans,2012,20884,7194.91,1976.0,24.47,2.0884
Honduras,Soybeans,2013,20950,7194.91,1976.0,24.86,2.095
Honduras,Sweet potatoes,1990,64286,9880.07,1976.0,24.53,6.4286
Honduras,Sweet potatoes,1991,65517,6289.7,1976.0,24.61,6.5517
Honduras,Sweet potatoes,1992,64667,9904.59,1976.0,24.77,6.4667
Honduras,Sweet potatoes,1993,64516,6768.0,1976.0,24.58,6.4516
Honduras,Sweet potatoes,1994,64327,3160.91,1976.0,24.87,6.4327
Honduras,Sweet potatoes,1995,64221,7800.0,1976.0,24.95,6.4221
Honduras,Sweet potatoes,1996,64106,6464.0,1976.0,24.39,6.4106
Honduras,Sweet potatoes,1997,64006,6980.0,1976.0,25.03,6.4006
Honduras,Sweet potatoes,1998,63915,3495.0,1976.0,25.37,6.3915
Honduras,Sweet potatoes,1999,63402,2387.0,1976.0,24.41,6.3402
Honduras,Sweet potatoes,2000,63499,4376.0,1976.0,24.43,6.3499
Honduras,Sweet potatoes,2001,63626,1141.0,1976.0,24.4,6.3626
Honduras,Sweet potatoes,2002,62000,1772.3,1976.0,24.61,6.2
Honduras,Sweet potatoes,2004,63462,3034.91,1976.0,24.68,6.3462
Honduras,Sweet potatoes,2005,64151,3666.21,1976.0,24.77,6.4151
Honduras,Sweet potatoes,2006,64286,4297.51,1976.0,24.88,6.4286
Honduras,Sweet potatoes,2007,64754,5283.93,1976.0,24.55,6.4754
Honduras,Sweet potatoes,2008,64286,5130.42,1976.0,24.25,6.4286
Honduras,Sweet potatoes,2009,64220,4344.36,1976.0,24.77,6.422
Honduras,Sweet potatoes,2010,63916,5736.63,1976.0,24.49,6.3916
Honduras,Sweet potatoes,2011,64000,6324.41,1976.0,24.63,6.4
Honduras,Sweet potatoes,2012,62500,7194.91,1976.0,24.47,6.25
Honduras,Sweet potatoes,2013,62500,7194.91,1976.0,24.86,6.25
Honduras,Wheat,1990,5769,9880.07,1976.0,24.53,0.5769
Honduras,Wheat,1991,5797,6289.7,1976.0,24.61,0.5797
Honduras,Wheat,1992,5926,9904.59,1976.0,24.77,0.5926
Honduras,Wheat,1993,5808,6768.0,1976.0,24.58,0.5808
Honduras,Wheat,1994,6071,3160.91,1976.0,24.87,0.6071
Honduras,Wheat,1995,5940,7800.0,1976.0,24.95,0.594
Honduras,Wheat,1996,5999,6464.0,1976.0,24.39,0.5999
Honduras,Wheat,1997,6667,6980.0,1976.0,25.03,0.6667
Honduras,Wheat,1998,5000,3495.0,1976.0,25.37,0.5
Honduras,Wheat,1999,4750,2387.0,1976.0,24.41,0.475
Honduras,Wheat,2000,5258,4376.0,1976.0,24.43,0.5258
Honduras,Wheat,2001,5305,1141.0,1976.0,24.4,0.5305
Honduras,Wheat,2002,5309,1772.3,1976.0,24.61,0.5309
Honduras,Wheat,2004,5287,3034.91,1976.0,24.68,0.5287
Honduras,Wheat,2005,5327,3666.21,1976.0,24.77,0.5327
Honduras,Wheat,2006,5367,4297.51,1976.0,24.88,0.5367
Honduras,Wheat,2007,5409,5283.93,1976.0,24.55,0.5409
Honduras,Wheat,2008,5452,5130.42,1976.0,24.25,0.5452
Honduras,Wheat,2009,5750,4344.36,1976.0,24.77,0.575
Honduras,Wheat,2010,5524,5736.63,1976.0,24.49,0.5524
Honduras,Wheat,2011,5445,6324.41,1976.0,24.63,0.5445
Honduras,Wheat,2012,5517,7194.91,1976.0,24.47,0.5517
Honduras,Wheat,2013,5528,7194.91,1976.0,24.86,0.5528
Hungary,Maize,1990,41577,12756.0,589.0,10.96,4.1577
Hungary,Maize,1991,67100,8069.0,589.0,9.66,6.71
Hungary,Maize,1992,36501,5777.0,589.0,11.01,3.6501
Hungary,Maize,1993,35000,10197.0,589.0,10.22,3.5
Hungary,Maize,1994,38500,9574.0,589.0,11.58,3.85
Hungary,Maize,1995,45295,7715.0,589.0,10.34,4.5295
Hungary,Maize,1996,56867,6946.0,589.0,9.44,5.6867
Hungary,Maize,1997,64480,4445.0,589.0,9.89,6.448
Hungary,Maize,1998,60049,5280.0,589.0,10.35,6.0049
Hungary,Maize,1999,64130,4598.0,589.0,10.64,6.413
Hungary,Maize,2000,41790,4151.0,589.0,11.69,4.179
Hungary,Maize,2001,62456,5458.0,589.0,10.47,6.2456
Hungary,Maize,2002,50762,8231.5,589.0,11.43,5.0762
Hungary,Maize,2004,70012,9940.5,589.0,10.37,7.0012
Hungary,Maize,2005,75571,9676.0,589.0,10.05,7.5571
Hungary,Maize,2006,68165,11523.0,589.0,10.67,6.8165
Hungary,Maize,2007,37327,11178.0,589.0,11.82,3.7327
Hungary,Maize,2008,74653,12084.0,589.0,11.55,7.4653
Hungary,Maize,2009,63945,11144.0,589.0,11.48,6.3945
Hungary,Maize,2010,64745,10299.5,589.0,10.35,6.4745
Hungary,Maize,2011,64976,8473.26,589.0,10.92,6.4976
Hungary,Maize,2012,39979,8141.17,589.0,11.31,3.9979
Hungary,Maize,2013,54373,7744.5,589.0,12.44,5.4373
Hungary,Potatoes,1990,170773,12756.0,589.0,10.96,17.0773
Hungary,Potatoes,1991,144746,8069.0,589.0,9.66,14.4746
Hungary,Potatoes,1992,168500,5777.0,589.0,11.01,16.85
Hungary,Potatoes,1993,133100,10197.0,589.0,10.22,13.31
Hungary,Potatoes,1994,127672,9574.0,589.0,11.58,12.7672
Hungary,Potatoes,1995,157750,7715.0,589.0,10.34,15.775
Hungary,Potatoes,1996,212007,6946.0,589.0,9.44,21.2007
Hungary,Potatoes,1997,179341,4445.0,589.0,9.89,17.9341
Hungary,Potatoes,1998,218042,5280.0,589.0,10.35,21.8042
Hungary,Potatoes,1999,212423,4598.0,589.0,10.64,21.2423
Hungary,Potatoes,2000,184736,4151.0,589.0,11.69,18.4736
Hungary,Potatoes,2001,250499,5458.0,589.0,10.47,25.0499
Hungary,Potatoes,2002,221222,8231.5,589.0,11.43,22.1222
Hungary,Potatoes,2004,253210,9940.5,589.0,10.37,25.321
Hungary,Potatoes,2005,258776,9676.0,589.0,10.05,25.8776
Hungary,Potatoes,2006,249942,11523.0,589.0,10.67,24.9942
Hungary,Potatoes,2007,221693,11178.0,589.0,11.82,22.1693
Hungary,Potatoes,2008,269012,12084.0,589.0,11.55,26.9012
Hungary,Potatoes,2009,251082,11144.0,589.0,11.48,25.1082
Hungary,Potatoes,2010,217319,10299.5,589.0,10.35,21.7319
Hungary,Potatoes,2011,285714,8473.26,589.0,10.92,28.5714
Hungary,Potatoes,2012,218385,8141.17,589.0,11.31,21.8385
Hungary,Potatoes,2013,232630,7744.5,589.0,12.44,23.263
Hungary,"Rice, paddy",1990,33520,12756.0,589.0,10.96,3.352
Hungary,"Rice, paddy",1991,23696,8069.0,589.0,9.66,2.3696
Hungary,"Rice, paddy",1992,30702,5777.0,589.0,11.01,3.0702
Hungary,"Rice, paddy",1993,26519,10197.0,589.0,10.22,2.6519
Hungary,"Rice, paddy",1994,31308,9574.0,589.0,11.58,3.1308
Hungary,"Rice, paddy",1995,31606,7715.0,589.0,10.34,3.1606
Hungary,"Rice, paddy",1996,22508,6946.0,589.0,9.44,2.2508
Hungary,"Rice, paddy",1997,33286,4445.0,589.0,9.89,3.3286
Hungary,"Rice, paddy",1998,27031,5280.0,589.0,10.35,2.7031
Hungary,"Rice, paddy",1999,33158,4598.0,589.0,10.64,3.3158
Hungary,"Rice, paddy",2000,34932,4151.0,589.0,11.69,3.4932
Hungary,"Rice, paddy",2001,32950,5458.0,589.0,10.47,3.295
Hungary,"Rice, paddy",2002,46448,8231.5,589.0,11.43,4.6448
Hungary,"Rice, paddy",2004,34097,9940.5,589.0,10.37,3.4097
Hungary,"Rice, paddy",2005,35426,9676.0,589.0,10.05,3.5426
Hungary,"Rice, paddy",2006,32342,11523.0,589.0,10.67,3.2342
Hungary,"Rice, paddy",2007,37891,11178.0,589.0,11.82,3.7891
Hungary,"Rice, paddy",2008,39404,12084.0,589.0,11.55,3.9404
Hungary,"Rice, paddy",2009,43223,11144.0,589.0,11.48,4.3223
Hungary,"Rice, paddy",2010,29465,10299.5,589.0,10.35,2.9465
Hungary,"Rice, paddy",2011,32411,8473.26,589.0,10.92,3.2411
Hungary,"Rice, paddy",2012,38074,8141.17,589.0,11.31,3.8074
Hungary,"Rice, paddy",2013,32727,7744.5,589.0,12.44,3.2727
Hungary,Sorghum,1990,21466,12756.0,589.0,10.96,2.1466
Hungary,Sorghum,1991,33200,8069.0,589.0,9.66,3.32
Hungary,Sorghum,1992,17800,5777.0,589.0,11.01,1.78
Hungary,Sorghum,1993,16971,10197.0,589.0,10.22,1.6971
Hungary,Sorghum,1994,17974,9574.0,589.0,11.58,1.7974
Hungary,Sorghum,1995,16697,7715.0,589.0,10.34,1.6697
Hungary,Sorghum,1996,19934,6946.0,589.0,9.44,1.9934
Hungary,Sorghum,1997,21991,4445.0,589.0,9.89,2.1991
Hungary,Sorghum,1998,20486,5280.0,589.0,10.35,2.0486
Hungary,Sorghum,1999,20434,4598.0,589.0,10.64,2.0434
Hungary,Sorghum,2000,18647,4151.0,589.0,11.69,1.8647
Hungary,Sorghum,2001,21232,5458.0,589.0,10.47,2.1232
Hungary,Sorghum,2002,16792,8231.5,589.0,11.43,1.6792
Hungary,Sorghum,2004,20336,9940.5,589.0,10.37,2.0336
Hungary,Sorghum,2005,30642,9676.0,589.0,10.05,3.0642
Hungary,Sorghum,2006,36059,11523.0,589.0,10.67,3.6059
Hungary,Sorghum,2007,21290,11178.0,589.0,11.82,2.129
Hungary,Sorghum,2008,37808,12084.0,589.0,11.55,3.7808
Hungary,Sorghum,2009,27160,11144.0,589.0,11.48,2.716
Hungary,Sorghum,2010,10263,10299.5,589.0,10.35,1.0263
Hungary,Sorghum,2011,21952,8473.26,589.0,10.92,2.1952
Hungary,Sorghum,2012,28081,8141.17,589.0,11.31,2.8081
Hungary,Sorghum,2013,27111,7744.5,589.0,12.44,2.7111
Hungary,Soybeans,1990,12853,12756.0,589.0,10.96,1.2853
Hungary,Soybeans,1991,23002,8069.0,589.0,9.66,2.3002
Hungary,Soybeans,1992,14300,5777.0,589.0,11.01,1.43
Hungary,Soybeans,1993,17175,10197.0,589.0,10.22,1.7175
Hungary,Soybeans,1994,18431,9574.0,589.0,11.58,1.8431
Hungary,Soybeans,1995,18500,7715.0,589.0,10.34,1.85
Hungary,Soybeans,1996,21669,6946.0,589.0,9.44,2.1669
Hungary,Soybeans,1997,22367,4445.0,589.0,9.89,2.2367
Hungary,Soybeans,1998,20911,5280.0,589.0,10.35,2.0911
Hungary,Soybeans,1999,23901,4598.0,589.0,10.64,2.3901
Hungary,Soybeans,2000,13794,4151.0,589.0,11.69,1.3794
Hungary,Soybeans,2001,20156,5458.0,589.0,10.47,2.0156
Hungary,Soybeans,2002,22452,8231.5,589.0,11.43,2.2452
Hungary,Soybeans,2004,23733,9940.5,589.0,10.37,2.3733
Hungary,Soybeans,2005,23178,9676.0,589.0,10.05,2.3178
Hungary,Soybeans,2006,23679,11523.0,589.0,10.67,2.3679
Hungary,Soybeans,2007,16408,11178.0,589.0,11.82,1.6408
Hungary,Soybeans,2008,26186,12084.0,589.0,11.55,2.6186
Hungary,Soybeans,2009,23990,11144.0,589.0,11.48,2.399
Hungary,Soybeans,2010,22670,10299.5,589.0,10.35,2.267
Hungary,Soybeans,2011,23155,8473.26,589.0,10.92,2.3155
Hungary,Soybeans,2012,16556,8141.17,589.0,11.31,1.6556
Hungary,Soybeans,2013,18597,7744.5,589.0,12.44,1.8597
Hungary,Wheat,1990,50771,12756.0,589.0,10.96,5.0771
Hungary,Wheat,1991,51900,8069.0,589.0,9.66,5.19
Hungary,Wheat,1992,40700,5777.0,589.0,11.01,4.07
Hungary,Wheat,1993,30649,10197.0,589.0,10.22,3.0649
Hungary,Wheat,1994,46033,9574.0,589.0,11.58,4.6033
Hungary,Wheat,1995,41644,7715.0,589.0,10.34,4.1644
Hungary,Wheat,1996,32780,6946.0,589.0,9.44,3.278
Hungary,Wheat,1997,42153,4445.0,589.0,9.89,4.2153
Hungary,Wheat,1998,41390,5280.0,589.0,10.35,4.139
Hungary,Wheat,1999,35948,4598.0,589.0,10.64,3.5948
Hungary,Wheat,2000,36044,4151.0,589.0,11.69,3.6044
Hungary,Wheat,2001,43105,5458.0,589.0,10.47,4.3105
Hungary,Wheat,2002,35212,8231.5,589.0,11.43,3.5212
Hungary,Wheat,2004,51174,9940.5,589.0,10.37,5.1174
Hungary,Wheat,2005,45000,9676.0,589.0,10.05,4.5
Hungary,Wheat,2006,40719,11523.0,589.0,10.67,4.0719
Hungary,Wheat,2007,35875,11178.0,589.0,11.82,3.5875
Hungary,Wheat,2008,50024,12084.0,589.0,11.55,5.0024
Hungary,Wheat,2009,38546,11144.0,589.0,11.48,3.8546
Hungary,Wheat,2010,37038,10299.5,589.0,10.35,3.7038
Hungary,Wheat,2011,41994,8473.26,589.0,10.92,4.1994
Hungary,Wheat,2012,37485,8141.17,589.0,11.31,3.7485
Hungary,Wheat,2013,46386,7744.5,589.0,12.44,4.6386
India,Cassava,1990,205381,75000.0,1083.0,25.604545454545452,20.5381
India,Cassava,1991,218925,72133.0,1083.0,25.752272727272725,21.8925
India,Cassava,1992,232463,70791.0,1083.0,25.719545454545457,23.2463
India,Cassava,1993,230430,66388.0,1083.0,25.920454545454547,23.043
India,Cassava,1994,245277,61357.0,1083.0,25.717272727272725,24.5277
India,Cassava,1995,252775,61257.0,1083.0,25.900454545454544,25.2775
India,Cassava,1996,238528,56114.0,1083.0,25.839545454545455,23.8528
India,Cassava,1997,221117,52279.0,1083.0,25.346363636363638,22.1117
India,Cassava,1998,252815,49157.0,1083.0,26.125454545454545,25.2815
India,Cassava,1999,239523,46195.0,1083.0,26.096363636363638,23.9523
India,Cassava,2000,269087,44957.52,1083.0,25.991363636363634,26.9087
India,Cassava,2001,266998,43720.04,1083.0,25.957727272727276,26.6998
India,Cassava,2002,272746,42482.56,1083.0,26.45590909090909,27.2746
India,Cassava,2004,270436,35113.0,1083.0,26.159545454545455,27.0436
India,Cassava,2005,304978,35342.0,1083.0,25.895454545454548,30.4978
India,Cassava,2006,321132,37423.0,1083.0,26.203636363636363,32.1132
India,Cassava,2007,322204,27422.77,1083.0,26.078181818181818,32.2204
India,Cassava,2008,335407,14485.33,1083.0,25.765454545454546,33.5407
India,Cassava,2009,343433,28707.01,1083.0,26.612727272727273,34.3433
India,Cassava,2010,347555,40093.69,1083.0,26.579090909090908,34.7555
India,Cassava,2011,364770,55540.0,1083.0,25.79909090909091,36.477
India,Cassava,2012,385818,52980.0,1083.0,26.017272727272726,38.5818
India,Cassava,2013,349594,45620.0,1083.0,26.75181818181818,34.9594
India,Maize,1990,15178,75000.0,1083.0,25.604545454545452,1.5178
India,Maize,1991,13763,72133.0,1083.0,25.752272727272725,1.3763
India,Maize,1992,16758,70791.0,1083.0,25.719545454545457,1.6758
India,Maize,1993,16015,66388.0,1083.0,25.920454545454547,1.6015
India,Maize,1994,14480,61357.0,1083.0,25.717272727272725,1.448
India,Maize,1995,15946,61257.0,1083.0,25.900454545454544,1.5946
India,Maize,1996,17094,56114.0,1083.0,25.839545454545455,1.7094
India,Maize,1997,17111,52279.0,1083.0,25.346363636363638,1.7111
India,Maize,1998,17969,49157.0,1083.0,26.125454545454545,1.7969
India,Maize,1999,17922,46195.0,1083.0,26.096363636363638,1.7922
India,Maize,2000,18216,44957.52,1083.0,25.991363636363634,1.8216
India,Maize,2001,19996,43720.04,1083.0,25.957727272727276,1.9996
India,Maize,2002,16807,42482.56,1083.0,26.45590909090909,1.6807
India,Maize,2004,19073,35113.0,1083.0,26.159545454545455,1.9073
India,Maize,2005,19385,35342.0,1083.0,25.895454545454548,1.9385
India,Maize,2006,19125,37423.0,1083.0,26.203636363636363,1.9125
India,Maize,2007,23352,27422.77,1083.0,26.078181818181818,2.3352
India,Maize,2008,24140,14485.33,1083.0,25.765454545454546,2.414
India,Maize,2009,20238,28707.01,1083.0,26.612727272727273,2.0238
India,Maize,2010,25401,40093.69,1083.0,26.579090909090908,2.5401
India,Maize,2011,24784,55540.0,1083.0,25.79909090909091,2.4784
India,Maize,2012,25557,52980.0,1083.0,26.017272727272726,2.5557
India,Maize,2013,25726,45620.0,1083.0,26.75181818181818,2.5726
India,Potatoes,1990,157136,75000.0,1083.0,25.604545454545452,15.7136
India,Potatoes,1991,162540,72133.0,1083.0,25.752272727272725,16.254
India,Potatoes,1992,160294,70791.0,1083.0,25.719545454545457,16.0294
India,Potatoes,1993,149024,66388.0,1083.0,25.920454545454547,14.9024
India,Potatoes,1994,166101,61357.0,1083.0,25.717272727272725,16.6101
India,Potatoes,1995,162720,61257.0,1083.0,25.900454545454544,16.272
India,Potatoes,1996,169913,56114.0,1083.0,25.839545454545455,16.9913
India,Potatoes,1997,193913,52279.0,1083.0,25.346363636363638,19.3913
India,Potatoes,1998,146020,49157.0,1083.0,26.125454545454545,14.602
India,Potatoes,1999,175712,46195.0,1083.0,26.096363636363638,17.5712
India,Potatoes,2000,186443,44957.52,1083.0,25.991363636363634,18.6443
India,Potatoes,2001,183627,43720.04,1083.0,25.957727272727276,18.3627
India,Potatoes,2002,194173,42482.56,1083.0,26.45590909090909,19.4173
India,Potatoes,2004,188091,35113.0,1083.0,26.159545454545455,18.8091
India,Potatoes,2005,188908,35342.0,1083.0,25.895454545454548,18.8908
India,Potatoes,2006,185920,37423.0,1083.0,26.203636363636363,18.592
India,Potatoes,2007,164101,27422.77,1083.0,26.078181818181818,16.4101
India,Potatoes,2008,192973,14485.33,1083.0,25.765454545454546,19.2973
India,Potatoes,2009,188103,28707.01,1083.0,26.612727272727273,18.8103
India,Potatoes,2010,199299,40093.69,1083.0,26.579090909090908,19.9299
India,Potatoes,2011,227240,55540.0,1083.0,25.79909090909091,22.724
India,Potatoes,2012,217530,52980.0,1083.0,26.017272727272726,21.753
India,Potatoes,2013,227606,45620.0,1083.0,26.75181818181818,22.7606
India,"Rice, paddy",1990,26125,75000.0,1083.0,25.604545454545452,2.6125
India,"Rice, paddy",1991,26271,72133.0,1083.0,25.752272727272725,2.6271
India,"Rice, paddy",1992,26092,70791.0,1083.0,25.719545454545457,2.6092
India,"Rice, paddy",1993,28303,66388.0,1083.0,25.920454545454547,2.8303
India,"Rice, paddy",1994,28645,61357.0,1083.0,25.717272727272725,2.8645
India,"Rice, paddy",1995,26972,61257.0,1083.0,25.900454545454544,2.6972
India,"Rice, paddy",1996,28226,56114.0,1083.0,25.839545454545455,2.8226
India,"Rice, paddy",1997,28457,52279.0,1083.0,25.346363636363638,2.8457
India,"Rice, paddy",1998,28805,49157.0,1083.0,26.125454545454545,2.8805
India,"Rice, paddy",1999,29782,46195.0,1083.0,26.096363636363638,2.9782
India,"Rice, paddy",2000,28508,44957.52,1083.0,25.991363636363634,2.8508
India,"Rice, paddy",2001,31158,43720.04,1083.0,25.957727272727276,3.1158
India,"Rice, paddy",2002,26163,42482.56,1083.0,26.45590909090909,2.6163
India,"Rice, paddy",2004,29756,35113.0,1083.0,26.159545454545455,2.9756
India,"Rice, paddy",2005,31537,35342.0,1083.0,25.895454545454548,3.1537
India,"Rice, paddy",2006,31759,37423.0,1083.0,26.203636363636363,3.1759
India,"Rice, paddy",2007,32924,27422.77,1083.0,26.078181818181818,3.2924
India,"Rice, paddy",2008,32509,14485.33,1083.0,25.765454545454546,3.2509
India,"Rice, paddy",2009,32366,28707.01,1083.0,26.612727272727273,3.2366
India,"Rice, paddy",2010,33587,40093.69,1083.0,26.579090909090908,3.3587
India,"Rice, paddy",2011,35878,55540.0,1083.0,25.79909090909091,3.5878
India,"Rice, paddy",2012,36909,52980.0,1083.0,26.017272727272726,3.6909
India,"Rice, paddy",2013,36070,45620.0,1083.0,26.75181818181818,3.607
India,Sorghum,1990,8136,75000.0,1083.0,25.604545454545452,0.8136
India,Sorghum,1991,6553,72133.0,1083.0,25.752272727272725,0.6553
India,Sorghum,1992,9820,70791.0,1083.0,25.719545454545457,0.982
India,Sorghum,1993,8981,66388.0,1083.0,25.920454545454547,0.8981
India,Sorghum,1994,7786,61357.0,1083.0,25.717272727272725,0.7786
India,Sorghum,1995,8235,61257.0,1083.0,25.900454545454544,0.8235
India,Sorghum,1996,9591,56114.0,1083.0,25.839545454545455,0.9591
India,Sorghum,1997,6920,52279.0,1083.0,25.346363636363638,0.692
India,Sorghum,1998,8592,49157.0,1083.0,26.125454545454545,0.8592
India,Sorghum,1999,8472,46195.0,1083.0,26.096363636363638,0.8472
India,Sorghum,2000,7639,44957.52,1083.0,25.991363636363634,0.7639
India,Sorghum,2001,7715,43720.04,1083.0,25.957727272727276,0.7715
India,Sorghum,2002,7602,42482.56,1083.0,26.45590909090909,0.7602
India,Sorghum,2004,7161,35113.0,1083.0,26.159545454545455,0.7161
India,Sorghum,2005,7968,35342.0,1083.0,25.895454545454548,0.7968
India,Sorghum,2006,8803,37423.0,1083.0,26.203636363636363,0.8803
India,Sorghum,2007,8443,27422.77,1083.0,26.078181818181818,0.8443
India,Sorghum,2008,10209,14485.33,1083.0,25.765454545454546,1.0209
India,Sorghum,2009,9621,28707.01,1083.0,26.612727272727273,0.9621
India,Sorghum,2010,8602,40093.69,1083.0,26.579090909090908,0.8602
India,Sorghum,2011,9487,55540.0,1083.0,25.79909090909091,0.9487
India,Sorghum,2012,9568,52980.0,1083.0,26.017272727272726,0.9568
India,Sorghum,2013,8502,45620.0,1083.0,26.75181818181818,0.8502
India,Soybeans,1990,10145,75000.0,1083.0,25.604545454545452,1.0145
India,Soybeans,1991,7825,72133.0,1083.0,25.752272727272725,0.7825
India,Soybeans,1992,8947,70791.0,1083.0,25.719545454545457,0.8947
India,Soybeans,1993,10857,66388.0,1083.0,25.920454545454547,1.0857
India,Soybeans,1994,9106,61357.0,1083.0,25.717272727272725,0.9106
India,Soybeans,1995,10121,61257.0,1083.0,25.900454545454544,1.0121
India,Soybeans,1996,10319,56114.0,1083.0,25.839545454545455,1.0319
India,Soybeans,1997,10789,52279.0,1083.0,25.346363636363638,1.0789
India,Soybeans,1998,11001,49157.0,1083.0,26.125454545454545,1.1001
India,Soybeans,1999,11380,46195.0,1083.0,26.096363636363638,1.138
India,Soybeans,2000,8222,44957.52,1083.0,25.991363636363634,0.8222
India,Soybeans,2001,9400,43720.04,1083.0,25.957727272727276,0.94
India,Soybeans,2002,7624,42482.56,1083.0,26.45590909090909,0.7624
India,Soybeans,2004,9082,35113.0,1083.0,26.159545454545455,0.9082
India,Soybeans,2005,10734,35342.0,1083.0,25.895454545454548,1.0734
India,Soybeans,2006,10628,37423.0,1083.0,26.203636363636363,1.0628
India,Soybeans,2007,12351,27422.77,1083.0,26.078181818181818,1.2351
India,Soybeans,2008,10415,14485.33,1083.0,25.765454545454546,1.0415
India,Soybeans,2009,10236,28707.01,1083.0,26.612727272727273,1.0236
India,Soybeans,2010,13330,40093.69,1083.0,26.579090909090908,1.333
India,Soybeans,2011,11998,55540.0,1083.0,25.79909090909091,1.1998
India,Soybeans,2012,13530,52980.0,1083.0,26.017272727272726,1.353
India,Soybeans,2013,10123,45620.0,1083.0,26.75181818181818,1.0123
India,Sweet potatoes,1990,79663,75000.0,1083.0,25.604545454545452,7.9663
India,Sweet potatoes,1991,83453,72133.0,1083.0,25.752272727272725,8.3453
India,Sweet potatoes,1992,82835,70791.0,1083.0,25.719545454545457,8.2835
India,Sweet potatoes,1993,85962,66388.0,1083.0,25.920454545454547,8.5962
India,Sweet potatoes,1994,84823,61357.0,1083.0,25.717272727272725,8.4823
India,Sweet potatoes,1995,80643,61257.0,1083.0,25.900454545454544,8.0643
India,Sweet potatoes,1996,80716,56114.0,1083.0,25.839545454545455,8.0716
India,Sweet potatoes,1997,84850,52279.0,1083.0,25.346363636363638,8.485
India,Sweet potatoes,1998,86907,49157.0,1083.0,26.125454545454545,8.6907
India,Sweet potatoes,1999,85744,46195.0,1083.0,26.096363636363638,8.5744
India,Sweet potatoes,2000,97421,44957.52,1083.0,25.991363636363634,9.7421
India,Sweet potatoes,2001,88368,43720.04,1083.0,25.957727272727276,8.8368
India,Sweet potatoes,2002,85694,42482.56,1083.0,26.45590909090909,8.5694
India,Sweet potatoes,2004,88588,35113.0,1083.0,26.159545454545455,8.8588
India,Sweet potatoes,2005,88477,35342.0,1083.0,25.895454545454548,8.8477
India,Sweet potatoes,2006,86849,37423.0,1083.0,26.203636363636363,8.6849
India,Sweet potatoes,2007,86976,27422.77,1083.0,26.078181818181818,8.6976
India,Sweet potatoes,2008,88943,14485.33,1083.0,25.765454545454546,8.8943
India,Sweet potatoes,2009,90080,28707.01,1083.0,26.612727272727273,9.008
India,Sweet potatoes,2010,92069,40093.69,1083.0,26.579090909090908,9.2069
India,Sweet potatoes,2011,92456,55540.0,1083.0,25.79909090909091,9.2456
India,Sweet potatoes,2012,97174,52980.0,1083.0,26.017272727272726,9.7174
India,Sweet potatoes,2013,101288,45620.0,1083.0,26.75181818181818,10.1288
India,Wheat,1990,21211,75000.0,1083.0,25.604545454545452,2.1211
India,Wheat,1991,22814,72133.0,1083.0,25.752272727272725,2.2814
India,Wheat,1992,23940,70791.0,1083.0,25.719545454545457,2.394
India,Wheat,1993,23267,66388.0,1083.0,25.920454545454547,2.3267
India,Wheat,1994,23796,61357.0,1083.0,25.717272727272725,2.3796
India,Wheat,1995,25590,61257.0,1083.0,25.900454545454544,2.559
India,Wheat,1996,24828,56114.0,1083.0,25.839545454545455,2.4828
India,Wheat,1997,26789,52279.0,1083.0,25.346363636363638,2.6789
India,Wheat,1998,24852,49157.0,1083.0,26.125454545454545,2.4852
India,Wheat,1999,25901,46195.0,1083.0,26.096363636363638,2.5901
India,Wheat,2000,27785,44957.52,1083.0,25.991363636363634,2.7785
India,Wheat,2001,27081,43720.04,1083.0,25.957727272727276,2.7081
India,Wheat,2002,27621,42482.56,1083.0,26.45590909090909,2.7621
India,Wheat,2004,27132,35113.0,1083.0,26.159545454545455,2.7132
India,Wheat,2005,26016,35342.0,1083.0,25.895454545454548,2.6016
India,Wheat,2006,26188,37423.0,1083.0,26.203636363636363,2.6188
India,Wheat,2007,27079,27422.77,1083.0,26.078181818181818,2.7079
India,Wheat,2008,28022,14485.33,1083.0,25.765454545454546,2.8022
India,Wheat,2009,29071,28707.01,1083.0,26.612727272727273,2.9071
India,Wheat,2010,28395,40093.69,1083.0,26.579090909090908,2.8395
India,Wheat,2011,29886,55540.0,1083.0,25.79909090909091,2.9886
India,Wheat,2012,31775,52980.0,1083.0,26.017272727272726,3.1775
India,Wheat,2013,31538,45620.0,1083.0,26.75181818181818,3.1538
Indonesia,Cassava,1990,120691,2432.0,2702.0,26.828333333333333,12.0691
Indonesia,Cassava,1991,120946,3259.0,2702.0,26.683333333333334,12.0946
Indonesia,Cassava,1992,122220,825.0,2702.0,26.743333333333336,12.222
Indonesia,Cassava,1993,123323,1597.0,2702.0,26.833333333333332,12.3323
Indonesia,Cassava,1994,115946,1597.0,2702.0,26.73,11.5946
Indonesia,Cassava,1995,116605,1597.0,2702.0,26.838333333333335,11.6605
Indonesia,Cassava,1996,120150,1597.0,2702.0,26.84,12.015
Indonesia,Cassava,1997,121718,1597.0,2702.0,27.01,12.1718
Indonesia,Cassava,1998,121925,1597.0,2702.0,27.343333333333334,12.1925
Indonesia,Cassava,1999,121763,1597.0,2702.0,26.700000000000003,12.1763
Indonesia,Cassava,2000,125305,1597.0,2702.0,26.866666666666664,12.5305
Indonesia,Cassava,2001,129407,1597.0,2702.0,26.911666666666665,12.9407
Indonesia,Cassava,2002,132491,1597.0,2702.0,27.125,13.2491
Indonesia,Cassava,2004,154679,1597.0,2702.0,27.10666666666667,15.4679
Indonesia,Cassava,2005,159224,1597.0,2702.0,27.10166666666667,15.9224
Indonesia,Cassava,2006,162829,1597.0,2702.0,27.05666666666667,16.2829
Indonesia,Cassava,2007,166362,1597.0,2702.0,26.918333333333333,16.6362
Indonesia,Cassava,2008,180950,1597.0,2702.0,26.748333333333335,18.095
Indonesia,Cassava,2009,187461,1597.0,2702.0,27.075,18.7461
Indonesia,Cassava,2010,202174,1597.0,2702.0,27.076666666666668,20.2174
Indonesia,Cassava,2011,202955,1597.0,2702.0,26.83666666666667,20.2955
Indonesia,Cassava,2012,214018,1597.0,2702.0,27.026666666666667,21.4018
Indonesia,Cassava,2013,224601,1597.0,2702.0,27.015,22.4601
Indonesia,Maize,1990,21323,2432.0,2702.0,26.828333333333333,2.1323
Indonesia,Maize,1991,21505,3259.0,2702.0,26.683333333333334,2.1505
Indonesia,Maize,1992,22030,825.0,2702.0,26.743333333333336,2.203
Indonesia,Maize,1993,21975,1597.0,2702.0,26.833333333333332,2.1975
Indonesia,Maize,1994,22091,1597.0,2702.0,26.73,2.2091
Indonesia,Maize,1995,22580,1597.0,2702.0,26.838333333333335,2.258
Indonesia,Maize,1996,24862,1597.0,2702.0,26.84,2.4862
Indonesia,Maize,1997,26141,1597.0,2702.0,27.01,2.6141
Indonesia,Maize,1998,26526,1597.0,2702.0,27.343333333333334,2.6526
Indonesia,Maize,1999,26629,1597.0,2702.0,26.700000000000003,2.6629
Indonesia,Maize,2000,27649,1597.0,2702.0,26.866666666666664,2.7649
Indonesia,Maize,2001,28446,1597.0,2702.0,26.911666666666665,2.8446
Indonesia,Maize,2002,30655,1597.0,2702.0,27.125,3.0655
Indonesia,Maize,2004,33439,1597.0,2702.0,27.10666666666667,3.3439
Indonesia,Maize,2005,34539,1597.0,2702.0,27.10166666666667,3.4539
Indonesia,Maize,2006,34699,1597.0,2702.0,27.05666666666667,3.4699
Indonesia,Maize,2007,36601,1597.0,2702.0,26.918333333333333,3.6601
Indonesia,Maize,2008,40776,1597.0,2702.0,26.748333333333335,4.0776
Indonesia,Maize,2009,42372,1597.0,2702.0,27.075,4.2372
Indonesia,Maize,2010,44359,1597.0,2702.0,27.076666666666668,4.4359
Indonesia,Maize,2011,45652,1597.0,2702.0,26.83666666666667,4.5652
Indonesia,Maize,2012,48987,1597.0,2702.0,27.026666666666667,4.8987
Indonesia,Maize,2013,48441,1597.0,2702.0,27.015,4.8441
Indonesia,Potatoes,1990,141637,2432.0,2702.0,26.828333333333333,14.1637
Indonesia,Potatoes,1991,132721,3259.0,2702.0,26.683333333333334,13.2721
Indonesia,Potatoes,1992,143819,825.0,2702.0,26.743333333333336,14.3819
Indonesia,Potatoes,1993,158338,1597.0,2702.0,26.833333333333332,15.8338
Indonesia,Potatoes,1994,156474,1597.0,2702.0,26.73,15.6474
Indonesia,Potatoes,1995,165939,1597.0,2702.0,26.838333333333335,16.5939
Indonesia,Potatoes,1996,158631,1597.0,2702.0,26.84,15.8631
Indonesia,Potatoes,1997,162061,1597.0,2702.0,27.01,16.2061
Indonesia,Potatoes,1998,153432,1597.0,2702.0,27.343333333333334,15.3432
Indonesia,Potatoes,1999,147199,1597.0,2702.0,26.700000000000003,14.7199
Indonesia,Potatoes,2000,133759,1597.0,2702.0,26.866666666666664,13.3759
Indonesia,Potatoes,2001,148495,1597.0,2702.0,26.911666666666665,14.8495
Indonesia,Potatoes,2002,155903,1597.0,2702.0,27.125,15.5903
Indonesia,Potatoes,2004,163870,1597.0,2702.0,27.10666666666667,16.387
Indonesia,Potatoes,2005,164014,1597.0,2702.0,27.10166666666667,16.4014
Indonesia,Potatoes,2006,169363,1597.0,2702.0,27.05666666666667,16.9363
Indonesia,Potatoes,2007,160919,1597.0,2702.0,26.918333333333333,16.0919
Indonesia,Potatoes,2008,166719,1597.0,2702.0,26.748333333333335,16.6719
Indonesia,Potatoes,2009,165123,1597.0,2702.0,27.075,16.5123
Indonesia,Potatoes,2010,159445,1597.0,2702.0,27.076666666666668,15.9445
Indonesia,Potatoes,2011,159562,1597.0,2702.0,26.83666666666667,15.9562
Indonesia,Potatoes,2012,165820,1597.0,2702.0,27.026666666666667,16.582
Indonesia,Potatoes,2013,160184,1597.0,2702.0,27.015,16.0184
Indonesia,"Rice, paddy",1990,43018,2432.0,2702.0,26.828333333333333,4.3018
Indonesia,"Rice, paddy",1991,43465,3259.0,2702.0,26.683333333333334,4.3465
Indonesia,"Rice, paddy",1992,43446,825.0,2702.0,26.743333333333336,4.3446
Indonesia,"Rice, paddy",1993,43750,1597.0,2702.0,26.833333333333332,4.375
Indonesia,"Rice, paddy",1994,43453,1597.0,2702.0,26.73,4.3453
Indonesia,"Rice, paddy",1995,43487,1597.0,2702.0,26.838333333333335,4.3487
Indonesia,"Rice, paddy",1996,44168,1597.0,2702.0,26.84,4.4168
Indonesia,"Rice, paddy",1997,44322,1597.0,2702.0,27.01,4.4322
Indonesia,"Rice, paddy",1998,41974,1597.0,2702.0,27.343333333333334,4.1974
Indonesia,"Rice, paddy",1999,42519,1597.0,2702.0,26.700000000000003,4.2519
Indonesia,"Rice, paddy",2000,44007,1597.0,2702.0,26.866666666666664,4.4007
Indonesia,"Rice, paddy",2001,43879,1597.0,2702.0,26.911666666666665,4.3879
Indonesia,"Rice, paddy",2002,44691,1597.0,2702.0,27.125,4.4691
Indonesia,"Rice, paddy",2004,45365,1597.0,2702.0,27.10666666666667,4.5365
Indonesia,"Rice, paddy",2005,45739,1597.0,2702.0,27.10166666666667,4.5739
Indonesia,"Rice, paddy",2006,46201,1597.0,2702.0,27.05666666666667,4.6201
Indonesia,"Rice, paddy",2007,47052,1597.0,2702.0,26.918333333333333,4.7052
Indonesia,"Rice, paddy",2008,48948,1597.0,2702.0,26.748333333333335,4.8948
Indonesia,"Rice, paddy",2009,49985,1597.0,2702.0,27.075,4.9985
Indonesia,"Rice, paddy",2010,50153,1597.0,2702.0,27.076666666666668,5.0153
Indonesia,"Rice, paddy",2011,49802,1597.0,2702.0,26.83666666666667,4.9802
Indonesia,"Rice, paddy",2012,51360,1597.0,2702.0,27.026666666666667,5.136
Indonesia,"Rice, paddy",2013,51520,1597.0,2702.0,27.015,5.152
Indonesia,Soybeans,1990,11149,2432.0,2702.0,26.828333333333333,1.1149
Indonesia,Soybeans,1991,11369,3259.0,2702.0,26.683333333333334,1.1369
Indonesia,Soybeans,1992,11230,825.0,2702.0,26.743333333333336,1.123
Indonesia,Soybeans,1993,11621,1597.0,2702.0,26.833333333333332,1.1621
Indonesia,Soybeans,1994,11123,1597.0,2702.0,26.73,1.1123
Indonesia,Soybeans,1995,11371,1597.0,2702.0,26.838333333333335,1.1371
Indonesia,Soybeans,1996,11915,1597.0,2702.0,26.84,1.1915
Indonesia,Soybeans,1997,12125,1597.0,2702.0,27.01,1.2125
Indonesia,Soybeans,1998,11923,1597.0,2702.0,27.343333333333334,1.1923
Indonesia,Soybeans,1999,12013,1597.0,2702.0,26.700000000000003,1.2013
Indonesia,Soybeans,2000,12335,1597.0,2702.0,26.866666666666664,1.2335
Indonesia,Soybeans,2001,12181,1597.0,2702.0,26.911666666666665,1.2181
Indonesia,Soybeans,2002,12360,1597.0,2702.0,27.125,1.236
Indonesia,Soybeans,2004,12801,1597.0,2702.0,27.10666666666667,1.2801
Indonesia,Soybeans,2005,13006,1597.0,2702.0,27.10166666666667,1.3006
Indonesia,Soybeans,2006,12878,1597.0,2702.0,27.05666666666667,1.2878
Indonesia,Soybeans,2007,12908,1597.0,2702.0,26.918333333333333,1.2908
Indonesia,Soybeans,2008,13119,1597.0,2702.0,26.748333333333335,1.3119
Indonesia,Soybeans,2009,13483,1597.0,2702.0,27.075,1.3483
Indonesia,Soybeans,2010,13726,1597.0,2702.0,27.076666666666668,1.3726
Indonesia,Soybeans,2011,13681,1597.0,2702.0,26.83666666666667,1.3681
Indonesia,Soybeans,2012,14854,1597.0,2702.0,27.026666666666667,1.4854
Indonesia,Soybeans,2013,14161,1597.0,2702.0,27.015,1.4161
Indonesia,Sweet potatoes,1990,94450,2432.0,2702.0,26.828333333333333,9.445
Indonesia,Sweet potatoes,1991,95150,3259.0,2702.0,26.683333333333334,9.515
Indonesia,Sweet potatoes,1992,94481,825.0,2702.0,26.743333333333336,9.4481
Indonesia,Sweet potatoes,1993,93183,1597.0,2702.0,26.833333333333332,9.3183
Indonesia,Sweet potatoes,1994,93583,1597.0,2702.0,26.73,9.3583
Indonesia,Sweet potatoes,1995,94939,1597.0,2702.0,26.838333333333335,9.4939
Indonesia,Sweet potatoes,1996,113547,1597.0,2702.0,26.84,11.3547
Indonesia,Sweet potatoes,1997,94532,1597.0,2702.0,27.01,9.4532
Indonesia,Sweet potatoes,1998,95750,1597.0,2702.0,27.343333333333334,9.575
Indonesia,Sweet potatoes,1999,96698,1597.0,2702.0,26.700000000000003,9.6698
Indonesia,Sweet potatoes,2000,94211,1597.0,2702.0,26.866666666666664,9.4211
Indonesia,Sweet potatoes,2001,96634,1597.0,2702.0,26.911666666666665,9.6634
Indonesia,Sweet potatoes,2002,99940,1597.0,2702.0,27.125,9.994
Indonesia,Sweet potatoes,2004,103053,1597.0,2702.0,27.10666666666667,10.3053
Indonesia,Sweet potatoes,2005,104128,1597.0,2702.0,27.10166666666667,10.4128
Indonesia,Sweet potatoes,2006,105267,1597.0,2702.0,27.05666666666667,10.5267
Indonesia,Sweet potatoes,2007,106643,1597.0,2702.0,26.918333333333333,10.6643
Indonesia,Sweet potatoes,2008,107743,1597.0,2702.0,26.748333333333335,10.7743
Indonesia,Sweet potatoes,2009,111920,1597.0,2702.0,27.075,11.192
Indonesia,Sweet potatoes,2010,113272,1597.0,2702.0,27.076666666666668,11.3272
Indonesia,Sweet potatoes,2011,123289,1597.0,2702.0,26.83666666666667,12.3289
Indonesia,Sweet potatoes,2012,139290,1597.0,2702.0,27.026666666666667,13.929
Indonesia,Sweet potatoes,2013,147465,1597.0,2702.0,27.015,14.7465
Iraq,Maize,1990,24814,692.0,216.0,21.585,2.4814
Iraq,Maize,1991,21857,692.0,216.0,21.445,2.1857
Iraq,Maize,1992,20046,692.0,216.0,19.64,2.0046
Iraq,Maize,1993,19310,692.0,216.0,20.805,1.931
Iraq,Maize,1994,21333,692.0,216.0,21.744999999999997,2.1333
Iraq,Maize,1995,14286,816.0,216.0,21.59,1.4286
Iraq,Maize,1996,20833,616.0,216.0,22.045,2.0833
Iraq,Maize,1997,19836,848.0,216.0,20.985,1.9836
Iraq,Maize,1998,21803,755.0,216.0,22.49,2.1803
Iraq,Maize,1999,19167,508.0,216.0,22.635,1.9167
Iraq,Maize,2000,7560,548.0,216.0,22.09,0.756
Iraq,Maize,2001,23613,837.47,216.0,22.625,2.3613
Iraq,Maize,2002,24433,878.68,216.0,21.93,2.4433
Iraq,Maize,2004,22486,828.62,216.0,21.86,2.2486
Iraq,Maize,2005,23079,873.01,216.0,21.77,2.3079
Iraq,Maize,2006,24255,824.14,216.0,21.97,2.4255
Iraq,Maize,2007,24774,1062.61,216.0,22.020000000000003,2.4774
Iraq,Maize,2008,23492,1245.94,216.0,22.275,2.3492
Iraq,Maize,2009,20878,1429.27,216.0,22.065,2.0878
Iraq,Maize,2010,23586,1612.61,216.0,23.729999999999997,2.3586
Iraq,Maize,2011,26077,1795.94,216.0,21.61,2.6077
Iraq,Maize,2012,33444,1979.27,216.0,22.52,3.3444
Iraq,Maize,2013,42214,2162.6,216.0,23.455,4.2214
Iraq,Potatoes,1990,166681,692.0,216.0,21.585,16.6681
Iraq,Potatoes,1991,138029,692.0,216.0,21.445,13.8029
Iraq,Potatoes,1992,179167,692.0,216.0,19.64,17.9167
Iraq,Potatoes,1993,174739,692.0,216.0,20.805,17.4739
Iraq,Potatoes,1994,166360,692.0,216.0,21.744999999999997,16.636
Iraq,Potatoes,1995,160385,816.0,216.0,21.59,16.0385
Iraq,Potatoes,1996,177576,616.0,216.0,22.045,17.7576
Iraq,Potatoes,1997,154474,848.0,216.0,20.985,15.4474
Iraq,Potatoes,1998,155263,755.0,216.0,22.49,15.5263
Iraq,Potatoes,1999,164972,508.0,216.0,22.635,16.4972
Iraq,Potatoes,2000,140645,548.0,216.0,22.09,14.0645
Iraq,Potatoes,2001,163947,837.47,216.0,22.625,16.3947
Iraq,Potatoes,2002,170047,878.68,216.0,21.93,17.0047
Iraq,Potatoes,2004,162581,828.62,216.0,21.86,16.2581
Iraq,Potatoes,2005,158431,873.01,216.0,21.77,15.8431
Iraq,Potatoes,2006,176444,824.14,216.0,21.97,17.6444
Iraq,Potatoes,2007,179580,1062.61,216.0,22.020000000000003,17.958
Iraq,Potatoes,2008,105689,1245.94,216.0,22.275,10.5689
Iraq,Potatoes,2009,113307,1429.27,216.0,22.065,11.3307
Iraq,Potatoes,2010,157177,1612.61,216.0,23.729999999999997,15.7177
Iraq,Potatoes,2011,137820,1795.94,216.0,21.61,13.782
Iraq,Potatoes,2012,134713,1979.27,216.0,22.52,13.4713
Iraq,Potatoes,2013,170599,2162.6,216.0,23.455,17.0599
Iraq,"Rice, paddy",1990,28889,692.0,216.0,21.585,2.8889
Iraq,"Rice, paddy",1991,22008,692.0,216.0,21.445,2.2008
Iraq,"Rice, paddy",1992,18947,692.0,216.0,19.64,1.8947
Iraq,"Rice, paddy",1993,18727,692.0,216.0,20.805,1.8727
Iraq,"Rice, paddy",1994,23497,692.0,216.0,21.744999999999997,2.3497
Iraq,"Rice, paddy",1995,18000,816.0,216.0,21.59,1.8
Iraq,"Rice, paddy",1996,22500,616.0,216.0,22.045,2.25
Iraq,"Rice, paddy",1997,20165,848.0,216.0,20.985,2.0165
Iraq,"Rice, paddy",1998,23438,755.0,216.0,22.49,2.3438
Iraq,"Rice, paddy",1999,13846,508.0,216.0,22.635,1.3846
Iraq,"Rice, paddy",2000,6000,548.0,216.0,22.09,0.6
Iraq,"Rice, paddy",2001,12800,837.47,216.0,22.625,1.28
Iraq,"Rice, paddy",2002,25000,878.68,216.0,21.93,2.5
Iraq,"Rice, paddy",2004,28409,828.62,216.0,21.86,2.8409
Iraq,"Rice, paddy",2005,28879,873.01,216.0,21.77,2.8879
Iraq,"Rice, paddy",2006,28867,824.14,216.0,21.97,2.8867
Iraq,"Rice, paddy",2007,31630,1062.61,216.0,22.020000000000003,3.163
Iraq,"Rice, paddy",2008,29281,1245.94,216.0,22.275,2.9281
Iraq,"Rice, paddy",2009,31511,1429.27,216.0,22.065,3.1511
Iraq,"Rice, paddy",2010,32482,1612.61,216.0,23.729999999999997,3.2482
Iraq,"Rice, paddy",2011,35762,1795.94,216.0,21.61,3.5762
Iraq,"Rice, paddy",2012,45468,1979.27,216.0,22.52,4.5468
Iraq,"Rice, paddy",2013,47162,2162.6,216.0,23.455,4.7162
Iraq,Sorghum,1990,7273,692.0,216.0,21.585,0.7273
Iraq,Sorghum,1991,4348,692.0,216.0,21.445,0.4348
Iraq,Sorghum,1992,6125,692.0,216.0,19.64,0.6125
Iraq,Sorghum,1993,8333,692.0,216.0,20.805,0.8333
Iraq,Sorghum,1994,8571,692.0,216.0,21.744999999999997,0.8571
Iraq,Sorghum,1995,8889,816.0,216.0,21.59,0.8889
Iraq,Sorghum,1996,10000,616.0,216.0,22.045,1.0
Iraq,Sorghum,1997,10000,848.0,216.0,20.985,1.0
Iraq,Sorghum,1998,10000,755.0,216.0,22.49,1.0
Iraq,Sorghum,1999,10000,508.0,216.0,22.635,1.0
Iraq,Sorghum,2000,3333,548.0,216.0,22.09,0.3333
Iraq,Sorghum,2001,3333,837.47,216.0,22.625,0.3333
Iraq,Sorghum,2002,3333,878.68,216.0,21.93,0.3333
Iraq,Sorghum,2004,10556,828.62,216.0,21.86,1.0556
Iraq,Sorghum,2005,9750,873.01,216.0,21.77,0.975
Iraq,Sorghum,2006,10000,824.14,216.0,21.97,1.0
Iraq,Sorghum,2007,9722,1062.61,216.0,22.020000000000003,0.9722
Iraq,Sorghum,2008,9791,1245.94,216.0,22.275,0.9791
Iraq,Sorghum,2009,14279,1429.27,216.0,22.065,1.4279
Iraq,Sorghum,2010,29960,1612.61,216.0,23.729999999999997,2.996
Iraq,Sorghum,2011,31873,1795.94,216.0,21.61,3.1873
Iraq,Sorghum,2012,7314,1979.27,216.0,22.52,0.7314
Iraq,Sorghum,2013,19215,2162.6,216.0,23.455,1.9215
Iraq,Soybeans,1990,14615,692.0,216.0,21.585,1.4615
Iraq,Soybeans,1991,15000,692.0,216.0,21.445,1.5
Iraq,Soybeans,1992,14800,692.0,216.0,19.64,1.48
Iraq,Soybeans,1993,14815,692.0,216.0,20.805,1.4815
Iraq,Soybeans,1994,13846,692.0,216.0,21.744999999999997,1.3846
Iraq,Soybeans,1995,14000,816.0,216.0,21.59,1.4
Iraq,Soybeans,1996,13750,616.0,216.0,22.045,1.375
Iraq,Soybeans,1997,14000,848.0,216.0,20.985,1.4
Iraq,Soybeans,1998,11181,755.0,216.0,22.49,1.1181
Iraq,Soybeans,1999,4365,508.0,216.0,22.635,0.4365
Iraq,Soybeans,2000,10000,548.0,216.0,22.09,1.0
Iraq,Soybeans,2001,12000,837.47,216.0,22.625,1.2
Iraq,Soybeans,2002,10000,878.68,216.0,21.93,1.0
Iraq,Soybeans,2004,10000,828.62,216.0,21.86,1.0
Iraq,Soybeans,2005,9214,873.01,216.0,21.77,0.9214
Iraq,Soybeans,2006,9095,824.14,216.0,21.97,0.9095
Iraq,Soybeans,2007,9187,1062.61,216.0,22.020000000000003,0.9187
Iraq,Soybeans,2008,9016,1245.94,216.0,22.275,0.9016
Iraq,Soybeans,2009,8846,1429.27,216.0,22.065,0.8846
Iraq,Soybeans,2010,8675,1612.61,216.0,23.729999999999997,0.8675
Iraq,Soybeans,2011,8504,1795.94,216.0,21.61,0.8504
Iraq,Soybeans,2012,8334,1979.27,216.0,22.52,0.8334
Iraq,Soybeans,2013,8163,2162.6,216.0,23.455,0.8163
Iraq,Wheat,1990,10129,692.0,216.0,21.585,1.0129
Iraq,Wheat,1991,8056,692.0,216.0,21.445,0.8056
Iraq,Wheat,1992,5999,692.0,216.0,19.64,0.5999
Iraq,Wheat,1993,5897,692.0,216.0,20.805,0.5897
Iraq,Wheat,1994,7431,692.0,216.0,21.744999999999997,0.7431
Iraq,Wheat,1995,8052,816.0,216.0,21.59,0.8052
Iraq,Wheat,1996,8667,616.0,216.0,22.045,0.8667
Iraq,Wheat,1997,7566,848.0,216.0,20.985,0.7566
Iraq,Wheat,1998,8071,755.0,216.0,22.49,0.8071
Iraq,Wheat,1999,6154,508.0,216.0,22.635,0.6154
Iraq,Wheat,2000,3200,548.0,216.0,22.09,0.32
Iraq,Wheat,2001,7405,837.47,216.0,22.625,0.7405
Iraq,Wheat,2002,15703,878.68,216.0,21.93,1.5703
Iraq,Wheat,2004,11898,828.62,216.0,21.86,1.1898
Iraq,Wheat,2005,8738,873.01,216.0,21.77,0.8738
Iraq,Wheat,2006,13783,824.14,216.0,21.97,1.3783
Iraq,Wheat,2007,14031,1062.61,216.0,22.020000000000003,1.4031
Iraq,Wheat,2008,13678,1245.94,216.0,22.275,1.3678
Iraq,Wheat,2009,18756,1429.27,216.0,22.065,1.8756
Iraq,Wheat,2010,19872,1612.61,216.0,23.729999999999997,1.9872
Iraq,Wheat,2011,19552,1795.94,216.0,21.61,1.9552
Iraq,Wheat,2012,24181,1979.27,216.0,22.52,2.4181
Iraq,Wheat,2013,23068,2162.6,216.0,23.455,2.3068
Ireland,Potatoes,1990,248971,2014.0,1118.0,9.59,24.8971
Ireland,Potatoes,1991,278537,2014.0,1118.0,9.07,27.8537
Ireland,Potatoes,1992,288688,2014.0,1118.0,9.07,28.8688
Ireland,Potatoes,1993,263426,2014.0,1118.0,8.85,26.3426
Ireland,Potatoes,1994,300000,2014.0,1118.0,9.13,30.0
Ireland,Potatoes,1995,275893,2152.0,1118.0,9.75,27.5893
Ireland,Potatoes,1996,301646,1577.0,1118.0,8.85,30.1646
Ireland,Potatoes,1997,259341,2201.0,1118.0,9.95,25.9341
Ireland,Potatoes,1998,260541,2257.0,1118.0,9.71,26.0541
Ireland,Potatoes,1999,319429,1930.0,1118.0,9.75,31.9429
Ireland,Potatoes,2000,336889,1942.21,1118.0,9.43,33.6889
Ireland,Potatoes,2001,333986,2333.67,1118.0,9.27,33.3986
Ireland,Potatoes,2002,336753,2614.27,1118.0,9.75,33.6753
Ireland,Potatoes,2004,415188,2978.49,1118.0,9.77,41.5188
Ireland,Potatoes,2005,346780,2624.89,1118.0,9.91,34.678
Ireland,Potatoes,2006,332957,2766.64,1118.0,10.0,33.2957
Ireland,Potatoes,2007,341026,3083.02,1118.0,10.11,34.1026
Ireland,Potatoes,2008,307946,2790.17,1118.0,9.42,30.7946
Ireland,Potatoes,2009,275492,2268.1,1118.0,9.47,27.5492
Ireland,Potatoes,2010,343934,2529.2,1118.0,8.38,34.3934
Ireland,Potatoes,2011,342404,3664.3,1118.0,9.76,34.2404
Ireland,Potatoes,2012,257778,2925.1,1118.0,9.28,25.7778
Ireland,Potatoes,2013,383271,2950.8,1118.0,9.28,38.3271
Ireland,Wheat,1990,85307,2014.0,1118.0,9.59,8.5307
Ireland,Wheat,1991,78646,2014.0,1118.0,9.07,7.8646
Ireland,Wheat,1992,78808,2014.0,1118.0,9.07,7.8808
Ireland,Wheat,1993,68056,2014.0,1118.0,8.85,6.8056
Ireland,Wheat,1994,77193,2014.0,1118.0,9.13,7.7193
Ireland,Wheat,1995,82461,2152.0,1118.0,9.75,8.2461
Ireland,Wheat,1996,89965,1577.0,1118.0,8.85,8.9965
Ireland,Wheat,1997,77210,2201.0,1118.0,9.95,7.721
Ireland,Wheat,1998,80310,2257.0,1118.0,9.71,8.031
Ireland,Wheat,1999,87665,1930.0,1118.0,9.75,8.7665
Ireland,Wheat,2000,94538,1942.21,1118.0,9.43,9.4538
Ireland,Wheat,2001,90601,2333.67,1118.0,9.27,9.0601
Ireland,Wheat,2002,84440,2614.27,1118.0,9.75,8.444
Ireland,Wheat,2004,99241,2978.49,1118.0,9.77,9.9241
Ireland,Wheat,2005,84317,2624.89,1118.0,9.91,8.4317
Ireland,Wheat,2006,91543,2766.64,1118.0,10.0,9.1543
Ireland,Wheat,2007,84626,3083.02,1118.0,10.11,8.4626
Ireland,Wheat,2008,89684,2790.17,1118.0,9.42,8.9684
Ireland,Wheat,2009,81669,2268.1,1118.0,9.47,8.1669
Ireland,Wheat,2010,86015,2529.2,1118.0,8.38,8.6015
Ireland,Wheat,2011,98641,3664.3,1118.0,9.76,9.8641
Ireland,Wheat,2012,72235,2925.1,1118.0,9.28,7.2235
Ireland,Wheat,2013,89983,2950.8,1118.0,9.28,8.9983
Italy,Maize,1990,76375,100596.4,832.0,10.4,7.6375
Italy,Maize,1991,72624,88916.6,832.0,9.665000000000001,7.2624
Italy,Maize,1992,86597,88227.6,832.0,10.325,8.6597
Italy,Maize,1993,86612,89282.2,832.0,10.07,8.6612
Italy,Maize,1994,82235,81217.6,832.0,10.96,8.2235
Italy,Maize,1995,89695,84153.0,832.0,9.95,8.9695
Italy,Maize,1996,93328,74617.2,832.0,9.67,9.3328
Italy,Maize,1997,96270,84799.0,832.0,10.655000000000001,9.627
Italy,Maize,1998,93217,84117.0,832.0,10.365,9.3217
Italy,Maize,1999,97444,81583.0,832.0,10.295,9.7444
Italy,Maize,2000,95277,79447.0,832.0,10.775,9.5277
Italy,Maize,2001,95135,75978.0,832.0,10.530000000000001,9.5135
Italy,Maize,2002,94918,94211.0,832.0,10.645,9.4918
Italy,Maize,2004,94975,83810.0,832.0,10.245000000000001,9.4975
Italy,Maize,2005,93678,84647.0,832.0,9.745000000000001,9.3678
Italy,Maize,2006,87285,74349.0,832.0,10.51,8.7285
Italy,Maize,2007,93120,80454.0,832.0,10.86,9.312
Italy,Maize,2008,95726,79643.0,832.0,10.46,9.5726
Italy,Maize,2009,86048,74172.0,832.0,10.695,8.6048
Italy,Maize,2010,91672,71613.0,832.0,9.84,9.1672
Italy,Maize,2011,98033,70690.0,832.0,11.07,9.8033
Italy,Maize,2012,80325,61889.0,832.0,10.75,8.0325
Italy,Maize,2013,86989,55633.0,832.0,10.82,8.6989
Italy,Potatoes,1990,191624,100596.4,832.0,10.4,19.1624
Italy,Potatoes,1991,200113,88916.6,832.0,9.665000000000001,20.0113
Italy,Potatoes,1992,226592,88227.6,832.0,10.325,22.6592
Italy,Potatoes,1993,224567,89282.2,832.0,10.07,22.4567
Italy,Potatoes,1994,233775,81217.6,832.0,10.96,23.3775
Italy,Potatoes,1995,232893,84153.0,832.0,9.95,23.2893
Italy,Potatoes,1996,224667,74617.2,832.0,9.67,22.4667
Italy,Potatoes,1997,222609,84799.0,832.0,10.655000000000001,22.2609
Italy,Potatoes,1998,243418,84117.0,832.0,10.365,24.3418
Italy,Potatoes,1999,241843,81583.0,832.0,10.295,24.1843
Italy,Potatoes,2000,250695,79447.0,832.0,10.775,25.0695
Italy,Potatoes,2001,250910,75978.0,832.0,10.530000000000001,25.091
Italy,Potatoes,2002,240997,94211.0,832.0,10.645,24.0997
Italy,Potatoes,2004,251485,83810.0,832.0,10.245000000000001,25.1485
Italy,Potatoes,2005,250819,84647.0,832.0,9.745000000000001,25.0819
Italy,Potatoes,2006,246070,74349.0,832.0,10.51,24.607
Italy,Potatoes,2007,256304,80454.0,832.0,10.86,25.6304
Italy,Potatoes,2008,227242,79643.0,832.0,10.46,22.7242
Italy,Potatoes,2009,248352,74172.0,832.0,10.695,24.8352
Italy,Potatoes,2010,249684,71613.0,832.0,9.84,24.9684
Italy,Potatoes,2011,249158,70690.0,832.0,11.07,24.9158
Italy,Potatoes,2012,254511,61889.0,832.0,10.75,25.4511
Italy,Potatoes,2013,252483,55633.0,832.0,10.82,25.2483
Italy,"Rice, paddy",1990,60278,100596.4,832.0,10.4,6.0278
Italy,"Rice, paddy",1991,60274,88916.6,832.0,9.665000000000001,6.0274
Italy,"Rice, paddy",1992,58758,88227.6,832.0,10.325,5.8758
Italy,"Rice, paddy",1993,56317,89282.2,832.0,10.07,5.6317
Italy,"Rice, paddy",1994,57661,81217.6,832.0,10.96,5.7661
Italy,"Rice, paddy",1995,55206,84153.0,832.0,9.95,5.5206
Italy,"Rice, paddy",1996,58122,74617.2,832.0,9.67,5.8122
Italy,"Rice, paddy",1997,61950,84799.0,832.0,10.655000000000001,6.195
Italy,"Rice, paddy",1998,62573,84117.0,832.0,10.365,6.2573
Italy,"Rice, paddy",1999,64635,81583.0,832.0,10.295,6.4635
Italy,"Rice, paddy",2000,55810,79447.0,832.0,10.775,5.581
Italy,"Rice, paddy",2001,58494,75978.0,832.0,10.530000000000001,5.8494
Italy,"Rice, paddy",2002,62700,94211.0,832.0,10.645,6.27
Italy,"Rice, paddy",2004,66317,83810.0,832.0,10.245000000000001,6.6317
Italy,"Rice, paddy",2005,63074,84647.0,832.0,9.745000000000001,6.3074
Italy,"Rice, paddy",2006,62772,74349.0,832.0,10.51,6.2772
Italy,"Rice, paddy",2007,66240,80454.0,832.0,10.86,6.624
Italy,"Rice, paddy",2008,61949,79643.0,832.0,10.46,6.1949
Italy,"Rice, paddy",2009,67941,74172.0,832.0,10.695,6.7941
Italy,"Rice, paddy",2010,61219,71613.0,832.0,9.84,6.1219
Italy,"Rice, paddy",2011,60452,70690.0,832.0,11.07,6.0452
Italy,"Rice, paddy",2012,68133,61889.0,832.0,10.75,6.8133
Italy,"Rice, paddy",2013,66342,55633.0,832.0,10.82,6.6342
Italy,Sorghum,1990,48234,100596.4,832.0,10.4,4.8234
Italy,Sorghum,1991,55089,88916.6,832.0,9.665000000000001,5.5089
Italy,Sorghum,1992,59232,88227.6,832.0,10.325,5.9232
Italy,Sorghum,1993,59684,89282.2,832.0,10.07,5.9684
Italy,Sorghum,1994,59924,81217.6,832.0,10.96,5.9924
Italy,Sorghum,1995,62412,84153.0,832.0,9.95,6.2412
Italy,Sorghum,1996,58388,74617.2,832.0,9.67,5.8388
Italy,Sorghum,1997,57487,84799.0,832.0,10.655000000000001,5.7487
Italy,Sorghum,1998,55463,84117.0,832.0,10.365,5.5463
Italy,Sorghum,1999,64309,81583.0,832.0,10.295,6.4309
Italy,Sorghum,2000,63445,79447.0,832.0,10.775,6.3445
Italy,Sorghum,2001,62045,75978.0,832.0,10.530000000000001,6.2045
Italy,Sorghum,2002,63110,94211.0,832.0,10.645,6.311
Italy,Sorghum,2004,62847,83810.0,832.0,10.245000000000001,6.2847
Italy,Sorghum,2005,58558,84647.0,832.0,9.745000000000001,5.8558
Italy,Sorghum,2006,57296,74349.0,832.0,10.51,5.7296
Italy,Sorghum,2007,56759,80454.0,832.0,10.86,5.6759
Italy,Sorghum,2008,57960,79643.0,832.0,10.46,5.796
Italy,Sorghum,2009,61003,74172.0,832.0,10.695,6.1003
Italy,Sorghum,2010,66683,71613.0,832.0,9.84,6.6683
Italy,Sorghum,2011,70972,70690.0,832.0,11.07,7.0972
Italy,Sorghum,2012,41979,61889.0,832.0,10.75,4.1979
Italy,Sorghum,2013,62061,55633.0,832.0,10.82,6.2061
Italy,Soybeans,1990,33588,100596.4,832.0,10.4,3.3588
Italy,Soybeans,1991,36828,88916.6,832.0,9.665000000000001,3.6828
Italy,Soybeans,1992,31316,88227.6,832.0,10.325,3.1316
Italy,Soybeans,1993,31552,89282.2,832.0,10.07,3.1552
Italy,Soybeans,1994,33501,81217.6,832.0,10.96,3.3501
Italy,Soybeans,1995,37525,84153.0,832.0,9.95,3.7525
Italy,Soybeans,1996,36951,74617.2,832.0,9.67,3.6951
Italy,Soybeans,1997,38018,84799.0,832.0,10.655000000000001,3.8018
Italy,Soybeans,1998,35040,84117.0,832.0,10.365,3.504
Italy,Soybeans,1999,35329,81583.0,832.0,10.295,3.5329
Italy,Soybeans,2000,35761,79447.0,832.0,10.775,3.5761
Italy,Soybeans,2001,38122,75978.0,832.0,10.530000000000001,3.8122
Italy,Soybeans,2002,38613,94211.0,832.0,10.645,3.8613
Italy,Soybeans,2004,34458,83810.0,832.0,10.245000000000001,3.4458
Italy,Soybeans,2005,36303,84647.0,832.0,9.745000000000001,3.6303
Italy,Soybeans,2006,30987,74349.0,832.0,10.51,3.0987
Italy,Soybeans,2007,31342,80454.0,832.0,10.86,3.1342
Italy,Soybeans,2008,32121,79643.0,832.0,10.46,3.2121
Italy,Soybeans,2009,34759,74172.0,832.0,10.695,3.4759
Italy,Soybeans,2010,34639,71613.0,832.0,9.84,3.4639
Italy,Soybeans,2011,34024,70690.0,832.0,11.07,3.4024
Italy,Soybeans,2012,27591,61889.0,832.0,10.75,2.7591
Italy,Soybeans,2013,33906,55633.0,832.0,10.82,3.3906
Italy,Sweet potatoes,1990,214829,100596.4,832.0,10.4,21.4829
Italy,Sweet potatoes,1991,214905,88916.6,832.0,9.665000000000001,21.4905
Italy,Sweet potatoes,1992,235174,88227.6,832.0,10.325,23.5174
Italy,Sweet potatoes,1993,242578,89282.2,832.0,10.07,24.2578
Italy,Sweet potatoes,1994,237708,81217.6,832.0,10.96,23.7708
Italy,Sweet potatoes,1995,239079,84153.0,832.0,9.95,23.9079
Italy,Sweet potatoes,1996,221667,74617.2,832.0,9.67,22.1667
Italy,Sweet potatoes,1997,199328,84799.0,832.0,10.655000000000001,19.9328
Italy,Sweet potatoes,1998,171429,84117.0,832.0,10.365,17.1429
Italy,Sweet potatoes,1999,80243,81583.0,832.0,10.295,8.0243
Italy,Sweet potatoes,2000,114353,79447.0,832.0,10.775,11.4353
Italy,Sweet potatoes,2001,115008,75978.0,832.0,10.530000000000001,11.5008
Italy,Sweet potatoes,2002,113661,94211.0,832.0,10.645,11.3661
Italy,Sweet potatoes,2004,159900,83810.0,832.0,10.245000000000001,15.99
Italy,Sweet potatoes,2005,141516,84647.0,832.0,9.745000000000001,14.1516
Italy,Sweet potatoes,2006,144453,74349.0,832.0,10.51,14.4453
Italy,Sweet potatoes,2007,185605,80454.0,832.0,10.86,18.5605
Italy,Sweet potatoes,2008,200936,79643.0,832.0,10.46,20.0936
Italy,Sweet potatoes,2009,177016,74172.0,832.0,10.695,17.7016
Italy,Sweet potatoes,2010,189956,71613.0,832.0,9.84,18.9956
Italy,Sweet potatoes,2011,207114,70690.0,832.0,11.07,20.7114
Italy,Sweet potatoes,2012,195236,61889.0,832.0,10.75,19.5236
Italy,Sweet potatoes,2013,227753,55633.0,832.0,10.82,22.7753
Italy,Wheat,1990,29243,100596.4,832.0,10.4,2.9243
Italy,Wheat,1991,35094,88916.6,832.0,9.665000000000001,3.5094
Italy,Wheat,1992,35506,88227.6,832.0,10.325,3.5506
Italy,Wheat,1993,35533,89282.2,832.0,10.07,3.5533
Italy,Wheat,1994,34796,81217.6,832.0,10.96,3.4796
Italy,Wheat,1995,32013,84153.0,832.0,9.95,3.2013
Italy,Wheat,1996,33170,74617.2,832.0,9.67,3.317
Italy,Wheat,1997,28563,84799.0,832.0,10.655000000000001,2.8563
Italy,Wheat,1998,35818,84117.0,832.0,10.365,3.5818
Italy,Wheat,1999,32434,81583.0,832.0,10.295,3.2434
Italy,Wheat,2000,32133,79447.0,832.0,10.775,3.2133
Italy,Wheat,2001,28013,75978.0,832.0,10.530000000000001,2.8013
Italy,Wheat,2002,31247,94211.0,832.0,10.645,3.1247
Italy,Wheat,2004,36698,83810.0,832.0,10.245000000000001,3.6698
Italy,Wheat,2005,36352,84647.0,832.0,9.745000000000001,3.6352
Italy,Wheat,2006,37295,74349.0,832.0,10.51,3.7295
Italy,Wheat,2007,34137,80454.0,832.0,10.86,3.4137
Italy,Wheat,2008,38689,79643.0,832.0,10.46,3.8689
Italy,Wheat,2009,35859,74172.0,832.0,10.695,3.5859
Italy,Wheat,2010,37421,71613.0,832.0,9.84,3.7421
Italy,Wheat,2011,38335,70690.0,832.0,11.07,3.8335
Italy,Wheat,2012,41293,61889.0,832.0,10.75,4.1293
Italy,Wheat,2013,38441,55633.0,832.0,10.82,3.8441
Jamaica,Cassava,1990,119102,1415.65,2051.0,27.28,11.9102
Jamaica,Cassava,1991,120268,1415.65,2051.0,27.24,12.0268
Jamaica,Cassava,1992,151186,1415.65,2051.0,27.25,15.1186
Jamaica,Cassava,1993,186649,1415.65,2051.0,27.02,18.6649
Jamaica,Cassava,1994,195385,1415.65,2051.0,27.48,19.5385
Jamaica,Cassava,1995,205018,1445.12,2051.0,27.4,20.5018
Jamaica,Cassava,1996,208699,1573.58,2051.0,26.98,20.8699
Jamaica,Cassava,1997,188884,909.71,2051.0,27.8,18.8884
Jamaica,Cassava,1998,191949,909.71,2051.0,27.8,19.1949
Jamaica,Cassava,1999,190186,909.71,2051.0,27.12,19.0186
Jamaica,Cassava,2000,181048,909.71,2051.0,26.96,18.1048
Jamaica,Cassava,2001,188566,909.71,2051.0,27.27,18.8566
Jamaica,Cassava,2002,188575,909.71,2051.0,27.51,18.8575
Jamaica,Cassava,2004,184154,909.71,2051.0,27.47,18.4154
Jamaica,Cassava,2005,176320,909.71,2051.0,27.34,17.632
Jamaica,Cassava,2006,186213,909.71,2051.0,27.58,18.6213
Jamaica,Cassava,2007,186683,909.71,2051.0,27.61,18.6683
Jamaica,Cassava,2008,185993,909.71,2051.0,27.17,18.5993
Jamaica,Cassava,2009,186352,909.71,2051.0,27.42,18.6352
Jamaica,Cassava,2010,185271,909.71,2051.0,27.09,18.5271
Jamaica,Cassava,2011,188896,909.71,2051.0,27.17,18.8896
Jamaica,Cassava,2012,188866,909.71,2051.0,27.51,18.8866
Jamaica,Cassava,2013,187795,909.71,2051.0,27.41,18.7795
Jamaica,Maize,1990,10588,1415.65,2051.0,27.28,1.0588
Jamaica,Maize,1991,11667,1415.65,2051.0,27.24,1.1667
Jamaica,Maize,1992,14225,1415.65,2051.0,27.25,1.4225
Jamaica,Maize,1993,15115,1415.65,2051.0,27.02,1.5115
Jamaica,Maize,1994,13594,1415.65,2051.0,27.48,1.3594
Jamaica,Maize,1995,13375,1445.12,2051.0,27.4,1.3375
Jamaica,Maize,1996,13741,1573.58,2051.0,26.98,1.3741
Jamaica,Maize,1997,11568,909.71,2051.0,27.8,1.1568
Jamaica,Maize,1998,11436,909.71,2051.0,27.8,1.1436
Jamaica,Maize,1999,12231,909.71,2051.0,27.12,1.2231
Jamaica,Maize,2000,11487,909.71,2051.0,26.96,1.1487
Jamaica,Maize,2001,12068,909.71,2051.0,27.27,1.2068
Jamaica,Maize,2002,11818,909.71,2051.0,27.51,1.1818
Jamaica,Maize,2004,11842,909.71,2051.0,27.47,1.1842
Jamaica,Maize,2005,12547,909.71,2051.0,27.34,1.2547
Jamaica,Maize,2006,12284,909.71,2051.0,27.58,1.2284
Jamaica,Maize,2007,11950,909.71,2051.0,27.61,1.195
Jamaica,Maize,2008,12538,909.71,2051.0,27.17,1.2538
Jamaica,Maize,2009,12615,909.71,2051.0,27.42,1.2615
Jamaica,Maize,2010,11710,909.71,2051.0,27.09,1.171
Jamaica,Maize,2011,12747,909.71,2051.0,27.17,1.2747
Jamaica,Maize,2012,11891,909.71,2051.0,27.51,1.1891
Jamaica,Maize,2013,11883,909.71,2051.0,27.41,1.1883
Jamaica,Plantains and others,1990,138727,1415.65,2051.0,27.28,13.8727
Jamaica,Plantains and others,1991,135699,1415.65,2051.0,27.24,13.5699
Jamaica,Plantains and others,1992,155229,1415.65,2051.0,27.25,15.5229
Jamaica,Plantains and others,1993,171181,1415.65,2051.0,27.02,17.1181
Jamaica,Plantains and others,1994,170149,1415.65,2051.0,27.48,17.0149
Jamaica,Plantains and others,1995,171784,1445.12,2051.0,27.4,17.1784
Jamaica,Plantains and others,1996,166573,1573.58,2051.0,26.98,16.6573
Jamaica,Plantains and others,1997,161101,909.71,2051.0,27.8,16.1101
Jamaica,Plantains and others,1998,163556,909.71,2051.0,27.8,16.3556
Jamaica,Plantains and others,1999,169483,909.71,2051.0,27.12,16.9483
Jamaica,Plantains and others,2000,169825,909.71,2051.0,26.96,16.9825
Jamaica,Plantains and others,2001,179276,909.71,2051.0,27.27,17.9276
Jamaica,Plantains and others,2002,177133,909.71,2051.0,27.51,17.7133
Jamaica,Plantains and others,2004,172093,909.71,2051.0,27.47,17.2093
Jamaica,Plantains and others,2005,172173,909.71,2051.0,27.34,17.2173
Jamaica,Plantains and others,2006,174995,909.71,2051.0,27.58,17.4995
Jamaica,Plantains and others,2007,173834,909.71,2051.0,27.61,17.3834
Jamaica,Plantains and others,2008,171829,909.71,2051.0,27.17,17.1829
Jamaica,Plantains and others,2009,185819,909.71,2051.0,27.42,18.5819
Jamaica,Plantains and others,2010,188295,909.71,2051.0,27.09,18.8295
Jamaica,Plantains and others,2011,204013,909.71,2051.0,27.17,20.4013
Jamaica,Plantains and others,2012,180025,909.71,2051.0,27.51,18.0025
Jamaica,Plantains and others,2013,184149,909.71,2051.0,27.41,18.4149
Jamaica,Potatoes,1990,122818,1415.65,2051.0,27.28,12.2818
Jamaica,Potatoes,1991,91380,1415.65,2051.0,27.24,9.138
Jamaica,Potatoes,1992,111138,1415.65,2051.0,27.25,11.1138
Jamaica,Potatoes,1993,119399,1415.65,2051.0,27.02,11.9399
Jamaica,Potatoes,1994,143052,1415.65,2051.0,27.48,14.3052
Jamaica,Potatoes,1995,144129,1445.12,2051.0,27.4,14.4129
Jamaica,Potatoes,1996,146076,1573.58,2051.0,26.98,14.6076
Jamaica,Potatoes,1997,147392,909.71,2051.0,27.8,14.7392
Jamaica,Potatoes,1998,147897,909.71,2051.0,27.8,14.7897
Jamaica,Potatoes,1999,157082,909.71,2051.0,27.12,15.7082
Jamaica,Potatoes,2000,141042,909.71,2051.0,26.96,14.1042
Jamaica,Potatoes,2001,144634,909.71,2051.0,27.27,14.4634
Jamaica,Potatoes,2002,148595,909.71,2051.0,27.51,14.8595
Jamaica,Potatoes,2004,156346,909.71,2051.0,27.47,15.6346
Jamaica,Potatoes,2005,156141,909.71,2051.0,27.34,15.6141
Jamaica,Potatoes,2006,166966,909.71,2051.0,27.58,16.6966
Jamaica,Potatoes,2007,164330,909.71,2051.0,27.61,16.433
Jamaica,Potatoes,2008,164849,909.71,2051.0,27.17,16.4849
Jamaica,Potatoes,2009,169416,909.71,2051.0,27.42,16.9416
Jamaica,Potatoes,2010,142411,909.71,2051.0,27.09,14.2411
Jamaica,Potatoes,2011,190236,909.71,2051.0,27.17,19.0236
Jamaica,Potatoes,2012,165440,909.71,2051.0,27.51,16.544
Jamaica,Potatoes,2013,165914,909.71,2051.0,27.41,16.5914
Jamaica,"Rice, paddy",1990,23656,1415.65,2051.0,27.28,2.3656
Jamaica,"Rice, paddy",1991,27019,1415.65,2051.0,27.24,2.7019
Jamaica,"Rice, paddy",1992,23981,1415.65,2051.0,27.25,2.3981
Jamaica,"Rice, paddy",1993,31279,1415.65,2051.0,27.02,3.1279
Jamaica,"Rice, paddy",1994,29080,1415.65,2051.0,27.48,2.908
Jamaica,"Rice, paddy",1995,24308,1445.12,2051.0,27.4,2.4308
Jamaica,"Rice, paddy",1996,14286,1573.58,2051.0,26.98,1.4286
Jamaica,"Rice, paddy",1997,16111,909.71,2051.0,27.8,1.6111
Jamaica,"Rice, paddy",1998,18750,909.71,2051.0,27.8,1.875
Jamaica,"Rice, paddy",1999,10690,909.71,2051.0,27.12,1.069
Jamaica,"Rice, paddy",2000,9231,909.71,2051.0,26.96,0.9231
Jamaica,"Rice, paddy",2001,13750,909.71,2051.0,27.27,1.375
Jamaica,"Rice, paddy",2002,9091,909.71,2051.0,27.51,0.9091
Jamaica,"Rice, paddy",2004,14286,909.71,2051.0,27.47,1.4286
Jamaica,"Rice, paddy",2005,30000,909.71,2051.0,27.34,3.0
Jamaica,"Rice, paddy",2006,20000,909.71,2051.0,27.58,2.0
Jamaica,"Rice, paddy",2007,29545,909.71,2051.0,27.61,2.9545
Jamaica,"Rice, paddy",2008,33333,909.71,2051.0,27.17,3.3333
Jamaica,"Rice, paddy",2009,40541,909.71,2051.0,27.42,4.0541
Jamaica,"Rice, paddy",2010,47397,909.71,2051.0,27.09,4.7397
Jamaica,"Rice, paddy",2011,53341,909.71,2051.0,27.17,5.3341
Jamaica,"Rice, paddy",2012,49023,909.71,2051.0,27.51,4.9023
Jamaica,"Rice, paddy",2013,42000,909.71,2051.0,27.41,4.2
Jamaica,Sweet potatoes,1990,112543,1415.65,2051.0,27.28,11.2543
Jamaica,Sweet potatoes,1991,108643,1415.65,2051.0,27.24,10.8643
Jamaica,Sweet potatoes,1992,134109,1415.65,2051.0,27.25,13.4109
Jamaica,Sweet potatoes,1993,153282,1415.65,2051.0,27.02,15.3282
Jamaica,Sweet potatoes,1994,150512,1415.65,2051.0,27.48,15.0512
Jamaica,Sweet potatoes,1995,153491,1445.12,2051.0,27.4,15.3491
Jamaica,Sweet potatoes,1996,164446,1573.58,2051.0,26.98,16.4446
Jamaica,Sweet potatoes,1997,152379,909.71,2051.0,27.8,15.2379
Jamaica,Sweet potatoes,1998,159788,909.71,2051.0,27.8,15.9788
Jamaica,Sweet potatoes,1999,161828,909.71,2051.0,27.12,16.1828
Jamaica,Sweet potatoes,2000,163362,909.71,2051.0,26.96,16.3362
Jamaica,Sweet potatoes,2001,164920,909.71,2051.0,27.27,16.492
Jamaica,Sweet potatoes,2002,161648,909.71,2051.0,27.51,16.1648
Jamaica,Sweet potatoes,2004,160959,909.71,2051.0,27.47,16.0959
Jamaica,Sweet potatoes,2005,164410,909.71,2051.0,27.34,16.441
Jamaica,Sweet potatoes,2006,166159,909.71,2051.0,27.58,16.6159
Jamaica,Sweet potatoes,2007,165324,909.71,2051.0,27.61,16.5324
Jamaica,Sweet potatoes,2008,168278,909.71,2051.0,27.17,16.8278
Jamaica,Sweet potatoes,2009,170803,909.71,2051.0,27.42,17.0803
Jamaica,Sweet potatoes,2010,162639,909.71,2051.0,27.09,16.2639
Jamaica,Sweet potatoes,2011,182528,909.71,2051.0,27.17,18.2528
Jamaica,Sweet potatoes,2012,170818,909.71,2051.0,27.51,17.0818
Jamaica,Sweet potatoes,2013,172683,909.71,2051.0,27.41,17.2683
Jamaica,Yams,1990,130749,1415.65,2051.0,27.28,13.0749
Jamaica,Yams,1991,133724,1415.65,2051.0,27.24,13.3724
Jamaica,Yams,1992,153341,1415.65,2051.0,27.25,15.3341
Jamaica,Yams,1993,160573,1415.65,2051.0,27.02,16.0573
Jamaica,Yams,1994,160831,1415.65,2051.0,27.48,16.0831
Jamaica,Yams,1995,168033,1445.12,2051.0,27.4,16.8033
Jamaica,Yams,1996,169038,1573.58,2051.0,26.98,16.9038
Jamaica,Yams,1997,158136,909.71,2051.0,27.8,15.8136
Jamaica,Yams,1998,159705,909.71,2051.0,27.8,15.9705
Jamaica,Yams,1999,163770,909.71,2051.0,27.12,16.377
Jamaica,Yams,2000,154994,909.71,2051.0,26.96,15.4994
Jamaica,Yams,2001,164671,909.71,2051.0,27.27,16.4671
Jamaica,Yams,2002,164815,909.71,2051.0,27.51,16.4815
Jamaica,Yams,2004,159018,909.71,2051.0,27.47,15.9018
Jamaica,Yams,2005,150928,909.71,2051.0,27.34,15.0928
Jamaica,Yams,2006,165532,909.71,2051.0,27.58,16.5532
Jamaica,Yams,2007,156357,909.71,2051.0,27.61,15.6357
Jamaica,Yams,2008,153372,909.71,2051.0,27.17,15.3372
Jamaica,Yams,2009,167203,909.71,2051.0,27.42,16.7203
Jamaica,Yams,2010,168102,909.71,2051.0,27.09,16.8102
Jamaica,Yams,2011,161745,909.71,2051.0,27.17,16.1745
Jamaica,Yams,2012,171042,909.71,2051.0,27.51,17.1042
Jamaica,Yams,2013,165476,909.71,2051.0,27.41,16.5476
Japan,Maize,1990,25457,79821.18,1668.0,15.571666666666667,2.5457
Japan,Maize,1991,24896,79821.18,1668.0,14.756666666666668,2.4896
Japan,Maize,1992,25180,79821.18,1668.0,14.61,2.518
Japan,Maize,1993,25000,79821.18,1668.0,14.049999999999999,2.5
Japan,Maize,1994,24852,79821.18,1668.0,15.405,2.4852
Japan,Maize,1995,25000,79821.18,1668.0,14.388333333333334,2.5
Japan,Maize,1996,24510,79821.18,1668.0,14.221666666666666,2.451
Japan,Maize,1997,24771,79821.18,1668.0,14.878333333333332,2.4771
Japan,Maize,1998,24468,79821.18,1668.0,15.63,2.4468
Japan,Maize,1999,24000,79821.18,1668.0,15.145000000000001,2.4
Japan,Maize,2000,24713,79821.18,1668.0,15.020000000000001,2.4713
Japan,Maize,2001,25000,78735.45,1668.0,14.826666666666668,2.5
Japan,Maize,2002,24615,70262.54,1668.0,15.061666666666667,2.4615
Japan,Maize,2004,25000,64688.88,1668.0,15.62,2.5
Japan,Maize,2005,25260,63829.77,1668.0,14.700000000000001,2.526
Japan,Maize,2006,25324,65248.26,1668.0,14.871666666666664,2.5324
Japan,Maize,2007,25395,61164.07,1668.0,15.401666666666666,2.5395
Japan,Maize,2008,25456,58750.0,1668.0,14.946666666666667,2.5456
Japan,Maize,2009,25385,60970.8,1668.0,15.055,2.5385
Japan,Maize,2010,25642,55576.0,1668.0,15.24,2.5642
Japan,Maize,2011,25797,51796.3,1668.0,14.796666666666667,2.5797
Japan,Maize,2012,26154,54716.4,1668.0,14.606666666666667,2.6154
Japan,Maize,2013,27273,52794.3,1668.0,15.446666666666667,2.7273
Japan,Potatoes,1990,306736,79821.18,1668.0,15.571666666666667,30.6736
Japan,Potatoes,1991,322809,79821.18,1668.0,14.756666666666668,32.2809
Japan,Potatoes,1992,313645,79821.18,1668.0,14.61,31.3645
Japan,Potatoes,1993,304856,79821.18,1668.0,14.049999999999999,30.4856
Japan,Potatoes,1994,312107,79821.18,1668.0,15.405,31.2107
Japan,Potatoes,1995,323558,79821.18,1668.0,14.388333333333334,32.3558
Japan,Potatoes,1996,299709,79821.18,1668.0,14.221666666666666,29.9709
Japan,Potatoes,1997,307549,79821.18,1668.0,14.878333333333332,30.7549
Japan,Potatoes,1998,307608,79821.18,1668.0,15.63,30.7608
Japan,Potatoes,1999,303275,79821.18,1668.0,15.145000000000001,30.3275
Japan,Potatoes,2000,306342,79821.18,1668.0,15.020000000000001,30.6342
Japan,Potatoes,2001,318172,78735.45,1668.0,14.826666666666668,31.8172
Japan,Potatoes,2002,334130,70262.54,1668.0,15.061666666666667,33.413
Japan,Potatoes,2004,330734,64688.88,1668.0,15.62,33.0734
Japan,Potatoes,2005,316341,63829.77,1668.0,14.700000000000001,31.6341
Japan,Potatoes,2006,304273,65248.26,1668.0,14.871666666666664,30.4273
Japan,Potatoes,2007,340000,61164.07,1668.0,15.401666666666666,34.0
Japan,Potatoes,2008,323086,58750.0,1668.0,14.946666666666667,32.3086
Japan,Potatoes,2009,295909,60970.8,1668.0,15.055,29.5909
Japan,Potatoes,2010,277576,55576.0,1668.0,15.24,27.7576
Japan,Potatoes,2011,294691,51796.3,1668.0,14.796666666666667,29.4691
Japan,Potatoes,2012,307882,54716.4,1668.0,14.606666666666667,30.7882
Japan,Potatoes,2013,302133,52794.3,1668.0,15.446666666666667,30.2133
Japan,"Rice, paddy",1990,63279,79821.18,1668.0,15.571666666666667,6.3279
Japan,"Rice, paddy",1991,58590,79821.18,1668.0,14.756666666666668,5.859
Japan,"Rice, paddy",1992,62754,79821.18,1668.0,14.61,6.2754
Japan,"Rice, paddy",1993,45783,79821.18,1668.0,14.049999999999999,4.5783
Japan,"Rice, paddy",1994,67703,79821.18,1668.0,15.405,6.7703
Japan,"Rice, paddy",1995,63432,79821.18,1668.0,14.388333333333334,6.3432
Japan,"Rice, paddy",1996,65402,79821.18,1668.0,14.221666666666666,6.5402
Japan,"Rice, paddy",1997,64163,79821.18,1668.0,14.878333333333332,6.4163
Japan,"Rice, paddy",1998,62188,79821.18,1668.0,15.63,6.2188
Japan,"Rice, paddy",1999,64143,79821.18,1668.0,15.145000000000001,6.4143
Japan,"Rice, paddy",2000,67023,79821.18,1668.0,15.020000000000001,6.7023
Japan,"Rice, paddy",2001,66354,78735.45,1668.0,14.826666666666668,6.6354
Japan,"Rice, paddy",2002,65823,70262.54,1668.0,15.061666666666667,6.5823
Japan,"Rice, paddy",2004,64150,64688.88,1668.0,15.62,6.415
Japan,"Rice, paddy",2005,66483,63829.77,1668.0,14.700000000000001,6.6483
Japan,"Rice, paddy",2006,63359,65248.26,1668.0,14.871666666666664,6.3359
Japan,"Rice, paddy",2007,65111,61164.07,1668.0,15.401666666666666,6.5111
Japan,"Rice, paddy",2008,67786,58750.0,1668.0,14.946666666666667,6.7786
Japan,"Rice, paddy",2009,65222,60970.8,1668.0,15.055,6.5222
Japan,"Rice, paddy",2010,65135,55576.0,1668.0,15.24,6.5135
Japan,"Rice, paddy",2011,66624,51796.3,1668.0,14.796666666666667,6.6624
Japan,"Rice, paddy",2012,67388,54716.4,1668.0,14.606666666666667,6.7388
Japan,"Rice, paddy",2013,67280,52794.3,1668.0,15.446666666666667,6.728
Japan,Soybeans,1990,15106,79821.18,1668.0,15.571666666666667,1.5106
Japan,Soybeans,1991,14013,79821.18,1668.0,14.756666666666668,1.4013
Japan,Soybeans,1992,17116,79821.18,1668.0,14.61,1.7116
Japan,Soybeans,1993,11510,79821.18,1668.0,14.049999999999999,1.151
Japan,Soybeans,1994,16223,79821.18,1668.0,15.405,1.6223
Japan,Soybeans,1995,17347,79821.18,1668.0,14.388333333333334,1.7347
Japan,Soybeans,1996,18093,79821.18,1668.0,14.221666666666666,1.8093
Japan,Soybeans,1997,17380,79821.18,1668.0,14.878333333333332,1.738
Japan,Soybeans,1998,14495,79821.18,1668.0,15.63,1.4495
Japan,Soybeans,1999,17301,79821.18,1668.0,15.145000000000001,1.7301
Japan,Soybeans,2000,19184,79821.18,1668.0,15.020000000000001,1.9184
Japan,Soybeans,2001,20195,78735.45,1668.0,14.826666666666668,2.0195
Japan,Soybeans,2002,18025,70262.54,1668.0,15.061666666666667,1.8025
Japan,Soybeans,2004,11930,64688.88,1668.0,15.62,1.193
Japan,Soybeans,2005,16791,63829.77,1668.0,14.700000000000001,1.6791
Japan,Soybeans,2006,16129,65248.26,1668.0,14.871666666666664,1.6129
Japan,Soybeans,2007,16392,61164.07,1668.0,15.401666666666666,1.6392
Japan,Soybeans,2008,17791,58750.0,1668.0,14.946666666666667,1.7791
Japan,Soybeans,2009,15812,60970.8,1668.0,15.055,1.5812
Japan,Soybeans,2010,16158,55576.0,1668.0,15.24,1.6158
Japan,Soybeans,2011,16006,51796.3,1668.0,14.796666666666667,1.6006
Japan,Soybeans,2012,17994,54716.4,1668.0,14.606666666666667,1.7994
Japan,Soybeans,2013,15520,52794.3,1668.0,15.446666666666667,1.552
Japan,Sweet potatoes,1990,231353,79821.18,1668.0,15.571666666666667,23.1353
Japan,Sweet potatoes,1991,205631,79821.18,1668.0,14.756666666666668,20.5631
Japan,Sweet potatoes,1992,235027,79821.18,1668.0,14.61,23.5027
Japan,Sweet potatoes,1993,194906,79821.18,1668.0,14.049999999999999,19.4906
Japan,Sweet potatoes,1994,246394,79821.18,1668.0,15.405,24.6394
Japan,Sweet potatoes,1995,241020,79821.18,1668.0,14.388333333333334,24.102
Japan,Sweet potatoes,1996,233474,79821.18,1668.0,14.221666666666666,23.3474
Japan,Sweet potatoes,1997,243011,79821.18,1668.0,14.878333333333332,24.3011
Japan,Sweet potatoes,1998,249781,79821.18,1668.0,15.63,24.9781
Japan,Sweet potatoes,1999,226517,79821.18,1668.0,15.145000000000001,22.6517
Japan,Sweet potatoes,2000,247327,79821.18,1668.0,15.020000000000001,24.7327
Japan,Sweet potatoes,2001,251300,78735.45,1668.0,14.826666666666668,25.13
Japan,Sweet potatoes,2002,254321,70262.54,1668.0,15.061666666666667,25.4321
Japan,Sweet potatoes,2004,250372,64688.88,1668.0,15.62,25.0372
Japan,Sweet potatoes,2005,258088,63829.77,1668.0,14.700000000000001,25.8088
Japan,Sweet potatoes,2006,242377,65248.26,1668.0,14.871666666666664,24.2377
Japan,Sweet potatoes,2007,237936,61164.07,1668.0,15.401666666666666,23.7936
Japan,Sweet potatoes,2008,248403,58750.0,1668.0,14.946666666666667,24.8403
Japan,Sweet potatoes,2009,253333,60970.8,1668.0,15.055,25.3333
Japan,Sweet potatoes,2010,217531,55576.0,1668.0,15.24,21.7531
Japan,Sweet potatoes,2011,227738,51796.3,1668.0,14.796666666666667,22.7738
Japan,Sweet potatoes,2012,225747,54716.4,1668.0,14.606666666666667,22.5747
Japan,Sweet potatoes,2013,244119,52794.3,1668.0,15.446666666666667,24.4119
Japan,Wheat,1990,36540,79821.18,1668.0,15.571666666666667,3.654
Japan,Wheat,1991,31797,79821.18,1668.0,14.756666666666668,3.1797
Japan,Wheat,1992,35371,79821.18,1668.0,14.61,3.5371
Japan,Wheat,1993,34739,79821.18,1668.0,14.049999999999999,3.4739
Japan,Wheat,1994,37182,79821.18,1668.0,15.405,3.7182
Japan,Wheat,1995,29319,79821.18,1668.0,14.388333333333334,2.9319
Japan,Wheat,1996,30164,79821.18,1668.0,14.221666666666666,3.0164
Japan,Wheat,1997,36387,79821.18,1668.0,14.878333333333332,3.6387
Japan,Wheat,1998,35111,79821.18,1668.0,15.63,3.5111
Japan,Wheat,1999,34544,79821.18,1668.0,15.145000000000001,3.4544
Japan,Wheat,2000,37607,79821.18,1668.0,15.020000000000001,3.7607
Japan,Wheat,2001,35546,78735.45,1668.0,14.826666666666668,3.5546
Japan,Wheat,2002,40010,70262.54,1668.0,15.061666666666667,4.001
Japan,Wheat,2004,40466,64688.88,1668.0,15.62,4.0466
Japan,Wheat,2005,40970,63829.77,1668.0,14.700000000000001,4.097
Japan,Wheat,2006,38351,65248.26,1668.0,14.871666666666664,3.8351
Japan,Wheat,2007,43400,61164.07,1668.0,15.401666666666666,4.34
Japan,Wheat,2008,42203,58750.0,1668.0,14.946666666666667,4.2203
Japan,Wheat,2009,32367,60970.8,1668.0,15.055,3.2367
Japan,Wheat,2010,27612,55576.0,1668.0,15.24,2.7612
Japan,Wheat,2011,35286,51796.3,1668.0,14.796666666666667,3.5286
Japan,Wheat,2012,41004,54716.4,1668.0,14.606666666666667,4.1004
Japan,Wheat,2013,38616,52794.3,1668.0,15.446666666666667,3.8616
Japan,Yams,1990,210808,79821.18,1668.0,15.571666666666667,21.0808
Japan,Yams,1991,192204,79821.18,1668.0,14.756666666666668,19.2204
Japan,Yams,1992,188269,79821.18,1668.0,14.61,18.8269
Japan,Yams,1993,157998,79821.18,1668.0,14.049999999999999,15.7998
Japan,Yams,1994,208410,79821.18,1668.0,15.405,20.841
Japan,Yams,1995,197704,79821.18,1668.0,14.388333333333334,19.7704
Japan,Yams,1996,194514,79821.18,1668.0,14.221666666666666,19.4514
Japan,Yams,1997,209840,79821.18,1668.0,14.878333333333332,20.984
Japan,Yams,1998,200786,79821.18,1668.0,15.63,20.0786
Japan,Yams,1999,217455,79821.18,1668.0,15.145000000000001,21.7455
Japan,Yams,2000,226577,79821.18,1668.0,15.020000000000001,22.6577
Japan,Yams,2001,207982,78735.45,1668.0,14.826666666666668,20.7982
Japan,Yams,2002,206243,70262.54,1668.0,15.061666666666667,20.6243
Japan,Yams,2004,229051,64688.88,1668.0,15.62,22.9051
Japan,Yams,2005,233257,63829.77,1668.0,14.700000000000001,23.3257
Japan,Yams,2006,225059,65248.26,1668.0,14.871666666666664,22.5059
Japan,Yams,2007,230788,61164.07,1668.0,15.401666666666666,23.0788
Japan,Yams,2008,225093,58750.0,1668.0,14.946666666666667,22.5093
Japan,Yams,2009,211519,60970.8,1668.0,15.055,21.1519
Japan,Yams,2010,226963,55576.0,1668.0,15.24,22.6963
Japan,Yams,2011,220905,51796.3,1668.0,14.796666666666667,22.0905
Japan,Yams,2012,222059,54716.4,1668.0,14.606666666666667,22.2059
Japan,Yams,2013,217415,52794.3,1668.0,15.446666666666667,21.7415
Kazakhstan,Maize,1992,31214,17182.0,250.0,4.49,3.1214
Kazakhstan,Maize,1993,32677,17182.0,250.0,3.57,3.2677
Kazakhstan,Maize,1994,22387,17182.0,250.0,4.58,2.2387
Kazakhstan,Maize,1995,19316,13535.0,250.0,5.43,1.9316
Kazakhstan,Maize,1996,16795,13047.0,250.0,3.7950000000000004,1.6795
Kazakhstan,Maize,1997,18136,8112.0,250.0,6.025,1.8136
Kazakhstan,Maize,1998,26780,6416.14,250.0,5.095000000000001,2.678
Kazakhstan,Maize,1999,30168,4720.28,250.0,5.41,3.0168
Kazakhstan,Maize,2000,33350,3024.42,250.0,5.245,3.335
Kazakhstan,Maize,2001,37125,3007.26,250.0,5.54,3.7125
Kazakhstan,Maize,2002,41370,3361.84,250.0,6.085,4.137
Kazakhstan,Maize,2004,44575,3802.92,250.0,5.85,4.4575
Kazakhstan,Maize,2005,41546,3666.62,250.0,5.535,4.1546
Kazakhstan,Maize,2006,46317,3926.27,250.0,5.765000000000001,4.6317
Kazakhstan,Maize,2007,45636,5575.89,250.0,5.96,4.5636
Kazakhstan,Maize,2008,44042,7044.9,250.0,5.720000000000001,4.4042
Kazakhstan,Maize,2009,47500,8716.14,250.0,4.8999999999999995,4.75
Kazakhstan,Maize,2010,48331,6283.85,250.0,4.955,4.8331
Kazakhstan,Maize,2011,49864,10656.6,250.0,4.605,4.9864
Kazakhstan,Maize,2012,51877,8674.58,250.0,4.285,5.1877
Kazakhstan,Maize,2013,52779,8738.38,250.0,7.1000000000000005,5.2779
Kazakhstan,Potatoes,1992,105923,17182.0,250.0,4.49,10.5923
Kazakhstan,Potatoes,1993,96200,17182.0,250.0,3.57,9.62
Kazakhstan,Potatoes,1994,95739,17182.0,250.0,4.58,9.5739
Kazakhstan,Potatoes,1995,84589,13535.0,250.0,5.43,8.4589
Kazakhstan,Potatoes,1996,88347,13047.0,250.0,3.7950000000000004,8.8347
Kazakhstan,Potatoes,1997,84078,8112.0,250.0,6.025,8.4078
Kazakhstan,Potatoes,1998,76679,6416.14,250.0,5.095000000000001,7.6679
Kazakhstan,Potatoes,1999,107532,4720.28,250.0,5.41,10.7532
Kazakhstan,Potatoes,2000,106383,3024.42,250.0,5.245,10.6383
Kazakhstan,Potatoes,2001,132897,3007.26,250.0,5.54,13.2897
Kazakhstan,Potatoes,2002,139278,3361.84,250.0,6.085,13.9278
Kazakhstan,Potatoes,2004,134485,3802.92,250.0,5.85,13.4485
Kazakhstan,Potatoes,2005,150135,3666.62,250.0,5.535,15.0135
Kazakhstan,Potatoes,2006,153851,3926.27,250.0,5.765000000000001,15.3851
Kazakhstan,Potatoes,2007,155792,5575.89,250.0,5.96,15.5792
Kazakhstan,Potatoes,2008,144356,7044.9,250.0,5.720000000000001,14.4356
Kazakhstan,Potatoes,2009,162092,8716.14,250.0,4.8999999999999995,16.2092
Kazakhstan,Potatoes,2010,143194,6283.85,250.0,4.955,14.3194
Kazakhstan,Potatoes,2011,167176,10656.6,250.0,4.605,16.7176
Kazakhstan,Potatoes,2012,165927,8674.58,250.0,4.285,16.5927
Kazakhstan,Potatoes,2013,181522,8738.38,250.0,7.1000000000000005,18.1522
Kazakhstan,"Rice, paddy",1992,39915,17182.0,250.0,4.49,3.9915
Kazakhstan,"Rice, paddy",1993,36871,17182.0,250.0,3.57,3.6871
Kazakhstan,"Rice, paddy",1994,27937,17182.0,250.0,4.58,2.7937
Kazakhstan,"Rice, paddy",1995,21932,13535.0,250.0,5.43,2.1932
Kazakhstan,"Rice, paddy",1996,26155,13047.0,250.0,3.7950000000000004,2.6155
Kazakhstan,"Rice, paddy",1997,30765,8112.0,250.0,6.025,3.0765
Kazakhstan,"Rice, paddy",1998,32162,6416.14,250.0,5.095000000000001,3.2162
Kazakhstan,"Rice, paddy",1999,28070,4720.28,250.0,5.41,2.807
Kazakhstan,"Rice, paddy",2000,29723,3024.42,250.0,5.245,2.9723
Kazakhstan,"Rice, paddy",2001,28714,3007.26,250.0,5.54,2.8714
Kazakhstan,"Rice, paddy",2002,30288,3361.84,250.0,6.085,3.0288
Kazakhstan,"Rice, paddy",2004,34182,3802.92,250.0,5.85,3.4182
Kazakhstan,"Rice, paddy",2005,33518,3666.62,250.0,5.535,3.3518
Kazakhstan,"Rice, paddy",2006,32966,3926.27,250.0,5.765000000000001,3.2966
Kazakhstan,"Rice, paddy",2007,33678,5575.89,250.0,5.96,3.3678
Kazakhstan,"Rice, paddy",2008,33736,7044.9,250.0,5.720000000000001,3.3736
Kazakhstan,"Rice, paddy",2009,35323,8716.14,250.0,4.8999999999999995,3.5323
Kazakhstan,"Rice, paddy",2010,39697,6283.85,250.0,4.955,3.9697
Kazakhstan,"Rice, paddy",2011,37152,10656.6,250.0,4.605,3.7152
Kazakhstan,"Rice, paddy",2012,37712,8674.58,250.0,4.285,3.7712
Kazakhstan,"Rice, paddy",2013,38500,8738.38,250.0,7.1000000000000005,3.85
Kazakhstan,Sorghum,1992,11765,17182.0,250.0,4.49,1.1765
Kazakhstan,Sorghum,1993,12500,17182.0,250.0,3.57,1.25
Kazakhstan,Sorghum,1994,12857,17182.0,250.0,4.58,1.2857
Kazakhstan,Sorghum,1995,5000,13535.0,250.0,5.43,0.5
Kazakhstan,Sorghum,1996,8255,13047.0,250.0,3.7950000000000004,0.8255
Kazakhstan,Sorghum,1997,6250,8112.0,250.0,6.025,0.625
Kazakhstan,Sorghum,1998,7692,6416.14,250.0,5.095000000000001,0.7692
Kazakhstan,Sorghum,1999,50000,4720.28,250.0,5.41,5.0
Kazakhstan,Sorghum,2000,65862,3024.42,250.0,5.245,6.5862
Kazakhstan,Sorghum,2001,31915,3007.26,250.0,5.54,3.1915
Kazakhstan,Sorghum,2002,14316,3361.84,250.0,6.085,1.4316
Kazakhstan,Sorghum,2004,17500,3802.92,250.0,5.85,1.75
Kazakhstan,Sorghum,2005,20000,3666.62,250.0,5.535,2.0
Kazakhstan,Sorghum,2006,24128,3926.27,250.0,5.765000000000001,2.4128
Kazakhstan,Sorghum,2007,4800,5575.89,250.0,5.96,0.48
Kazakhstan,Sorghum,2008,3871,7044.9,250.0,5.720000000000001,0.3871
Kazakhstan,Sorghum,2009,5000,8716.14,250.0,4.8999999999999995,0.5
Kazakhstan,Sorghum,2010,4500,6283.85,250.0,4.955,0.45
Kazakhstan,Sorghum,2011,13000,10656.6,250.0,4.605,1.3
Kazakhstan,Sorghum,2012,2750,8674.58,250.0,4.285,0.275
Kazakhstan,Sorghum,2013,2258,8738.38,250.0,7.1000000000000005,0.2258
Kazakhstan,Soybeans,1992,11919,17182.0,250.0,4.49,1.1919
Kazakhstan,Soybeans,1993,11269,17182.0,250.0,3.57,1.1269
Kazakhstan,Soybeans,1994,9667,17182.0,250.0,4.58,0.9667
Kazakhstan,Soybeans,1995,8845,13535.0,250.0,5.43,0.8845
Kazakhstan,Soybeans,1996,8437,13047.0,250.0,3.7950000000000004,0.8437
Kazakhstan,Soybeans,1997,10445,8112.0,250.0,6.025,1.0445
Kazakhstan,Soybeans,1998,13359,6416.14,250.0,5.095000000000001,1.3359
Kazakhstan,Soybeans,1999,13000,4720.28,250.0,5.41,1.3
Kazakhstan,Soybeans,2000,11343,3024.42,250.0,5.245,1.1343
Kazakhstan,Soybeans,2001,13561,3007.26,250.0,5.54,1.3561
Kazakhstan,Soybeans,2002,14955,3361.84,250.0,6.085,1.4955
Kazakhstan,Soybeans,2004,14630,3802.92,250.0,5.85,1.463
Kazakhstan,Soybeans,2005,16438,3666.62,250.0,5.535,1.6438
Kazakhstan,Soybeans,2006,16578,3926.27,250.0,5.765000000000001,1.6578
Kazakhstan,Soybeans,2007,16959,5575.89,250.0,5.96,1.6959
Kazakhstan,Soybeans,2008,17326,7044.9,250.0,5.720000000000001,1.7326
Kazakhstan,Soybeans,2009,18002,8716.14,250.0,4.8999999999999995,1.8002
Kazakhstan,Soybeans,2010,18489,6283.85,250.0,4.955,1.8489
Kazakhstan,Soybeans,2011,19001,10656.6,250.0,4.605,1.9001
Kazakhstan,Soybeans,2012,20128,8674.58,250.0,4.285,2.0128
Kazakhstan,Soybeans,2013,19727,8738.38,250.0,7.1000000000000005,1.9727
Kazakhstan,Wheat,1992,13324,17182.0,250.0,4.49,1.3324
Kazakhstan,Wheat,1993,9178,17182.0,250.0,3.57,0.9178
Kazakhstan,Wheat,1994,7490,17182.0,250.0,4.58,0.749
Kazakhstan,Wheat,1995,5748,13535.0,250.0,5.43,0.5748
Kazakhstan,Wheat,1996,6835,13047.0,250.0,3.7950000000000004,0.6835
Kazakhstan,Wheat,1997,8449,8112.0,250.0,6.025,0.8449
Kazakhstan,Wheat,1998,5200,6416.14,250.0,5.095000000000001,0.52
Kazakhstan,Wheat,1999,12868,4720.28,250.0,5.41,1.2868
Kazakhstan,Wheat,2000,9028,3024.42,250.0,5.245,0.9028
Kazakhstan,Wheat,2001,11803,3007.26,250.0,5.54,1.1803
Kazakhstan,Wheat,2002,10895,3361.84,250.0,6.085,1.0895
Kazakhstan,Wheat,2004,8432,3802.92,250.0,5.85,0.8432
Kazakhstan,Wheat,2005,9480,3666.62,250.0,5.535,0.948
Kazakhstan,Wheat,2006,11348,3926.27,250.0,5.765000000000001,1.1348
Kazakhstan,Wheat,2007,12983,5575.89,250.0,5.96,1.2983
Kazakhstan,Wheat,2008,9715,7044.9,250.0,5.720000000000001,0.9715
Kazakhstan,Wheat,2009,11941,8716.14,250.0,4.8999999999999995,1.1941
Kazakhstan,Wheat,2010,7336,6283.85,250.0,4.955,0.7336
Kazakhstan,Wheat,2011,16609,10656.6,250.0,4.605,1.6609
Kazakhstan,Wheat,2012,7929,8674.58,250.0,4.285,0.7929
Kazakhstan,Wheat,2013,10762,8738.38,250.0,7.1000000000000005,1.0762
Kenya,Cassava,1990,108498,3469.0,630.0,15.94,10.8498
Kenya,Cassava,1991,100000,3469.0,630.0,16.26,10.0
Kenya,Cassava,1992,102462,3469.0,630.0,16.34,10.2462
Kenya,Cassava,1993,102936,3469.0,630.0,16.36,10.2936
Kenya,Cassava,1994,91297,3469.0,630.0,16.58,9.1297
Kenya,Cassava,1995,95560,4607.0,630.0,16.52,9.556
Kenya,Cassava,1996,111344,6344.0,630.0,16.44,11.1344
Kenya,Cassava,1997,94938,5172.0,630.0,16.77,9.4938
Kenya,Cassava,1998,80569,4114.0,630.0,16.53,8.0569
Kenya,Cassava,1999,102106,3056.0,630.0,16.7,10.2106
Kenya,Cassava,2000,69454,1998.0,630.0,16.73,6.9454
Kenya,Cassava,2001,77681,1578.0,630.0,16.1,7.7681
Kenya,Cassava,2002,73441,1578.0,630.0,16.61,7.3441
Kenya,Cassava,2004,111000,1578.0,630.0,16.92,11.1
Kenya,Cassava,2005,91009,1578.0,630.0,17.28,9.1009
Kenya,Cassava,2006,95856,1578.0,630.0,16.92,9.5856
Kenya,Cassava,2007,74185,1578.0,630.0,16.6,7.4185
Kenya,Cassava,2008,137358,1578.0,630.0,16.66,13.7358
Kenya,Cassava,2009,116431,1578.0,630.0,17.3,11.6431
Kenya,Cassava,2010,52521,1578.0,630.0,16.82,5.2521
Kenya,Cassava,2011,112309,1578.0,630.0,16.9,11.2309
Kenya,Cassava,2012,127273,1578.0,630.0,16.84,12.7273
Kenya,Cassava,2013,142470,1578.0,630.0,16.91,14.247
Kenya,Maize,1990,16591,3469.0,630.0,15.94,1.6591
Kenya,Maize,1991,18321,3469.0,630.0,16.26,1.8321
Kenya,Maize,1992,17271,3469.0,630.0,16.34,1.7271
Kenya,Maize,1993,15549,3469.0,630.0,16.36,1.5549
Kenya,Maize,1994,20400,3469.0,630.0,16.58,2.04
Kenya,Maize,1995,18759,4607.0,630.0,16.52,1.8759
Kenya,Maize,1996,14506,6344.0,630.0,16.44,1.4506
Kenya,Maize,1997,14713,5172.0,630.0,16.77,1.4713
Kenya,Maize,1998,16697,4114.0,630.0,16.53,1.6697
Kenya,Maize,1999,14817,3056.0,630.0,16.7,1.4817
Kenya,Maize,2000,14400,1998.0,630.0,16.73,1.44
Kenya,Maize,2001,17012,1578.0,630.0,16.1,1.7012
Kenya,Maize,2002,15126,1578.0,630.0,16.61,1.5126
Kenya,Maize,2004,19293,1578.0,630.0,16.92,1.9293
Kenya,Maize,2005,16405,1578.0,630.0,17.28,1.6405
Kenya,Maize,2006,17197,1578.0,630.0,16.92,1.7197
Kenya,Maize,2007,18132,1578.0,630.0,16.6,1.8132
Kenya,Maize,2008,13925,1578.0,630.0,16.66,1.3925
Kenya,Maize,2009,12943,1578.0,630.0,17.3,1.2943
Kenya,Maize,2010,17251,1578.0,630.0,16.82,1.7251
Kenya,Maize,2011,15840,1578.0,630.0,16.9,1.584
Kenya,Maize,2012,17366,1578.0,630.0,16.84,1.7366
Kenya,Maize,2013,16922,1578.0,630.0,16.91,1.6922
Kenya,Plantains and others,1990,125000,3469.0,630.0,15.94,12.5
Kenya,Plantains and others,1991,125000,3469.0,630.0,16.26,12.5
Kenya,Plantains and others,1992,125000,3469.0,630.0,16.34,12.5
Kenya,Plantains and others,1993,123529,3469.0,630.0,16.36,12.3529
Kenya,Plantains and others,1994,125000,3469.0,630.0,16.58,12.5
Kenya,Plantains and others,1995,125000,4607.0,630.0,16.52,12.5
Kenya,Plantains and others,1996,123077,6344.0,630.0,16.44,12.3077
Kenya,Plantains and others,1997,122727,5172.0,630.0,16.77,12.2727
Kenya,Plantains and others,1998,126087,4114.0,630.0,16.53,12.6087
Kenya,Plantains and others,1999,127273,3056.0,630.0,16.7,12.7273
Kenya,Plantains and others,2000,128571,1998.0,630.0,16.73,12.8571
Kenya,Plantains and others,2001,121739,1578.0,630.0,16.1,12.1739
Kenya,Plantains and others,2002,121739,1578.0,630.0,16.61,12.1739
Kenya,Plantains and others,2004,123810,1578.0,630.0,16.92,12.381
Kenya,Plantains and others,2005,123810,1578.0,630.0,17.28,12.381
Kenya,Plantains and others,2006,121739,1578.0,630.0,16.92,12.1739
Kenya,Plantains and others,2007,123810,1578.0,630.0,16.6,12.381
Kenya,Plantains and others,2008,124000,1578.0,630.0,16.66,12.4
Kenya,Plantains and others,2009,123077,1578.0,630.0,17.3,12.3077
Kenya,Plantains and others,2010,125000,1578.0,630.0,16.82,12.5
Kenya,Plantains and others,2011,124000,1578.0,630.0,16.9,12.4
Kenya,Plantains and others,2012,120000,1578.0,630.0,16.84,12.0
Kenya,Plantains and others,2013,119231,1578.0,630.0,16.91,11.9231
Kenya,Potatoes,1990,88655,3469.0,630.0,15.94,8.8655
Kenya,Potatoes,1991,113356,3469.0,630.0,16.26,11.3356
Kenya,Potatoes,1992,92975,3469.0,630.0,16.34,9.2975
Kenya,Potatoes,1993,117490,3469.0,630.0,16.36,11.749
Kenya,Potatoes,1994,97108,3469.0,630.0,16.58,9.7108
Kenya,Potatoes,1995,96575,4607.0,630.0,16.52,9.6575
Kenya,Potatoes,1996,75918,6344.0,630.0,16.44,7.5918
Kenya,Potatoes,1997,70425,5172.0,630.0,16.77,7.0425
Kenya,Potatoes,1998,75177,4114.0,630.0,16.53,7.5177
Kenya,Potatoes,1999,91410,3056.0,630.0,16.7,9.141
Kenya,Potatoes,2000,61770,1998.0,630.0,16.73,6.177
Kenya,Potatoes,2001,91596,1578.0,630.0,16.1,9.1596
Kenya,Potatoes,2002,77113,1578.0,630.0,16.61,7.7113
Kenya,Potatoes,2004,84401,1578.0,630.0,16.92,8.4401
Kenya,Potatoes,2005,200000,1578.0,630.0,17.28,20.0
Kenya,Potatoes,2006,200000,1578.0,630.0,16.92,20.0
Kenya,Potatoes,2007,200000,1578.0,630.0,16.6,20.0
Kenya,Potatoes,2008,214815,1578.0,630.0,16.66,21.4815
Kenya,Potatoes,2009,191199,1578.0,630.0,17.3,19.1199
Kenya,Potatoes,2010,224279,1578.0,630.0,16.82,22.4279
Kenya,Potatoes,2011,191690,1578.0,630.0,16.9,19.169
Kenya,Potatoes,2012,203389,1578.0,630.0,16.84,20.3389
Kenya,Potatoes,2013,144262,1578.0,630.0,16.91,14.4262
Kenya,"Rice, paddy",1990,30984,3469.0,630.0,15.94,3.0984
Kenya,"Rice, paddy",1991,38846,3469.0,630.0,16.26,3.8846
Kenya,"Rice, paddy",1992,35362,3469.0,630.0,16.34,3.5362
Kenya,"Rice, paddy",1993,41483,3469.0,630.0,16.36,4.1483
Kenya,"Rice, paddy",1994,43559,3469.0,630.0,16.58,4.3559
Kenya,"Rice, paddy",1995,40000,4607.0,630.0,16.52,4.0
Kenya,"Rice, paddy",1996,40000,6344.0,630.0,16.44,4.0
Kenya,"Rice, paddy",1997,39724,5172.0,630.0,16.77,3.9724
Kenya,"Rice, paddy",1998,48419,4114.0,630.0,16.53,4.8419
Kenya,"Rice, paddy",1999,39845,3056.0,630.0,16.7,3.9845
Kenya,"Rice, paddy",2000,37710,1998.0,630.0,16.73,3.771
Kenya,"Rice, paddy",2001,34091,1578.0,630.0,16.1,3.4091
Kenya,"Rice, paddy",2002,34615,1578.0,630.0,16.61,3.4615
Kenya,"Rice, paddy",2004,37280,1578.0,630.0,16.92,3.728
Kenya,"Rice, paddy",2005,39321,1578.0,630.0,17.28,3.9321
Kenya,"Rice, paddy",2006,28062,1578.0,630.0,16.92,2.8062
Kenya,"Rice, paddy",2007,28715,1578.0,630.0,16.6,2.8715
Kenya,"Rice, paddy",2008,13076,1578.0,630.0,16.66,1.3076
Kenya,"Rice, paddy",2009,19333,1578.0,630.0,17.3,1.9333
Kenya,"Rice, paddy",2010,42384,1578.0,630.0,16.82,4.2384
Kenya,"Rice, paddy",2011,39676,1578.0,630.0,16.9,3.9676
Kenya,"Rice, paddy",2012,46643,1578.0,630.0,16.84,4.6643
Kenya,"Rice, paddy",2013,39955,1578.0,630.0,16.91,3.9955
Kenya,Sorghum,1990,8473,3469.0,630.0,15.94,0.8473
Kenya,Sorghum,1991,9572,3469.0,630.0,16.26,0.9572
Kenya,Sorghum,1992,11216,3469.0,630.0,16.34,1.1216
Kenya,Sorghum,1993,7454,3469.0,630.0,16.36,0.7454
Kenya,Sorghum,1994,8640,3469.0,630.0,16.58,0.864
Kenya,Sorghum,1995,5984,4607.0,630.0,16.52,0.5984
Kenya,Sorghum,1996,5954,6344.0,630.0,16.44,0.5954
Kenya,Sorghum,1997,7447,5172.0,630.0,16.77,0.7447
Kenya,Sorghum,1998,7528,4114.0,630.0,16.53,0.7528
Kenya,Sorghum,1999,7775,3056.0,630.0,16.7,0.7775
Kenya,Sorghum,2000,6656,1998.0,630.0,16.73,0.6656
Kenya,Sorghum,2001,8569,1578.0,630.0,16.1,0.8569
Kenya,Sorghum,2002,8010,1578.0,630.0,16.61,0.801
Kenya,Sorghum,2004,5644,1578.0,630.0,16.92,0.5644
Kenya,Sorghum,2005,12230,1578.0,630.0,17.28,1.223
Kenya,Sorghum,2006,8006,1578.0,630.0,16.92,0.8006
Kenya,Sorghum,2007,9474,1578.0,630.0,16.6,0.9474
Kenya,Sorghum,2008,5221,1578.0,630.0,16.66,0.5221
Kenya,Sorghum,2009,5717,1578.0,630.0,17.3,0.5717
Kenya,Sorghum,2010,7267,1578.0,630.0,16.82,0.7267
Kenya,Sorghum,2011,6291,1578.0,630.0,16.9,0.6291
Kenya,Sorghum,2012,7445,1578.0,630.0,16.84,0.7445
Kenya,Sorghum,2013,7550,1578.0,630.0,16.91,0.755
Kenya,Soybeans,1990,8000,3469.0,630.0,15.94,0.8
Kenya,Soybeans,1991,8037,3469.0,630.0,16.26,0.8037
Kenya,Soybeans,1992,8059,3469.0,630.0,16.34,0.8059
Kenya,Soybeans,1993,8081,3469.0,630.0,16.36,0.8081
Kenya,Soybeans,1994,8104,3469.0,630.0,16.58,0.8104
Kenya,Soybeans,1995,8128,4607.0,630.0,16.52,0.8128
Kenya,Soybeans,1996,8153,6344.0,630.0,16.44,0.8153
Kenya,Soybeans,1997,8178,5172.0,630.0,16.77,0.8178
Kenya,Soybeans,1998,8204,4114.0,630.0,16.53,0.8204
Kenya,Soybeans,1999,8228,3056.0,630.0,16.7,0.8228
Kenya,Soybeans,2000,8603,1998.0,630.0,16.73,0.8603
Kenya,Soybeans,2001,8608,1578.0,630.0,16.1,0.8608
Kenya,Soybeans,2002,8611,1578.0,630.0,16.61,0.8611
Kenya,Soybeans,2004,8607,1578.0,630.0,16.92,0.8607
Kenya,Soybeans,2005,8591,1578.0,630.0,17.28,0.8591
Kenya,Soybeans,2006,8265,1578.0,630.0,16.92,0.8265
Kenya,Soybeans,2007,8400,1578.0,630.0,16.6,0.84
Kenya,Soybeans,2008,8160,1578.0,630.0,16.66,0.816
Kenya,Soybeans,2009,7153,1578.0,630.0,17.3,0.7153
Kenya,Soybeans,2010,9500,1578.0,630.0,16.82,0.95
Kenya,Soybeans,2011,12578,1578.0,630.0,16.9,1.2578
Kenya,Soybeans,2012,14997,1578.0,630.0,16.84,1.4997
Kenya,Soybeans,2013,12231,1578.0,630.0,16.91,1.2231
Kenya,Sweet potatoes,1990,99153,3469.0,630.0,15.94,9.9153
Kenya,Sweet potatoes,1991,109373,3469.0,630.0,16.26,10.9373
Kenya,Sweet potatoes,1992,67531,3469.0,630.0,16.34,6.7531
Kenya,Sweet potatoes,1993,96271,3469.0,630.0,16.36,9.6271
Kenya,Sweet potatoes,1994,104396,3469.0,630.0,16.58,10.4396
Kenya,Sweet potatoes,1995,100712,4607.0,630.0,16.52,10.0712
Kenya,Sweet potatoes,1996,79880,6344.0,630.0,16.44,7.988
Kenya,Sweet potatoes,1997,111359,5172.0,630.0,16.77,11.1359
Kenya,Sweet potatoes,1998,80590,4114.0,630.0,16.53,8.059
Kenya,Sweet potatoes,1999,105824,3056.0,630.0,16.7,10.5824
Kenya,Sweet potatoes,2000,88375,1998.0,630.0,16.73,8.8375
Kenya,Sweet potatoes,2001,90000,1578.0,630.0,16.1,9.0
Kenya,Sweet potatoes,2002,85000,1578.0,630.0,16.61,8.5
Kenya,Sweet potatoes,2004,94116,1578.0,630.0,16.92,9.4116
Kenya,Sweet potatoes,2005,109577,1578.0,630.0,17.28,10.9577
Kenya,Sweet potatoes,2006,96701,1578.0,630.0,16.92,9.6701
Kenya,Sweet potatoes,2007,132796,1578.0,630.0,16.6,13.2796
Kenya,Sweet potatoes,2008,142515,1578.0,630.0,16.66,14.2515
Kenya,Sweet potatoes,2009,132895,1578.0,630.0,17.3,13.2895
Kenya,Sweet potatoes,2010,99739,1578.0,630.0,16.82,9.9739
Kenya,Sweet potatoes,2011,122689,1578.0,630.0,16.9,12.2689
Kenya,Sweet potatoes,2012,128346,1578.0,630.0,16.84,12.8346
Kenya,Sweet potatoes,2013,124706,1578.0,630.0,16.91,12.4706
Kenya,Wheat,1990,16551,3469.0,630.0,15.94,1.6551
Kenya,Wheat,1991,18484,3469.0,630.0,16.26,1.8484
Kenya,Wheat,1992,19359,3469.0,630.0,16.34,1.9359
Kenya,Wheat,1993,13795,3469.0,630.0,16.36,1.3795
Kenya,Wheat,1994,22164,3469.0,630.0,16.58,2.2164
Kenya,Wheat,1995,21064,4607.0,630.0,16.52,2.1064
Kenya,Wheat,1996,20112,6344.0,630.0,16.44,2.0112
Kenya,Wheat,1997,16132,5172.0,630.0,16.77,1.6132
Kenya,Wheat,1998,18951,4114.0,630.0,16.53,1.8951
Kenya,Wheat,1999,16534,3056.0,630.0,16.7,1.6534
Kenya,Wheat,2000,15492,1998.0,630.0,16.73,1.5492
Kenya,Wheat,2001,19890,1578.0,630.0,16.1,1.989
Kenya,Wheat,2002,21217,1578.0,630.0,16.61,2.1217
Kenya,Wheat,2004,24827,1578.0,630.0,16.92,2.4827
Kenya,Wheat,2005,23131,1578.0,630.0,17.28,2.3131
Kenya,Wheat,2006,21875,1578.0,630.0,16.92,2.1875
Kenya,Wheat,2007,30940,1578.0,630.0,16.6,3.094
Kenya,Wheat,2008,25845,1578.0,630.0,16.66,2.5845
Kenya,Wheat,2009,16665,1578.0,630.0,17.3,1.6665
Kenya,Wheat,2010,31991,1578.0,630.0,16.82,3.1991
Kenya,Wheat,2011,20415,1578.0,630.0,16.9,2.0415
Kenya,Wheat,2012,29720,1578.0,630.0,16.84,2.972
Kenya,Wheat,2013,27602,1578.0,630.0,16.91,2.7602
Kenya,Yams,1990,88356,3469.0,630.0,15.94,8.8356
Kenya,Yams,1991,80000,3469.0,630.0,16.26,8.0
Kenya,Yams,1992,74707,3469.0,630.0,16.34,7.4707
Kenya,Yams,1993,67487,3469.0,630.0,16.36,6.7487
Kenya,Yams,1994,74000,3469.0,630.0,16.58,7.4
Kenya,Yams,1995,69832,4607.0,630.0,16.52,6.9832
Kenya,Yams,1996,59748,6344.0,630.0,16.44,5.9748
Kenya,Yams,1997,57179,5172.0,630.0,16.77,5.7179
Kenya,Yams,1998,48926,4114.0,630.0,16.53,4.8926
Kenya,Yams,1999,92318,3056.0,630.0,16.7,9.2318
Kenya,Yams,2000,55641,1998.0,630.0,16.73,5.5641
Kenya,Yams,2001,78980,1578.0,630.0,16.1,7.898
Kenya,Yams,2002,54886,1578.0,630.0,16.61,5.4886
Kenya,Yams,2004,83525,1578.0,630.0,16.92,8.3525
Kenya,Yams,2005,86683,1578.0,630.0,17.28,8.6683
Kenya,Yams,2006,95024,1578.0,630.0,16.92,9.5024
Kenya,Yams,2007,74649,1578.0,630.0,16.6,7.4649
Kenya,Yams,2008,75874,1578.0,630.0,16.66,7.5874
Kenya,Yams,2009,45170,1578.0,630.0,17.3,4.517
Kenya,Yams,2010,65645,1578.0,630.0,16.82,6.5645
Kenya,Yams,2011,91154,1578.0,630.0,16.9,9.1154
Kenya,Yams,2012,116053,1578.0,630.0,16.84,11.6053
Kenya,Yams,2013,135962,1578.0,630.0,16.91,13.5962
Latvia,Potatoes,1992,120475,1005.0,641.0,6.89,12.0475
Latvia,Potatoes,1993,145006,476.0,641.0,5.58,14.5006
Latvia,Potatoes,1994,129963,294.0,641.0,5.87,12.9963
Latvia,Potatoes,1995,114701,358.0,641.0,6.54,11.4701
Latvia,Potatoes,1996,137471,361.0,641.0,4.9,13.7471
Latvia,Potatoes,1997,135948,334.0,641.0,6.17,13.5948
Latvia,Potatoes,1998,118044,369.0,641.0,5.95,11.8044
Latvia,Potatoes,1999,158782,326.86,641.0,7.07,15.8782
Latvia,Potatoes,2000,145634,284.72,641.0,7.47,14.5634
Latvia,Potatoes,2001,111670,367.4,641.0,6.5,11.167
Latvia,Potatoes,2002,143358,335.31,641.0,6.83,14.3358
Latvia,Potatoes,2004,128507,594.46,641.0,6.28,12.8507
Latvia,Potatoes,2005,145942,723.54,641.0,6.3,14.5942
Latvia,Potatoes,2006,122151,743.57,641.0,6.95,12.2151
Latvia,Potatoes,2007,159330,1113.49,641.0,7.25,15.933
Latvia,Potatoes,2008,178148,1033.0,641.0,7.67,17.8148
Latvia,Potatoes,2009,175133,881.2,641.0,6.51,17.5133
Latvia,Potatoes,2010,160797,1027.5,641.0,5.67,16.0797
Latvia,Potatoes,2011,168013,1070.5,641.0,7.25,16.8013
Latvia,Potatoes,2012,191099,1396.96,641.0,5.96,19.1099
Latvia,Potatoes,2013,181648,1250.0,641.0,7.25,18.1648
Latvia,Wheat,1992,25848,1005.0,641.0,6.89,2.5848
Latvia,Wheat,1993,20006,476.0,641.0,5.58,2.0006
Latvia,Wheat,1994,21078,294.0,641.0,5.87,2.1078
Latvia,Wheat,1995,22235,358.0,641.0,6.54,2.2235
Latvia,Wheat,1996,23961,361.0,641.0,4.9,2.3961
Latvia,Wheat,1997,25909,334.0,641.0,6.17,2.5909
Latvia,Wheat,1998,25533,369.0,641.0,5.95,2.5533
Latvia,Wheat,1999,24103,326.86,641.0,7.07,2.4103
Latvia,Wheat,2000,27034,284.72,641.0,7.47,2.7034
Latvia,Wheat,2001,27080,367.4,641.0,6.5,2.708
Latvia,Wheat,2002,33844,335.31,641.0,6.83,3.3844
Latvia,Wheat,2004,29423,594.46,641.0,6.28,2.9423
Latvia,Wheat,2005,36099,723.54,641.0,6.3,3.6099
Latvia,Wheat,2006,27815,743.57,641.0,6.95,2.7815
Latvia,Wheat,2007,35944,1113.49,641.0,7.25,3.5944
Latvia,Wheat,2008,38566,1033.0,641.0,7.67,3.8566
Latvia,Wheat,2009,36276,881.2,641.0,6.51,3.6276
Latvia,Wheat,2010,32849,1027.5,641.0,5.67,3.2849
Latvia,Wheat,2011,30613,1070.5,641.0,7.25,3.0613
Latvia,Wheat,2012,43695,1396.96,641.0,5.96,4.3695
Latvia,Wheat,2013,38857,1250.0,641.0,7.25,3.8857
Lebanon,Maize,1990,16910,1221.0,661.0,19.4,1.691
Lebanon,Maize,1991,17467,1221.0,661.0,19.31,1.7467
Lebanon,Maize,1992,18715,1221.0,661.0,18.18,1.8715
Lebanon,Maize,1993,18919,1221.0,661.0,19.14,1.8919
Lebanon,Maize,1994,20288,1221.0,661.0,19.93,2.0288
Lebanon,Maize,1995,23269,1221.0,661.0,19.35,2.3269
Lebanon,Maize,1996,23461,1221.0,661.0,19.65,2.3461
Lebanon,Maize,1997,31111,1816.0,661.0,18.99,3.1111
Lebanon,Maize,1998,50000,1816.0,661.0,20.19,5.0
Lebanon,Maize,1999,57143,1816.0,661.0,20.25,5.7143
Lebanon,Maize,2000,38889,1816.0,661.0,19.65,3.8889
Lebanon,Maize,2001,43231,1816.0,661.0,20.29,4.3231
Lebanon,Maize,2002,32435,1816.0,661.0,19.91,3.2435
Lebanon,Maize,2004,60000,1816.0,661.0,19.72,6.0
Lebanon,Maize,2005,37778,1816.0,661.0,19.68,3.7778
Lebanon,Maize,2006,29524,1816.0,661.0,19.59,2.9524
Lebanon,Maize,2007,34444,1816.0,661.0,20.04,3.4444
Lebanon,Maize,2008,37778,1816.0,661.0,20.24,3.7778
Lebanon,Maize,2009,36210,1816.0,661.0,20.19,3.621
Lebanon,Maize,2010,37199,1816.0,661.0,21.26,3.7199
Lebanon,Maize,2011,36468,1816.0,661.0,19.67,3.6468
Lebanon,Maize,2012,36025,1816.0,661.0,20.19,3.6025
Lebanon,Maize,2013,35621,1816.0,661.0,20.08,3.5621
Lebanon,Potatoes,1990,180927,1221.0,661.0,19.4,18.0927
Lebanon,Potatoes,1991,201527,1221.0,661.0,19.31,20.1527
Lebanon,Potatoes,1992,210345,1221.0,661.0,18.18,21.0345
Lebanon,Potatoes,1993,203846,1221.0,661.0,19.14,20.3846
Lebanon,Potatoes,1994,234268,1221.0,661.0,19.93,23.4268
Lebanon,Potatoes,1995,238774,1221.0,661.0,19.35,23.8774
Lebanon,Potatoes,1996,241493,1221.0,661.0,19.65,24.1493
Lebanon,Potatoes,1997,220000,1816.0,661.0,18.99,22.0
Lebanon,Potatoes,1998,200000,1816.0,661.0,20.19,20.0
Lebanon,Potatoes,1999,190270,1816.0,661.0,20.25,19.027
Lebanon,Potatoes,2000,213178,1816.0,661.0,19.65,21.3178
Lebanon,Potatoes,2001,215966,1816.0,661.0,20.29,21.5966
Lebanon,Potatoes,2002,234970,1816.0,661.0,19.91,23.497
Lebanon,Potatoes,2004,255504,1816.0,661.0,19.72,25.5504
Lebanon,Potatoes,2005,259594,1816.0,661.0,19.68,25.9594
Lebanon,Potatoes,2006,200000,1816.0,661.0,19.59,20.0
Lebanon,Potatoes,2007,256020,1816.0,661.0,20.04,25.602
Lebanon,Potatoes,2008,256020,1816.0,661.0,20.24,25.602
Lebanon,Potatoes,2009,224868,1816.0,661.0,20.19,22.4868
Lebanon,Potatoes,2010,238514,1816.0,661.0,21.26,23.8514
Lebanon,Potatoes,2011,239130,1816.0,661.0,19.67,23.913
Lebanon,Potatoes,2012,233333,1816.0,661.0,20.19,23.3333
Lebanon,Potatoes,2013,260759,1816.0,661.0,20.08,26.0759
Lebanon,Sorghum,1990,12500,1221.0,661.0,19.4,1.25
Lebanon,Sorghum,1991,13000,1221.0,661.0,19.31,1.3
Lebanon,Sorghum,1992,13988,1221.0,661.0,18.18,1.3988
Lebanon,Sorghum,1993,14394,1221.0,661.0,19.14,1.4394
Lebanon,Sorghum,1994,15068,1221.0,661.0,19.93,1.5068
Lebanon,Sorghum,1995,15752,1221.0,661.0,19.35,1.5752
Lebanon,Sorghum,1996,17170,1221.0,661.0,19.65,1.717
Lebanon,Sorghum,1997,17030,1816.0,661.0,18.99,1.703
Lebanon,Sorghum,1998,16828,1816.0,661.0,20.19,1.6828
Lebanon,Sorghum,1999,16000,1816.0,661.0,20.25,1.6
Lebanon,Sorghum,2000,15556,1816.0,661.0,19.65,1.5556
Lebanon,Sorghum,2001,16000,1816.0,661.0,20.29,1.6
Lebanon,Sorghum,2002,14286,1816.0,661.0,19.91,1.4286
Lebanon,Sorghum,2004,17030,1816.0,661.0,19.72,1.703
Lebanon,Sorghum,2005,18269,1816.0,661.0,19.68,1.8269
Lebanon,Sorghum,2006,17917,1816.0,661.0,19.59,1.7917
Lebanon,Sorghum,2007,18780,1816.0,661.0,20.04,1.878
Lebanon,Sorghum,2008,18649,1816.0,661.0,20.24,1.8649
Lebanon,Sorghum,2009,20000,1816.0,661.0,20.19,2.0
Lebanon,Sorghum,2010,19298,1816.0,661.0,21.26,1.9298
Lebanon,Sorghum,2011,19565,1816.0,661.0,19.67,1.9565
Lebanon,Sorghum,2012,19167,1816.0,661.0,20.19,1.9167
Lebanon,Sorghum,2013,20000,1816.0,661.0,20.08,2.0
Lebanon,Wheat,1990,19704,1221.0,661.0,19.4,1.9704
Lebanon,Wheat,1991,22299,1221.0,661.0,19.31,2.2299
Lebanon,Wheat,1992,22807,1221.0,661.0,18.18,2.2807
Lebanon,Wheat,1993,22917,1221.0,661.0,19.14,2.2917
Lebanon,Wheat,1994,22244,1221.0,661.0,19.93,2.2244
Lebanon,Wheat,1995,24765,1221.0,661.0,19.35,2.4765
Lebanon,Wheat,1996,24726,1221.0,661.0,19.65,2.4726
Lebanon,Wheat,1997,16263,1816.0,661.0,18.99,1.6263
Lebanon,Wheat,1998,20667,1816.0,661.0,20.19,2.0667
Lebanon,Wheat,1999,18814,1816.0,661.0,20.25,1.8814
Lebanon,Wheat,2000,27025,1816.0,661.0,19.65,2.7025
Lebanon,Wheat,2001,31995,1816.0,661.0,20.29,3.1995
Lebanon,Wheat,2002,27356,1816.0,661.0,19.91,2.7356
Lebanon,Wheat,2004,29344,1816.0,661.0,19.72,2.9344
Lebanon,Wheat,2005,29030,1816.0,661.0,19.68,2.903
Lebanon,Wheat,2006,28998,1816.0,661.0,19.59,2.8998
Lebanon,Wheat,2007,22008,1816.0,661.0,20.04,2.2008
Lebanon,Wheat,2008,28798,1816.0,661.0,20.24,2.8798
Lebanon,Wheat,2009,27990,1816.0,661.0,20.19,2.799
Lebanon,Wheat,2010,27815,1816.0,661.0,21.26,2.7815
Lebanon,Wheat,2011,29667,1816.0,661.0,19.67,2.9667
Lebanon,Wheat,2012,31012,1816.0,661.0,20.19,3.1012
Lebanon,Wheat,2013,32122,1816.0,661.0,20.08,3.2122
Lesotho,Maize,1990,11000,0.3,788.0,14.48,1.1
Lesotho,Maize,1991,5408,0.3,788.0,14.66,0.5408
Lesotho,Maize,1992,5792,0.3,788.0,15.16,0.5792
Lesotho,Maize,1993,8875,0.3,788.0,14.95,0.8875
Lesotho,Maize,1994,8629,0.3,788.0,14.22,0.8629
Lesotho,Maize,1995,8126,0.3,788.0,14.55,0.8126
Lesotho,Maize,1996,12490,0.3,788.0,13.93,1.249
Lesotho,Maize,1997,9857,0.3,788.0,14.28,0.9857
Lesotho,Maize,1998,13171,0.3,788.0,14.81,1.3171
Lesotho,Maize,1999,9410,0.3,788.0,15.34,0.941
Lesotho,Maize,2000,6773,0.3,788.0,14.37,0.6773
Lesotho,Maize,2001,8913,0.3,788.0,14.62,0.8913
Lesotho,Maize,2002,8088,0.3,788.0,14.69,0.8088
Lesotho,Maize,2004,6347,0.3,788.0,14.91,0.6347
Lesotho,Maize,2005,7011,0.53,788.0,14.89,0.7011
Lesotho,Maize,2006,5974,5.25,788.0,14.18,0.5974
Lesotho,Maize,2007,4877,35.27,788.0,14.81,0.4877
Lesotho,Maize,2008,4349,37.44,788.0,14.74,0.4349
Lesotho,Maize,2009,4159,77.7,788.0,14.62,0.4159
Lesotho,Maize,2010,9071,80.07,788.0,15.23,0.9071
Lesotho,Maize,2011,6344,175.27,788.0,14.32,0.6344
Lesotho,Maize,2012,6712,271.84,788.0,14.62,0.6712
Lesotho,Maize,2013,8227,62.32,788.0,14.03,0.8227
Lesotho,Potatoes,1990,176905,0.3,788.0,14.48,17.6905
Lesotho,Potatoes,1991,156250,0.3,788.0,14.66,15.625
Lesotho,Potatoes,1992,148649,0.3,788.0,15.16,14.8649
Lesotho,Potatoes,1993,150000,0.3,788.0,14.95,15.0
Lesotho,Potatoes,1994,155556,0.3,788.0,14.22,15.5556
Lesotho,Potatoes,1995,156169,0.3,788.0,14.55,15.6169
Lesotho,Potatoes,1996,157202,0.3,788.0,13.93,15.7202
Lesotho,Potatoes,1997,159574,0.3,788.0,14.28,15.9574
Lesotho,Potatoes,1998,160000,0.3,788.0,14.81,16.0
Lesotho,Potatoes,1999,163462,0.3,788.0,15.34,16.3462
Lesotho,Potatoes,2000,164151,0.3,788.0,14.37,16.4151
Lesotho,Potatoes,2001,162963,0.3,788.0,14.62,16.2963
Lesotho,Potatoes,2002,162858,0.3,788.0,14.69,16.2858
Lesotho,Potatoes,2004,163654,0.3,788.0,14.91,16.3654
Lesotho,Potatoes,2005,164086,0.53,788.0,14.89,16.4086
Lesotho,Potatoes,2006,164720,5.25,788.0,14.18,16.472
Lesotho,Potatoes,2007,166071,35.27,788.0,14.81,16.6071
Lesotho,Potatoes,2008,166379,37.44,788.0,14.74,16.6379
Lesotho,Potatoes,2009,159649,77.7,788.0,14.62,15.9649
Lesotho,Potatoes,2010,165000,80.07,788.0,15.23,16.5
Lesotho,Potatoes,2011,164706,175.27,788.0,14.32,16.4706
Lesotho,Potatoes,2012,164286,271.84,788.0,14.62,16.4286
Lesotho,Potatoes,2013,173611,62.32,788.0,14.03,17.3611
Lesotho,Sorghum,1990,10112,0.3,788.0,14.48,1.0112
Lesotho,Sorghum,1991,5399,0.3,788.0,14.66,0.5399
Lesotho,Sorghum,1992,6123,0.3,788.0,15.16,0.6123
Lesotho,Sorghum,1993,12704,0.3,788.0,14.95,1.2704
Lesotho,Sorghum,1994,8756,0.3,788.0,14.22,0.8756
Lesotho,Sorghum,1995,8028,0.3,788.0,14.55,0.8028
Lesotho,Sorghum,1996,8591,0.3,788.0,13.93,0.8591
Lesotho,Sorghum,1997,8056,0.3,788.0,14.28,0.8056
Lesotho,Sorghum,1998,14763,0.3,788.0,14.81,1.4763
Lesotho,Sorghum,1999,11089,0.3,788.0,15.34,1.1089
Lesotho,Sorghum,2000,10378,0.3,788.0,14.37,1.0378
Lesotho,Sorghum,2001,8640,0.3,788.0,14.62,0.864
Lesotho,Sorghum,2002,4225,0.3,788.0,14.69,0.4225
Lesotho,Sorghum,2004,3933,0.3,788.0,14.91,0.3933
Lesotho,Sorghum,2005,6240,0.53,788.0,14.89,0.624
Lesotho,Sorghum,2006,3290,5.25,788.0,14.18,0.329
Lesotho,Sorghum,2007,2436,35.27,788.0,14.81,0.2436
Lesotho,Sorghum,2008,2866,37.44,788.0,14.74,0.2866
Lesotho,Sorghum,2009,5773,77.7,788.0,14.62,0.5773
Lesotho,Sorghum,2010,7189,80.07,788.0,15.23,0.7189
Lesotho,Sorghum,2011,5092,175.27,788.0,14.32,0.5092
Lesotho,Sorghum,2012,1343,271.84,788.0,14.62,0.1343
Lesotho,Sorghum,2013,3051,62.32,788.0,14.03,0.3051
Lesotho,Wheat,1990,8118,0.3,788.0,14.48,0.8118
Lesotho,Wheat,1991,1959,0.3,788.0,14.66,0.1959
Lesotho,Wheat,1992,8580,0.3,788.0,15.16,0.858
Lesotho,Wheat,1993,7330,0.3,788.0,14.95,0.733
Lesotho,Wheat,1994,4199,0.3,788.0,14.22,0.4199
Lesotho,Wheat,1995,6166,0.3,788.0,14.55,0.6166
Lesotho,Wheat,1996,14108,0.3,788.0,13.93,1.4108
Lesotho,Wheat,1997,16291,0.3,788.0,14.28,1.6291
Lesotho,Wheat,1998,14810,0.3,788.0,14.81,1.481
Lesotho,Wheat,1999,7388,0.3,788.0,15.34,0.7388
Lesotho,Wheat,2000,6547,0.3,788.0,14.37,0.6547
Lesotho,Wheat,2001,20515,0.3,788.0,14.62,2.0515
Lesotho,Wheat,2002,7172,0.3,788.0,14.69,0.7172
Lesotho,Wheat,2004,6401,0.3,788.0,14.91,0.6401
Lesotho,Wheat,2005,7234,0.53,788.0,14.89,0.7234
Lesotho,Wheat,2006,2685,5.25,788.0,14.18,0.2685
Lesotho,Wheat,2007,4316,35.27,788.0,14.81,0.4316
Lesotho,Wheat,2008,2415,37.44,788.0,14.74,0.2415
Lesotho,Wheat,2009,3473,77.7,788.0,14.62,0.3473
Lesotho,Wheat,2010,14693,80.07,788.0,15.23,1.4693
Lesotho,Wheat,2011,9965,175.27,788.0,14.32,0.9965
Lesotho,Wheat,2012,8641,271.84,788.0,14.62,0.8641
Lesotho,Wheat,2013,12345,62.32,788.0,14.03,1.2345
Libya,Maize,1990,10000,87.0,56.0,20.065,1.0
Libya,Maize,1991,12417,87.0,56.0,19.215,1.2417
Libya,Maize,1992,12627,87.0,56.0,19.35,1.2627
Libya,Maize,1993,12878,87.0,56.0,19.815,1.2878
Libya,Maize,1994,12387,87.0,56.0,20.205,1.2387
Libya,Maize,1995,13239,87.0,56.0,19.75,1.3239
Libya,Maize,1996,10526,87.0,56.0,19.725,1.0526
Libya,Maize,1997,17500,255.0,56.0,19.810000000000002,1.75
Libya,Maize,1998,18000,1262.38,56.0,19.994999999999997,1.8
Libya,Maize,1999,20000,2269.75,56.0,20.674999999999997,2.0
Libya,Maize,2000,28900,3277.13,56.0,19.98,2.89
Libya,Maize,2001,20000,4284.5,56.0,20.595,2.0
Libya,Maize,2002,15000,5291.88,56.0,20.345,1.5
Libya,Maize,2004,24000,7306.63,56.0,20.11,2.4
Libya,Maize,2005,24000,8314.0,56.0,19.880000000000003,2.4
Libya,Maize,2006,22246,4847.0,56.0,20.060000000000002,2.2246
Libya,Maize,2007,22246,3170.0,56.0,20.275,2.2246
Libya,Maize,2008,22129,3824.0,56.0,20.39,2.2129
Libya,Maize,2009,24790,6046.0,56.0,20.235,2.479
Libya,Maize,2010,19333,3548.0,56.0,20.840000000000003,1.9333
Libya,Maize,2011,21419,3548.0,56.0,19.865000000000002,2.1419
Libya,Maize,2012,21613,3548.0,56.0,20.41,2.1613
Libya,Maize,2013,20000,3548.0,56.0,20.355,2.0
Libya,Potatoes,1990,80556,87.0,56.0,20.065,8.0556
Libya,Potatoes,1991,81319,87.0,56.0,19.215,8.1319
Libya,Potatoes,1992,78947,87.0,56.0,19.35,7.8947
Libya,Potatoes,1993,85822,87.0,56.0,19.815,8.5822
Libya,Potatoes,1994,116667,87.0,56.0,20.205,11.6667
Libya,Potatoes,1995,165267,87.0,56.0,19.75,16.5267
Libya,Potatoes,1996,187273,87.0,56.0,19.725,18.7273
Libya,Potatoes,1997,174212,255.0,56.0,19.810000000000002,17.4212
Libya,Potatoes,1998,180000,1262.38,56.0,19.994999999999997,18.0
Libya,Potatoes,1999,249910,2269.75,56.0,20.674999999999997,24.991
Libya,Potatoes,2000,200000,3277.13,56.0,19.98,20.0
Libya,Potatoes,2001,195000,4284.5,56.0,20.595,19.5
Libya,Potatoes,2002,195000,5291.88,56.0,20.345,19.5
Libya,Potatoes,2004,195000,7306.63,56.0,20.11,19.5
Libya,Potatoes,2005,157629,8314.0,56.0,19.880000000000003,15.7629
Libya,Potatoes,2006,195440,4847.0,56.0,20.060000000000002,19.544
Libya,Potatoes,2007,193333,3170.0,56.0,20.275,19.3333
Libya,Potatoes,2008,193333,3824.0,56.0,20.39,19.3333
Libya,Potatoes,2009,194380,6046.0,56.0,20.235,19.438
Libya,Potatoes,2010,193849,3548.0,56.0,20.840000000000003,19.3849
Libya,Potatoes,2011,189247,3548.0,56.0,19.865000000000002,18.9247
Libya,Potatoes,2012,189474,3548.0,56.0,20.41,18.9474
Libya,Potatoes,2013,196667,3548.0,56.0,20.355,19.6667
Libya,Wheat,1990,12317,87.0,56.0,20.065,1.2317
Libya,Wheat,1991,12381,87.0,56.0,19.215,1.2381
Libya,Wheat,1992,10015,87.0,56.0,19.35,1.0015
Libya,Wheat,1993,8400,87.0,56.0,19.815,0.84
Libya,Wheat,1994,7742,87.0,56.0,20.205,0.7742
Libya,Wheat,1995,7313,87.0,56.0,19.75,0.7313
Libya,Wheat,1996,7294,87.0,56.0,19.725,0.7294
Libya,Wheat,1997,10090,255.0,56.0,19.810000000000002,1.009
Libya,Wheat,1998,8750,1262.38,56.0,19.994999999999997,0.875
Libya,Wheat,1999,7879,2269.75,56.0,20.674999999999997,0.7879
Libya,Wheat,2000,8085,3277.13,56.0,19.98,0.8085
Libya,Wheat,2001,7974,4284.5,56.0,20.595,0.7974
Libya,Wheat,2002,7966,5291.88,56.0,20.345,0.7966
Libya,Wheat,2004,7841,7306.63,56.0,20.11,0.7841
Libya,Wheat,2005,7576,8314.0,56.0,19.880000000000003,0.7576
Libya,Wheat,2006,7879,4847.0,56.0,20.060000000000002,0.7879
Libya,Wheat,2007,7879,3170.0,56.0,20.275,0.7879
Libya,Wheat,2008,7879,3824.0,56.0,20.39,0.7879
Libya,Wheat,2009,7895,6046.0,56.0,20.235,0.7895
Libya,Wheat,2010,7717,3548.0,56.0,20.840000000000003,0.7717
Libya,Wheat,2011,7784,3548.0,56.0,19.865000000000002,0.7784
Libya,Wheat,2012,7958,3548.0,56.0,20.41,0.7958
Libya,Wheat,2013,7955,3548.0,56.0,20.355,0.7955
Lithuania,Maize,1992,13710,1380.0,656.0,7.04,1.371
Lithuania,Maize,1993,13833,936.0,656.0,5.79,1.3833
Lithuania,Maize,1994,13956,713.0,656.0,6.3,1.3956
Lithuania,Maize,1995,14079,737.0,656.0,6.68,1.4079
Lithuania,Maize,1996,14201,979.0,656.0,5.09,1.4201
Lithuania,Maize,1997,14708,928.0,656.0,6.29,1.4708
Lithuania,Maize,1998,16062,812.0,656.0,6.27,1.6062
Lithuania,Maize,1999,17416,695.0,656.0,7.31,1.7416
Lithuania,Maize,2000,18464,688.06,656.0,7.69,1.8464
Lithuania,Maize,2001,22277,726.09,656.0,6.75,2.2277
Lithuania,Maize,2002,28621,792.6,656.0,7.26,2.8621
Lithuania,Maize,2004,21429,1023.6,656.0,6.43,2.1429
Lithuania,Maize,2005,30625,1048.5,656.0,6.5,3.0625
Lithuania,Maize,2006,23500,1197.0,656.0,6.98,2.35
Lithuania,Maize,2007,48148,2722.82,656.0,7.44,4.8148
Lithuania,Maize,2008,42105,2722.55,656.0,7.84,4.2105
Lithuania,Maize,2009,43273,2748.8,656.0,6.7,4.3273
Lithuania,Maize,2010,66901,1803.77,656.0,6.14,6.6901
Lithuania,Maize,2011,74896,2062.34,656.0,7.32,7.4896
Lithuania,Maize,2012,61085,2559.9,656.0,6.31,6.1085
Lithuania,Maize,2013,73953,2515.69,656.0,7.42,7.3953
Lithuania,Potatoes,1992,94916,1380.0,656.0,7.04,9.4916
Lithuania,Potatoes,1993,145414,936.0,656.0,5.79,14.5414
Lithuania,Potatoes,1994,94112,713.0,656.0,6.3,9.4112
Lithuania,Potatoes,1995,127992,737.0,656.0,6.68,12.7992
Lithuania,Potatoes,1996,163152,979.0,656.0,5.09,16.3152
Lithuania,Potatoes,1997,150974,928.0,656.0,6.29,15.0974
Lithuania,Potatoes,1998,135771,812.0,656.0,6.27,13.5771
Lithuania,Potatoes,1999,141049,695.0,656.0,7.31,14.1049
Lithuania,Potatoes,2000,163916,688.06,656.0,7.69,16.3916
Lithuania,Potatoes,2001,102868,726.09,656.0,6.75,10.2868
Lithuania,Potatoes,2002,154365,792.6,656.0,7.26,15.4365
Lithuania,Potatoes,2004,128802,1023.6,656.0,6.43,12.8802
Lithuania,Potatoes,2005,120987,1048.5,656.0,6.5,12.0987
Lithuania,Potatoes,2006,79083,1197.0,656.0,6.98,7.9083
Lithuania,Potatoes,2007,109110,2722.82,656.0,7.44,10.911
Lithuania,Potatoes,2008,148017,2722.55,656.0,7.84,14.8017
Lithuania,Potatoes,2009,142167,2748.8,656.0,6.7,14.2167
Lithuania,Potatoes,2010,130301,1803.77,656.0,6.14,13.0301
Lithuania,Potatoes,2011,155889,2062.34,656.0,7.32,15.5889
Lithuania,Potatoes,2012,170776,2559.9,656.0,6.31,17.0776
Lithuania,Potatoes,2013,148606,2515.69,656.0,7.42,14.8606
Lithuania,Wheat,1992,29411,1380.0,656.0,7.04,2.9411
Lithuania,Wheat,1993,23718,936.0,656.0,5.79,2.3718
Lithuania,Wheat,1994,20348,713.0,656.0,6.3,2.0348
Lithuania,Wheat,1995,24455,737.0,656.0,6.68,2.4455
Lithuania,Wheat,1996,26926,979.0,656.0,5.09,2.6926
Lithuania,Wheat,1997,30016,928.0,656.0,6.29,3.0016
Lithuania,Wheat,1998,28671,812.0,656.0,6.27,2.8671
Lithuania,Wheat,1999,26098,695.0,656.0,7.31,2.6098
Lithuania,Wheat,2000,33413,688.06,656.0,7.69,3.3413
Lithuania,Wheat,2001,30559,726.09,656.0,6.75,3.0559
Lithuania,Wheat,2002,36335,792.6,656.0,7.26,3.6335
Lithuania,Wheat,2004,40276,1023.6,656.0,6.43,4.0276
Lithuania,Wheat,2005,37332,1048.5,656.0,6.5,3.7332
Lithuania,Wheat,2006,23554,1197.0,656.0,6.98,2.3554
Lithuania,Wheat,2007,39219,2722.82,656.0,7.44,3.9219
Lithuania,Wheat,2008,42689,2722.55,656.0,7.84,4.2689
Lithuania,Wheat,2009,42004,2748.8,656.0,6.7,4.2004
Lithuania,Wheat,2010,33045,1803.77,656.0,6.14,3.3045
Lithuania,Wheat,2011,33919,2062.34,656.0,7.32,3.3919
Lithuania,Wheat,2012,47829,2559.9,656.0,6.31,4.7829
Lithuania,Wheat,2013,43022,2515.69,656.0,7.42,4.3022
Madagascar,Cassava,1990,66512,128.41,1513.0,19.62,6.6512
Madagascar,Cassava,1991,66523,131.0,1513.0,19.79,6.6523
Madagascar,Cassava,1992,67059,101.06,1513.0,19.76,6.7059
Madagascar,Cassava,1993,67718,109.41,1513.0,19.95,6.7718
Madagascar,Cassava,1994,67429,76.15,1513.0,19.96,6.7429
Madagascar,Cassava,1995,68867,73.08,1513.0,19.96,6.8867
Madagascar,Cassava,1996,67441,152.01,1513.0,19.71,6.7441
Madagascar,Cassava,1997,67542,139.89,1513.0,19.97,6.7542
Madagascar,Cassava,1998,67000,88.26,1513.0,20.11,6.7
Madagascar,Cassava,1999,69994,49.52,1513.0,19.82,6.9994
Madagascar,Cassava,2000,70036,130.46,1513.0,19.65,7.0036
Madagascar,Cassava,2001,71320,87.59,1513.0,20.12,7.132
Madagascar,Cassava,2002,67157,240.84,1513.0,20.14,6.7157
Madagascar,Cassava,2004,55178,68.01,1513.0,19.87,5.5178
Madagascar,Cassava,2005,76239,114.51,1513.0,20.05,7.6239
Madagascar,Cassava,2006,76035,109.39,1513.0,20.09,7.6035
Madagascar,Cassava,2007,75811,93.88,1513.0,20.02,7.5811
Madagascar,Cassava,2008,76713,112.11,1513.0,19.79,7.6713
Madagascar,Cassava,2009,75058,143.9,1513.0,20.13,7.5058
Madagascar,Cassava,2010,74144,241.89,1513.0,20.31,7.4144
Madagascar,Cassava,2011,73945,310.36,1513.0,20.33,7.3945
Madagascar,Cassava,2012,76214,377.71,1513.0,19.78,7.6214
Madagascar,Cassava,2013,77707,507.94,1513.0,19.34,7.7707
Madagascar,Maize,1990,9848,128.41,1513.0,19.62,0.9848
Madagascar,Maize,1991,9667,131.0,1513.0,19.79,0.9667
Madagascar,Maize,1992,8125,101.06,1513.0,19.76,0.8125
Madagascar,Maize,1993,8972,109.41,1513.0,19.95,0.8972
Madagascar,Maize,1994,9451,76.15,1513.0,19.96,0.9451
Madagascar,Maize,1995,9628,73.08,1513.0,19.96,0.9628
Madagascar,Maize,1996,9299,152.01,1513.0,19.71,0.9299
Madagascar,Maize,1997,9368,139.89,1513.0,19.97,0.9368
Madagascar,Maize,1998,8306,88.26,1513.0,20.11,0.8306
Madagascar,Maize,1999,9162,49.52,1513.0,19.82,0.9162
Madagascar,Maize,2000,8838,130.46,1513.0,19.65,0.8838
Madagascar,Maize,2001,9290,87.59,1513.0,20.12,0.929
Madagascar,Maize,2002,8845,240.84,1513.0,20.14,0.8845
Madagascar,Maize,2004,17779,68.01,1513.0,19.87,1.7779
Madagascar,Maize,2005,15464,114.51,1513.0,20.05,1.5464
Madagascar,Maize,2006,15891,109.39,1513.0,20.09,1.5891
Madagascar,Maize,2007,16191,93.88,1513.0,20.02,1.6191
Madagascar,Maize,2008,16569,112.11,1513.0,19.79,1.6569
Madagascar,Maize,2009,16225,143.9,1513.0,20.13,1.6225
Madagascar,Maize,2010,15577,241.89,1513.0,20.31,1.5577
Madagascar,Maize,2011,15490,310.36,1513.0,20.33,1.549
Madagascar,Maize,2012,16290,377.71,1513.0,19.78,1.629
Madagascar,Maize,2013,16288,507.94,1513.0,19.34,1.6288
Madagascar,Potatoes,1990,69744,128.41,1513.0,19.62,6.9744
Madagascar,Potatoes,1991,55983,131.0,1513.0,19.79,5.5983
Madagascar,Potatoes,1992,56560,101.06,1513.0,19.76,5.656
Madagascar,Potatoes,1993,56429,109.41,1513.0,19.95,5.6429
Madagascar,Potatoes,1994,58442,76.15,1513.0,19.96,5.8442
Madagascar,Potatoes,1995,56853,73.08,1513.0,19.96,5.6853
Madagascar,Potatoes,1996,57166,152.01,1513.0,19.71,5.7166
Madagascar,Potatoes,1997,57377,139.89,1513.0,19.97,5.7377
Madagascar,Potatoes,1998,57377,88.26,1513.0,20.11,5.7377
Madagascar,Potatoes,1999,59388,49.52,1513.0,19.82,5.9388
Madagascar,Potatoes,2000,58269,130.46,1513.0,19.65,5.8269
Madagascar,Potatoes,2001,59661,87.59,1513.0,20.12,5.9661
Madagascar,Potatoes,2002,59621,240.84,1513.0,20.14,5.9621
Madagascar,Potatoes,2004,56139,68.01,1513.0,19.87,5.6139
Madagascar,Potatoes,2005,58561,114.51,1513.0,20.05,5.8561
Madagascar,Potatoes,2006,58565,109.39,1513.0,20.09,5.8565
Madagascar,Potatoes,2007,59881,93.88,1513.0,20.02,5.9881
Madagascar,Potatoes,2008,59912,112.11,1513.0,19.79,5.9912
Madagascar,Potatoes,2009,59915,143.9,1513.0,20.13,5.9915
Madagascar,Potatoes,2010,58940,241.89,1513.0,20.31,5.894
Madagascar,Potatoes,2011,58963,310.36,1513.0,20.33,5.8963
Madagascar,Potatoes,2012,59267,377.71,1513.0,19.78,5.9267
Madagascar,Potatoes,2013,59375,507.94,1513.0,19.34,5.9375
Madagascar,"Rice, paddy",1990,20773,128.41,1513.0,19.62,2.0773
Madagascar,"Rice, paddy",1991,20546,131.0,1513.0,19.79,2.0546
Madagascar,"Rice, paddy",1992,20869,101.06,1513.0,19.76,2.0869
Madagascar,"Rice, paddy",1993,20782,109.41,1513.0,19.95,2.0782
Madagascar,"Rice, paddy",1994,20694,76.15,1513.0,19.96,2.0694
Madagascar,"Rice, paddy",1995,21304,73.08,1513.0,19.96,2.1304
Madagascar,"Rice, paddy",1996,21930,152.01,1513.0,19.71,2.193
Madagascar,"Rice, paddy",1997,21737,139.89,1513.0,19.97,2.1737
Madagascar,"Rice, paddy",1998,20341,88.26,1513.0,20.11,2.0341
Madagascar,"Rice, paddy",1999,21284,49.52,1513.0,19.82,2.1284
Madagascar,"Rice, paddy",2000,20512,130.46,1513.0,19.65,2.0512
Madagascar,"Rice, paddy",2001,21956,87.59,1513.0,20.12,2.1956
Madagascar,"Rice, paddy",2002,21414,240.84,1513.0,20.14,2.1414
Madagascar,"Rice, paddy",2004,24475,68.01,1513.0,19.87,2.4475
Madagascar,"Rice, paddy",2005,27140,114.51,1513.0,20.05,2.714
Madagascar,"Rice, paddy",2006,27667,109.39,1513.0,20.09,2.7667
Madagascar,"Rice, paddy",2007,28268,93.88,1513.0,20.02,2.8268
Madagascar,"Rice, paddy",2008,30495,112.11,1513.0,19.79,3.0495
Madagascar,"Rice, paddy",2009,35056,143.9,1513.0,20.13,3.5056
Madagascar,"Rice, paddy",2010,36249,241.89,1513.0,20.31,3.6249
Madagascar,"Rice, paddy",2011,37806,310.36,1513.0,20.33,3.7806
Madagascar,"Rice, paddy",2012,37661,377.71,1513.0,19.78,3.7661
Madagascar,"Rice, paddy",2013,39449,507.94,1513.0,19.34,3.9449
Madagascar,Sorghum,1990,5969,128.41,1513.0,19.62,0.5969
Madagascar,Sorghum,1991,7020,131.0,1513.0,19.79,0.702
Madagascar,Sorghum,1992,6982,101.06,1513.0,19.76,0.6982
Madagascar,Sorghum,1993,6945,109.41,1513.0,19.95,0.6945
Madagascar,Sorghum,1994,6907,76.15,1513.0,19.96,0.6907
Madagascar,Sorghum,1995,6870,73.08,1513.0,19.96,0.687
Madagascar,Sorghum,1996,6832,152.01,1513.0,19.71,0.6832
Madagascar,Sorghum,1997,6795,139.89,1513.0,19.97,0.6795
Madagascar,Sorghum,1998,6757,88.26,1513.0,20.11,0.6757
Madagascar,Sorghum,1999,6720,49.52,1513.0,19.82,0.672
Madagascar,Sorghum,2000,6683,130.46,1513.0,19.65,0.6683
Madagascar,Sorghum,2001,6645,87.59,1513.0,20.12,0.6645
Madagascar,Sorghum,2002,6608,240.84,1513.0,20.14,0.6608
Madagascar,Sorghum,2004,6469,68.01,1513.0,19.87,0.6469
Madagascar,Sorghum,2005,6367,114.51,1513.0,20.05,0.6367
Madagascar,Sorghum,2006,6266,109.39,1513.0,20.09,0.6266
Madagascar,Sorghum,2007,6164,93.88,1513.0,20.02,0.6164
Madagascar,Sorghum,2008,6063,112.11,1513.0,19.79,0.6063
Madagascar,Sorghum,2009,5961,143.9,1513.0,20.13,0.5961
Madagascar,Sorghum,2010,5972,241.89,1513.0,20.31,0.5972
Madagascar,Sorghum,2011,5886,310.36,1513.0,20.33,0.5886
Madagascar,Sorghum,2012,5870,377.71,1513.0,19.78,0.587
Madagascar,Sorghum,2013,5652,507.94,1513.0,19.34,0.5652
Madagascar,Soybeans,1990,10417,128.41,1513.0,19.62,1.0417
Madagascar,Soybeans,1991,6349,131.0,1513.0,19.79,0.6349
Madagascar,Soybeans,1992,6320,101.06,1513.0,19.76,0.632
Madagascar,Soybeans,1993,6292,109.41,1513.0,19.95,0.6292
Madagascar,Soybeans,1994,6264,76.15,1513.0,19.96,0.6264
Madagascar,Soybeans,1995,6236,73.08,1513.0,19.96,0.6236
Madagascar,Soybeans,1996,6208,152.01,1513.0,19.71,0.6208
Madagascar,Soybeans,1997,6180,139.89,1513.0,19.97,0.618
Madagascar,Soybeans,1998,6152,88.26,1513.0,20.11,0.6152
Madagascar,Soybeans,1999,6124,49.52,1513.0,19.82,0.6124
Madagascar,Soybeans,2000,6096,130.46,1513.0,19.65,0.6096
Madagascar,Soybeans,2001,6068,87.59,1513.0,20.12,0.6068
Madagascar,Soybeans,2002,6040,240.84,1513.0,20.14,0.604
Madagascar,Soybeans,2004,5990,68.01,1513.0,19.87,0.599
Madagascar,Soybeans,2005,5968,114.51,1513.0,20.05,0.5968
Madagascar,Soybeans,2006,5946,109.39,1513.0,20.09,0.5946
Madagascar,Soybeans,2007,5924,93.88,1513.0,20.02,0.5924
Madagascar,Soybeans,2008,5902,112.11,1513.0,19.79,0.5902
Madagascar,Soybeans,2009,5880,143.9,1513.0,20.13,0.588
Madagascar,Soybeans,2010,5960,241.89,1513.0,20.31,0.596
Madagascar,Soybeans,2011,5962,310.36,1513.0,20.33,0.5962
Madagascar,Soybeans,2012,6000,377.71,1513.0,19.78,0.6
Madagascar,Soybeans,2013,5867,507.94,1513.0,19.34,0.5867
Madagascar,Sweet potatoes,1990,53407,128.41,1513.0,19.62,5.3407
Madagascar,Sweet potatoes,1991,50308,131.0,1513.0,19.79,5.0308
Madagascar,Sweet potatoes,1992,53107,101.06,1513.0,19.76,5.3107
Madagascar,Sweet potatoes,1993,51059,109.41,1513.0,19.95,5.1059
Madagascar,Sweet potatoes,1994,53846,76.15,1513.0,19.96,5.3846
Madagascar,Sweet potatoes,1995,59055,73.08,1513.0,19.96,5.9055
Madagascar,Sweet potatoes,1996,58140,152.01,1513.0,19.71,5.814
Madagascar,Sweet potatoes,1997,56044,139.89,1513.0,19.97,5.6044
Madagascar,Sweet potatoes,1998,54255,88.26,1513.0,20.11,5.4255
Madagascar,Sweet potatoes,1999,56522,49.52,1513.0,19.82,5.6522
Madagascar,Sweet potatoes,2000,56319,130.46,1513.0,19.65,5.6319
Madagascar,Sweet potatoes,2001,57555,87.59,1513.0,20.12,5.7555
Madagascar,Sweet potatoes,2002,52178,240.84,1513.0,20.14,5.2178
Madagascar,Sweet potatoes,2004,51282,68.01,1513.0,19.87,5.1282
Madagascar,Sweet potatoes,2005,70897,114.51,1513.0,20.05,7.0897
Madagascar,Sweet potatoes,2006,72428,109.39,1513.0,20.09,7.2428
Madagascar,Sweet potatoes,2007,72814,93.88,1513.0,20.02,7.2814
Madagascar,Sweet potatoes,2008,71262,112.11,1513.0,19.79,7.1262
Madagascar,Sweet potatoes,2009,71721,143.9,1513.0,20.13,7.1721
Madagascar,Sweet potatoes,2010,72205,241.89,1513.0,20.31,7.2205
Madagascar,Sweet potatoes,2011,74011,310.36,1513.0,20.33,7.4011
Madagascar,Sweet potatoes,2012,75760,377.71,1513.0,19.78,7.576
Madagascar,Sweet potatoes,2013,77058,507.94,1513.0,19.34,7.7058
Madagascar,Wheat,1990,20000,128.41,1513.0,19.62,2.0
Madagascar,Wheat,1991,22500,131.0,1513.0,19.79,2.25
Madagascar,Wheat,1992,25000,101.06,1513.0,19.76,2.5
Madagascar,Wheat,1993,26667,109.41,1513.0,19.95,2.6667
Madagascar,Wheat,1994,20000,76.15,1513.0,19.96,2.0
Madagascar,Wheat,1995,20000,73.08,1513.0,19.96,2.0
Madagascar,Wheat,1996,20000,152.01,1513.0,19.71,2.0
Madagascar,Wheat,1997,25000,139.89,1513.0,19.97,2.5
Madagascar,Wheat,1998,25000,88.26,1513.0,20.11,2.5
Madagascar,Wheat,1999,23480,49.52,1513.0,19.82,2.348
Madagascar,Wheat,2000,23442,130.46,1513.0,19.65,2.3442
Madagascar,Wheat,2001,23810,87.59,1513.0,20.12,2.381
Madagascar,Wheat,2002,23462,240.84,1513.0,20.14,2.3462
Madagascar,Wheat,2004,23454,68.01,1513.0,19.87,2.3454
Madagascar,Wheat,2005,23440,114.51,1513.0,20.05,2.344
Madagascar,Wheat,2006,23256,109.39,1513.0,20.09,2.3256
Madagascar,Wheat,2007,24444,93.88,1513.0,20.02,2.4444
Madagascar,Wheat,2008,23810,112.11,1513.0,19.79,2.381
Madagascar,Wheat,2009,23859,143.9,1513.0,20.13,2.3859
Madagascar,Wheat,2010,23982,241.89,1513.0,20.31,2.3982
Madagascar,Wheat,2011,23968,310.36,1513.0,20.33,2.3968
Madagascar,Wheat,2012,24045,377.71,1513.0,19.78,2.4045
Madagascar,Wheat,2013,24122,507.94,1513.0,19.34,2.4122
Malawi,Cassava,1990,23536,173.19,1181.0,20.86,2.3536
Malawi,Cassava,1991,23432,173.19,1181.0,20.4,2.3432
Malawi,Cassava,1992,20140,173.19,1181.0,20.89,2.014
Malawi,Cassava,1993,28781,173.19,1181.0,20.43,2.8781
Malawi,Cassava,1994,34660,173.19,1181.0,20.59,3.466
Malawi,Cassava,1995,34669,173.19,1181.0,20.86,3.4669
Malawi,Cassava,1996,45875,173.19,1181.0,20.47,4.5875
Malawi,Cassava,1997,57249,173.19,1181.0,20.62,5.7249
Malawi,Cassava,1998,54939,131.59,1181.0,20.92,5.4939
Malawi,Cassava,1999,54563,123.64,1181.0,20.26,5.4563
Malawi,Cassava,2000,154605,220.22,1181.0,20.22,15.4605
Malawi,Cassava,2001,169416,177.24,1181.0,20.59,16.9416
Malawi,Cassava,2002,149635,134.25,1181.0,20.76,14.9635
Malawi,Cassava,2004,161644,48.28,1181.0,20.44,16.1644
Malawi,Cassava,2005,142995,295.51,1181.0,21.37,14.2995
Malawi,Cassava,2006,173116,202.35,1181.0,20.63,17.3116
Malawi,Cassava,2007,187722,524.46,1181.0,20.67,18.7722
Malawi,Cassava,2008,190760,624.52,1181.0,20.42,19.076
Malawi,Cassava,2009,202912,736.25,1181.0,20.68,20.2912
Malawi,Cassava,2010,204311,584.12,1181.0,21.34,20.4311
Malawi,Cassava,2011,215408,553.57,1181.0,20.92,21.5408
Malawi,Cassava,2012,223883,775.83,1181.0,20.42,22.3883
Malawi,Cassava,2013,228041,1500.27,1181.0,19.68,22.8041
Malawi,Maize,1990,9993,173.19,1181.0,20.86,0.9993
Malawi,Maize,1991,11419,173.19,1181.0,20.4,1.1419
Malawi,Maize,1992,4802,173.19,1181.0,20.89,0.4802
Malawi,Maize,1993,15327,173.19,1181.0,20.43,1.5327
Malawi,Maize,1994,9209,173.19,1181.0,20.59,0.9209
Malawi,Maize,1995,13517,173.19,1181.0,20.86,1.3517
Malawi,Maize,1996,14433,173.19,1181.0,20.47,1.4433
Malawi,Maize,1997,10959,173.19,1181.0,20.62,1.0959
Malawi,Maize,1998,13711,131.59,1181.0,20.92,1.3711
Malawi,Maize,1999,18109,123.64,1181.0,20.26,1.8109
Malawi,Maize,2000,17428,220.22,1181.0,20.22,1.7428
Malawi,Maize,2001,11845,177.24,1181.0,20.59,1.1845
Malawi,Maize,2002,10460,134.25,1181.0,20.76,1.046
Malawi,Maize,2004,10460,48.28,1181.0,20.44,1.046
Malawi,Maize,2005,8093,295.51,1181.0,21.37,0.8093
Malawi,Maize,2006,14814,202.35,1181.0,20.63,1.4814
Malawi,Maize,2007,26547,524.46,1181.0,20.67,2.6547
Malawi,Maize,2008,16498,624.52,1181.0,20.42,1.6498
Malawi,Maize,2009,22265,736.25,1181.0,20.68,2.2265
Malawi,Maize,2010,20158,584.12,1181.0,21.34,2.0158
Malawi,Maize,2011,22079,553.57,1181.0,20.92,2.2079
Malawi,Maize,2012,21932,775.83,1181.0,20.42,2.1932
Malawi,Maize,2013,21708,1500.27,1181.0,19.68,2.1708
Malawi,Plantains and others,1990,40179,173.19,1181.0,20.86,4.0179
Malawi,Plantains and others,1991,40000,173.19,1181.0,20.4,4.0
Malawi,Plantains and others,1992,39362,173.19,1181.0,20.89,3.9362
Malawi,Plantains and others,1993,38789,173.19,1181.0,20.43,3.8789
Malawi,Plantains and others,1994,38004,173.19,1181.0,20.59,3.8004
Malawi,Plantains and others,1995,38004,173.19,1181.0,20.86,3.8004
Malawi,Plantains and others,1996,38480,173.19,1181.0,20.47,3.848
Malawi,Plantains and others,1997,38907,173.19,1181.0,20.62,3.8907
Malawi,Plantains and others,1998,42756,131.59,1181.0,20.92,4.2756
Malawi,Plantains and others,1999,48810,123.64,1181.0,20.26,4.881
Malawi,Plantains and others,2000,57895,220.22,1181.0,20.22,5.7895
Malawi,Plantains and others,2001,65714,177.24,1181.0,20.59,6.5714
Malawi,Plantains and others,2002,75000,134.25,1181.0,20.76,7.5
Malawi,Plantains and others,2004,100000,48.28,1181.0,20.44,10.0
Malawi,Plantains and others,2005,96875,295.51,1181.0,21.37,9.6875
Malawi,Plantains and others,2006,94118,202.35,1181.0,20.63,9.4118
Malawi,Plantains and others,2007,94286,524.46,1181.0,20.67,9.4286
Malawi,Plantains and others,2008,95374,624.52,1181.0,20.42,9.5374
Malawi,Plantains and others,2009,96524,736.25,1181.0,20.68,9.6524
Malawi,Plantains and others,2010,97581,584.12,1181.0,21.34,9.7581
Malawi,Plantains and others,2011,98694,553.57,1181.0,20.92,9.8694
Malawi,Plantains and others,2012,100000,775.83,1181.0,20.42,10.0
Malawi,Plantains and others,2013,100966,1500.27,1181.0,19.68,10.0966
Malawi,Potatoes,1990,102044,173.19,1181.0,20.86,10.2044
Malawi,Potatoes,1991,66730,173.19,1181.0,20.4,6.673
Malawi,Potatoes,1992,135970,173.19,1181.0,20.89,13.597
Malawi,Potatoes,1993,90947,173.19,1181.0,20.43,9.0947
Malawi,Potatoes,1994,85376,173.19,1181.0,20.59,8.5376
Malawi,Potatoes,1995,58002,173.19,1181.0,20.86,5.8002
Malawi,Potatoes,1996,90293,173.19,1181.0,20.47,9.0293
Malawi,Potatoes,1997,95765,173.19,1181.0,20.62,9.5765
Malawi,Potatoes,1998,104774,131.59,1181.0,20.92,10.4774
Malawi,Potatoes,1999,112207,123.64,1181.0,20.26,11.2207
Malawi,Potatoes,2000,114561,220.22,1181.0,20.22,11.4561
Malawi,Potatoes,2001,135370,177.24,1181.0,20.59,13.537
Malawi,Potatoes,2002,126773,134.25,1181.0,20.76,12.6773
Malawi,Potatoes,2004,120873,48.28,1181.0,20.44,12.0873
Malawi,Potatoes,2005,90371,295.51,1181.0,21.37,9.0371
Malawi,Potatoes,2006,133445,202.35,1181.0,20.63,13.3445
Malawi,Potatoes,2007,151922,524.46,1181.0,20.67,15.1922
Malawi,Potatoes,2008,146009,624.52,1181.0,20.42,14.6009
Malawi,Potatoes,2009,161923,736.25,1181.0,20.68,16.1923
Malawi,Potatoes,2010,160600,584.12,1181.0,21.34,16.06
Malawi,Potatoes,2011,159930,553.57,1181.0,20.92,15.993
Malawi,Potatoes,2012,172009,775.83,1181.0,20.42,17.2009
Malawi,Potatoes,2013,175414,1500.27,1181.0,19.68,17.5414
Malawi,"Rice, paddy",1990,14903,173.19,1181.0,20.86,1.4903
Malawi,"Rice, paddy",1991,19237,173.19,1181.0,20.4,1.9237
Malawi,"Rice, paddy",1992,13046,173.19,1181.0,20.89,1.3046
Malawi,"Rice, paddy",1993,16834,173.19,1181.0,20.43,1.6834
Malawi,"Rice, paddy",1994,15195,173.19,1181.0,20.59,1.5195
Malawi,"Rice, paddy",1995,15635,173.19,1181.0,20.86,1.5635
Malawi,"Rice, paddy",1996,17619,173.19,1181.0,20.47,1.7619
Malawi,"Rice, paddy",1997,16273,173.19,1181.0,20.62,1.6273
Malawi,"Rice, paddy",1998,16409,131.59,1181.0,20.92,1.6409
Malawi,"Rice, paddy",1999,20279,123.64,1181.0,20.26,2.0279
Malawi,"Rice, paddy",2000,16451,220.22,1181.0,20.22,1.6451
Malawi,"Rice, paddy",2001,18576,177.24,1181.0,20.59,1.8576
Malawi,"Rice, paddy",2002,16425,134.25,1181.0,20.76,1.6425
Malawi,"Rice, paddy",2004,11681,48.28,1181.0,20.44,1.1681
Malawi,"Rice, paddy",2005,8424,295.51,1181.0,21.37,0.8424
Malawi,"Rice, paddy",2006,17576,202.35,1181.0,20.63,1.7576
Malawi,"Rice, paddy",2007,19481,524.46,1181.0,20.67,1.9481
Malawi,"Rice, paddy",2008,18200,624.52,1181.0,20.42,1.82
Malawi,"Rice, paddy",2009,21259,736.25,1181.0,20.68,2.1259
Malawi,"Rice, paddy",2010,18631,584.12,1181.0,21.34,1.8631
Malawi,"Rice, paddy",2011,19125,553.57,1181.0,20.92,1.9125
Malawi,"Rice, paddy",2012,18453,775.83,1181.0,20.42,1.8453
Malawi,"Rice, paddy",2013,19174,1500.27,1181.0,19.68,1.9174
Malawi,Sorghum,1990,5015,173.19,1181.0,20.86,0.5015
Malawi,Sorghum,1991,5979,173.19,1181.0,20.4,0.5979
Malawi,Sorghum,1992,1430,173.19,1181.0,20.89,0.143
Malawi,Sorghum,1993,4921,173.19,1181.0,20.43,0.4921
Malawi,Sorghum,1994,3059,173.19,1181.0,20.59,0.3059
Malawi,Sorghum,1995,7261,173.19,1181.0,20.86,0.7261
Malawi,Sorghum,1996,7196,173.19,1181.0,20.47,0.7196
Malawi,Sorghum,1997,4712,173.19,1181.0,20.62,0.4712
Malawi,Sorghum,1998,6105,131.59,1181.0,20.92,0.6105
Malawi,Sorghum,1999,6980,123.64,1181.0,20.26,0.698
Malawi,Sorghum,2000,6687,220.22,1181.0,20.22,0.6687
Malawi,Sorghum,2001,6804,177.24,1181.0,20.59,0.6804
Malawi,Sorghum,2002,7197,134.25,1181.0,20.76,0.7197
Malawi,Sorghum,2004,6446,48.28,1181.0,20.44,0.6446
Malawi,Sorghum,2005,2656,295.51,1181.0,21.37,0.2656
Malawi,Sorghum,2006,7688,202.35,1181.0,20.63,0.7688
Malawi,Sorghum,2007,8593,524.46,1181.0,20.67,0.8593
Malawi,Sorghum,2008,8314,624.52,1181.0,20.42,0.8314
Malawi,Sorghum,2009,7968,736.25,1181.0,20.68,0.7968
Malawi,Sorghum,2010,6094,584.12,1181.0,21.34,0.6094
Malawi,Sorghum,2011,8184,553.57,1181.0,20.92,0.8184
Malawi,Sorghum,2012,8335,775.83,1181.0,20.42,0.8335
Malawi,Sorghum,2013,9647,1500.27,1181.0,19.68,0.9647
Malawi,Soybeans,2004,6447,48.28,1181.0,20.44,0.6447
Malawi,Soybeans,2005,5797,295.51,1181.0,21.37,0.5797
Malawi,Soybeans,2006,7639,202.35,1181.0,20.63,0.7639
Malawi,Soybeans,2007,8972,524.46,1181.0,20.67,0.8972
Malawi,Soybeans,2008,8722,624.52,1181.0,20.42,0.8722
Malawi,Soybeans,2009,9804,736.25,1181.0,20.68,0.9804
Malawi,Soybeans,2010,9757,584.12,1181.0,21.34,0.9757
Malawi,Soybeans,2011,9977,553.57,1181.0,20.92,0.9977
Malawi,Soybeans,2012,10433,775.83,1181.0,20.42,1.0433
Malawi,Soybeans,2013,9791,1500.27,1181.0,19.68,0.9791
Malawi,Wheat,1990,7735,173.19,1181.0,20.86,0.7735
Malawi,Wheat,1991,5870,173.19,1181.0,20.4,0.587
Malawi,Wheat,1992,4239,173.19,1181.0,20.89,0.4239
Malawi,Wheat,1993,6306,173.19,1181.0,20.43,0.6306
Malawi,Wheat,1994,2244,173.19,1181.0,20.59,0.2244
Malawi,Wheat,1995,6865,173.19,1181.0,20.86,0.6865
Malawi,Wheat,1996,8619,173.19,1181.0,20.47,0.8619
Malawi,Wheat,1997,5896,173.19,1181.0,20.62,0.5896
Malawi,Wheat,1998,7418,131.59,1181.0,20.92,0.7418
Malawi,Wheat,1999,7877,123.64,1181.0,20.26,0.7877
Malawi,Wheat,2000,7968,220.22,1181.0,20.22,0.7968
Malawi,Wheat,2001,8989,177.24,1181.0,20.59,0.8989
Malawi,Wheat,2002,5588,134.25,1181.0,20.76,0.5588
Malawi,Wheat,2004,7537,48.28,1181.0,20.44,0.7537
Malawi,Wheat,2005,8707,295.51,1181.0,21.37,0.8707
Malawi,Wheat,2006,12071,202.35,1181.0,20.63,1.2071
Malawi,Wheat,2007,22968,524.46,1181.0,20.67,2.2968
Malawi,Wheat,2008,16133,624.52,1181.0,20.42,1.6133
Malawi,Wheat,2009,15006,736.25,1181.0,20.68,1.5006
Malawi,Wheat,2010,15123,584.12,1181.0,21.34,1.5123
Malawi,Wheat,2011,15214,553.57,1181.0,20.92,1.5214
Malawi,Wheat,2012,15104,775.83,1181.0,20.42,1.5104
Malawi,Wheat,2013,14058,1500.27,1181.0,19.68,1.4058
Malaysia,Cassava,1990,97297,39406.48,2875.0,27.21,9.7297
Malaysia,Cassava,1991,103125,39406.48,2875.0,27.04,10.3125
Malaysia,Cassava,1992,103333,39406.48,2875.0,27.05,10.3333
Malaysia,Cassava,1993,111111,39406.48,2875.0,26.99,11.1111
Malaysia,Cassava,1994,112000,39406.48,2875.0,27.0,11.2
Malaysia,Cassava,1995,115000,39406.48,2875.0,27.05,11.5
Malaysia,Cassava,1996,114286,39406.48,2875.0,27.04,11.4286
Malaysia,Cassava,1997,123333,39406.48,2875.0,27.29,12.3333
Malaysia,Cassava,1998,141667,39406.48,2875.0,27.89,14.1667
Malaysia,Cassava,1999,150000,39406.48,2875.0,26.95,15.0
Malaysia,Cassava,2000,141176,39406.48,2875.0,27.14,14.1176
Malaysia,Cassava,2001,157143,39406.48,2875.0,27.24,15.7143
Malaysia,Cassava,2002,172414,39406.48,2875.0,27.57,17.2414
Malaysia,Cassava,2004,202500,39406.48,2875.0,27.35,20.25
Malaysia,Cassava,2005,222857,39406.48,2875.0,27.59,22.2857
Malaysia,Cassava,2006,233333,39406.48,2875.0,27.29,23.3333
Malaysia,Cassava,2007,161565,46868.35,2875.0,27.23,16.1565
Malaysia,Cassava,2008,152025,54821.91,2875.0,27.12,15.2025
Malaysia,Cassava,2009,222790,52464.19,2875.0,27.47,22.279
Malaysia,Cassava,2010,134298,60194.83,2875.0,27.69,13.4298
Malaysia,Cassava,2011,127912,41562.16,2875.0,27.27,12.7912
Malaysia,Cassava,2012,275589,49810.48,2875.0,27.36,27.5589
Malaysia,Cassava,2013,155321,61445.6,2875.0,27.8,15.5321
Malaysia,Maize,1990,17500,39406.48,2875.0,27.21,1.75
Malaysia,Maize,1991,17500,39406.48,2875.0,27.04,1.75
Malaysia,Maize,1992,17143,39406.48,2875.0,27.05,1.7143
Malaysia,Maize,1993,19000,39406.48,2875.0,26.99,1.9
Malaysia,Maize,1994,20000,39406.48,2875.0,27.0,2.0
Malaysia,Maize,1995,18696,39406.48,2875.0,27.05,1.8696
Malaysia,Maize,1996,18000,39406.48,2875.0,27.04,1.8
Malaysia,Maize,1997,18462,39406.48,2875.0,27.29,1.8462
Malaysia,Maize,1998,18519,39406.48,2875.0,27.89,1.8519
Malaysia,Maize,1999,21111,39406.48,2875.0,26.95,2.1111
Malaysia,Maize,2000,24074,39406.48,2875.0,27.14,2.4074
Malaysia,Maize,2001,30455,39406.48,2875.0,27.24,3.0455
Malaysia,Maize,2002,30435,39406.48,2875.0,27.57,3.0435
Malaysia,Maize,2004,30000,39406.48,2875.0,27.35,3.0
Malaysia,Maize,2005,30000,39406.48,2875.0,27.59,3.0
Malaysia,Maize,2006,32000,39406.48,2875.0,27.29,3.2
Malaysia,Maize,2007,48554,46868.35,2875.0,27.23,4.8554
Malaysia,Maize,2008,52192,54821.91,2875.0,27.12,5.2192
Malaysia,Maize,2009,50719,52464.19,2875.0,27.47,5.0719
Malaysia,Maize,2010,55351,60194.83,2875.0,27.69,5.5351
Malaysia,Maize,2011,61320,41562.16,2875.0,27.27,6.132
Malaysia,Maize,2012,89681,49810.48,2875.0,27.36,8.9681
Malaysia,Maize,2013,88991,61445.6,2875.0,27.8,8.8991
Malaysia,"Rice, paddy",1990,27694,39406.48,2875.0,27.21,2.7694
Malaysia,"Rice, paddy",1991,28178,39406.48,2875.0,27.04,2.8178
Malaysia,"Rice, paddy",1992,29918,39406.48,2875.0,27.05,2.9918
Malaysia,"Rice, paddy",1993,30348,39406.48,2875.0,26.99,3.0348
Malaysia,"Rice, paddy",1994,30614,39406.48,2875.0,27.0,3.0614
Malaysia,"Rice, paddy",1995,31619,39406.48,2875.0,27.05,3.1619
Malaysia,"Rice, paddy",1996,32510,39406.48,2875.0,27.04,3.251
Malaysia,"Rice, paddy",1997,30676,39406.48,2875.0,27.29,3.0676
Malaysia,"Rice, paddy",1998,28829,39406.48,2875.0,27.89,2.8829
Malaysia,"Rice, paddy",1999,29415,39406.48,2875.0,26.95,2.9415
Malaysia,"Rice, paddy",2000,30640,39406.48,2875.0,27.14,3.064
Malaysia,"Rice, paddy",2001,31101,39406.48,2875.0,27.24,3.1101
Malaysia,"Rice, paddy",2002,32385,39406.48,2875.0,27.57,3.2385
Malaysia,"Rice, paddy",2004,33260,39406.48,2875.0,27.35,3.326
Malaysia,"Rice, paddy",2005,34221,39406.48,2875.0,27.59,3.4221
Malaysia,"Rice, paddy",2006,33907,39406.48,2875.0,27.29,3.3907
Malaysia,"Rice, paddy",2007,35277,46868.35,2875.0,27.23,3.5277
Malaysia,"Rice, paddy",2008,35836,54821.91,2875.0,27.12,3.5836
Malaysia,"Rice, paddy",2009,37205,52464.19,2875.0,27.47,3.7205
Malaysia,"Rice, paddy",2010,36361,60194.83,2875.0,27.69,3.6361
Malaysia,"Rice, paddy",2011,37468,41562.16,2875.0,27.27,3.7468
Malaysia,"Rice, paddy",2012,37972,49810.48,2875.0,27.36,3.7972
Malaysia,"Rice, paddy",2013,38763,61445.6,2875.0,27.8,3.8763
Malaysia,Soybeans,1990,3333,39406.48,2875.0,27.21,0.3333
Malaysia,Sweet potatoes,1990,110000,39406.48,2875.0,27.21,11.0
Malaysia,Sweet potatoes,1991,110000,39406.48,2875.0,27.04,11.0
Malaysia,Sweet potatoes,1992,110000,39406.48,2875.0,27.05,11.0
Malaysia,Sweet potatoes,1993,110000,39406.48,2875.0,26.99,11.0
Malaysia,Sweet potatoes,1994,110000,39406.48,2875.0,27.0,11.0
Malaysia,Sweet potatoes,1995,110000,39406.48,2875.0,27.05,11.0
Malaysia,Sweet potatoes,1996,109375,39406.48,2875.0,27.04,10.9375
Malaysia,Sweet potatoes,1997,111111,39406.48,2875.0,27.29,11.1111
Malaysia,Sweet potatoes,1998,112000,39406.48,2875.0,27.89,11.2
Malaysia,Sweet potatoes,1999,108696,39406.48,2875.0,26.95,10.8696
Malaysia,Sweet potatoes,2000,111111,39406.48,2875.0,27.14,11.1111
Malaysia,Sweet potatoes,2001,113900,39406.48,2875.0,27.24,11.39
Malaysia,Sweet potatoes,2002,108800,39406.48,2875.0,27.57,10.88
Malaysia,Sweet potatoes,2004,120523,39406.48,2875.0,27.35,12.0523
Malaysia,Sweet potatoes,2005,126406,39406.48,2875.0,27.59,12.6406
Malaysia,Sweet potatoes,2006,142868,39406.48,2875.0,27.29,14.2868
Malaysia,Sweet potatoes,2007,162751,46868.35,2875.0,27.23,16.2751
Malaysia,Sweet potatoes,2008,139251,54821.91,2875.0,27.12,13.9251
Malaysia,Sweet potatoes,2009,103094,52464.19,2875.0,27.47,10.3094
Malaysia,Sweet potatoes,2010,106534,60194.83,2875.0,27.69,10.6534
Malaysia,Sweet potatoes,2011,119255,41562.16,2875.0,27.27,11.9255
Malaysia,Sweet potatoes,2012,215175,49810.48,2875.0,27.36,21.5175
Malaysia,Sweet potatoes,2013,166824,61445.6,2875.0,27.8,16.6824
Mali,Cassava,1990,72500,95.7,282.0,27.61,7.25
Mali,Cassava,1991,72859,54.63,282.0,27.58,7.2859
Mali,Cassava,1992,74000,35.42,282.0,27.2,7.4
Mali,Cassava,1993,73250,33.19,282.0,27.55,7.325
Mali,Cassava,1994,73436,30.96,282.0,27.05,7.3436
Mali,Cassava,1995,74061,28.73,282.0,27.25,7.4061
Mali,Cassava,1996,90000,26.51,282.0,27.64,9.0
Mali,Cassava,1997,100000,24.28,282.0,27.38,10.0
Mali,Cassava,1998,109509,22.05,282.0,28.08,10.9509
Mali,Cassava,1999,94328,19.82,282.0,27.26,9.4328
Mali,Cassava,2000,115886,17.59,282.0,27.51,11.5886
Mali,Cassava,2001,89909,15.36,282.0,27.79,8.9909
Mali,Cassava,2002,115892,13.13,282.0,28.18,11.5892
Mali,Cassava,2004,178976,8.67,282.0,28.07,17.8976
Mali,Cassava,2005,146798,14.84,282.0,28.13,14.6798
Mali,Cassava,2006,180178,11.87,282.0,27.62,18.0178
Mali,Cassava,2007,162236,7.72,282.0,27.94,16.2236
Mali,Cassava,2008,158875,9.99,282.0,27.62,15.8875
Mali,Cassava,2009,180749,4.12,282.0,27.89,18.0749
Mali,Cassava,2010,153919,3.84,282.0,28.18,15.3919
Mali,Cassava,2011,155504,3.25,282.0,27.79,15.5504
Mali,Cassava,2012,156860,1.52,282.0,27.39,15.686
Mali,Cassava,2013,155621,1.52,282.0,28.53,15.5621
Mali,Maize,1990,11566,95.7,282.0,27.61,1.1566
Mali,Maize,1991,13824,54.63,282.0,27.58,1.3824
Mali,Maize,1992,10050,35.42,282.0,27.2,1.005
Mali,Maize,1993,11029,33.19,282.0,27.55,1.1029
Mali,Maize,1994,11347,30.96,282.0,27.05,1.1347
Mali,Maize,1995,12843,28.73,282.0,27.25,1.2843
Mali,Maize,1996,15845,26.51,282.0,27.64,1.5845
Mali,Maize,1997,16930,24.28,282.0,27.38,1.693
Mali,Maize,1998,16416,22.05,282.0,28.08,1.6416
Mali,Maize,1999,14541,19.82,282.0,27.26,1.4541
Mali,Maize,2000,13322,17.59,282.0,27.51,1.3322
Mali,Maize,2001,11585,15.36,282.0,27.79,1.1585
Mali,Maize,2002,11478,13.13,282.0,28.18,1.1478
Mali,Maize,2004,18210,8.67,282.0,28.07,1.821
Mali,Maize,2005,14933,14.84,282.0,28.13,1.4933
Mali,Maize,2006,17134,11.87,282.0,27.62,1.7134
Mali,Maize,2007,16831,7.72,282.0,27.94,1.6831
Mali,Maize,2008,19732,9.99,282.0,27.62,1.9732
Mali,Maize,2009,33349,4.12,282.0,27.89,3.3349
Mali,Maize,2010,26886,3.84,282.0,28.18,2.6886
Mali,Maize,2011,14037,3.25,282.0,27.79,1.4037
Mali,Maize,2012,24427,1.52,282.0,27.39,2.4427
Mali,Maize,2013,25927,1.52,282.0,28.53,2.5927
Mali,Potatoes,1990,180000,95.7,282.0,27.61,18.0
Mali,Potatoes,1991,175000,54.63,282.0,27.58,17.5
Mali,Potatoes,1992,178057,35.42,282.0,27.2,17.8057
Mali,Potatoes,1993,180000,33.19,282.0,27.55,18.0
Mali,Potatoes,1994,181975,30.96,282.0,27.05,18.1975
Mali,Potatoes,1995,182175,28.73,282.0,27.25,18.2175
Mali,Potatoes,1996,182682,26.51,282.0,27.64,18.2682
Mali,Potatoes,1997,183335,24.28,282.0,27.38,18.3335
Mali,Potatoes,1998,183333,22.05,282.0,28.08,18.3333
Mali,Potatoes,1999,186268,19.82,282.0,27.26,18.6268
Mali,Potatoes,2000,187278,17.59,282.0,27.51,18.7278
Mali,Potatoes,2001,185714,15.36,282.0,27.79,18.5714
Mali,Potatoes,2002,180217,13.13,282.0,28.18,18.0217
Mali,Potatoes,2004,163954,8.67,282.0,28.07,16.3954
Mali,Potatoes,2005,194956,14.84,282.0,28.13,19.4956
Mali,Potatoes,2006,238984,11.87,282.0,27.62,23.8984
Mali,Potatoes,2007,240551,7.72,282.0,27.94,24.0551
Mali,Potatoes,2008,239915,9.99,282.0,27.62,23.9915
Mali,Potatoes,2009,237913,4.12,282.0,27.89,23.7913
Mali,Potatoes,2010,220473,3.84,282.0,28.18,22.0473
Mali,Potatoes,2011,204721,3.25,282.0,27.79,20.4721
Mali,Potatoes,2012,198983,1.52,282.0,27.39,19.8983
Mali,Potatoes,2013,193555,1.52,282.0,28.53,19.3555
Mali,"Rice, paddy",1990,14360,95.7,282.0,27.61,1.436
Mali,"Rice, paddy",1991,17274,54.63,282.0,27.58,1.7274
Mali,"Rice, paddy",1992,17583,35.42,282.0,27.2,1.7583
Mali,"Rice, paddy",1993,17350,33.19,282.0,27.55,1.735
Mali,"Rice, paddy",1994,16518,30.96,282.0,27.05,1.6518
Mali,"Rice, paddy",1995,15484,28.73,282.0,27.25,1.5484
Mali,"Rice, paddy",1996,19140,26.51,282.0,27.64,1.914
Mali,"Rice, paddy",1997,17554,24.28,282.0,27.38,1.7554
Mali,"Rice, paddy",1998,21991,22.05,282.0,28.08,2.1991
Mali,"Rice, paddy",1999,22366,19.82,282.0,27.26,2.2366
Mali,"Rice, paddy",2000,21058,17.59,282.0,27.51,2.1058
Mali,"Rice, paddy",2001,20095,15.36,282.0,27.79,2.0095
Mali,"Rice, paddy",2002,19439,13.13,282.0,28.18,1.9439
Mali,"Rice, paddy",2004,22803,8.67,282.0,28.07,2.2803
Mali,"Rice, paddy",2005,22845,14.84,282.0,28.13,2.2845
Mali,"Rice, paddy",2006,25783,11.87,282.0,27.62,2.5783
Mali,"Rice, paddy",2007,27621,7.72,282.0,27.94,2.7621
Mali,"Rice, paddy",2008,33660,9.99,282.0,27.62,3.366
Mali,"Rice, paddy",2009,30646,4.12,282.0,27.89,3.0646
Mali,"Rice, paddy",2010,21044,3.84,282.0,28.18,2.1044
Mali,"Rice, paddy",2011,30210,3.25,282.0,27.79,3.021
Mali,"Rice, paddy",2012,34486,1.52,282.0,27.39,3.4486
Mali,"Rice, paddy",2013,30009,1.52,282.0,28.53,3.0009
Mali,Sorghum,1990,6571,95.7,282.0,27.61,0.6571
Mali,Sorghum,1991,10898,54.63,282.0,27.58,1.0898
Mali,Sorghum,1992,6449,35.42,282.0,27.2,0.6449
Mali,Sorghum,1993,7534,33.19,282.0,27.55,0.7534
Mali,Sorghum,1994,7641,30.96,282.0,27.05,0.7641
Mali,Sorghum,1995,8345,28.73,282.0,27.25,0.8345
Mali,Sorghum,1996,9990,26.51,282.0,27.64,0.999
Mali,Sorghum,1997,9757,24.28,282.0,27.38,0.9757
Mali,Sorghum,1998,9737,22.05,282.0,28.08,0.9737
Mali,Sorghum,1999,9397,19.82,282.0,27.26,0.9397
Mali,Sorghum,2000,8368,17.59,282.0,27.51,0.8368
Mali,Sorghum,2001,7370,15.36,282.0,27.79,0.737
Mali,Sorghum,2002,6951,13.13,282.0,28.18,0.6951
Mali,Sorghum,2004,11509,8.67,282.0,28.07,1.1509
Mali,Sorghum,2005,8454,14.84,282.0,28.13,0.8454
Mali,Sorghum,2006,8393,11.87,282.0,27.62,0.8393
Mali,Sorghum,2007,8262,7.72,282.0,27.94,0.8262
Mali,Sorghum,2008,10365,9.99,282.0,27.62,1.0365
Mali,Sorghum,2009,15941,4.12,282.0,27.89,1.5941
Mali,Sorghum,2010,9951,3.84,282.0,28.18,0.9951
Mali,Sorghum,2011,7067,3.25,282.0,27.79,0.7067
Mali,Sorghum,2012,10612,1.52,282.0,27.39,1.0612
Mali,Sorghum,2013,11052,1.52,282.0,28.53,1.1052
Mali,Soybeans,1990,16667,95.7,282.0,27.61,1.6667
Mali,Soybeans,1991,16817,54.63,282.0,27.58,1.6817
Mali,Soybeans,1992,16750,35.42,282.0,27.2,1.675
Mali,Soybeans,1993,17000,33.19,282.0,27.55,1.7
Mali,Soybeans,1994,16454,30.96,282.0,27.05,1.6454
Mali,Soybeans,1995,16364,28.73,282.0,27.25,1.6364
Mali,Soybeans,1996,16103,26.51,282.0,27.64,1.6103
Mali,Soybeans,1997,16010,24.28,282.0,27.38,1.601
Mali,Soybeans,1998,16667,22.05,282.0,28.08,1.6667
Mali,Soybeans,1999,15739,19.82,282.0,27.26,1.5739
Mali,Soybeans,2000,15540,17.59,282.0,27.51,1.554
Mali,Soybeans,2001,16154,15.36,282.0,27.79,1.6154
Mali,Soybeans,2002,15265,13.13,282.0,28.18,1.5265
Mali,Soybeans,2004,17361,8.67,282.0,28.07,1.7361
Mali,Soybeans,2005,17171,14.84,282.0,28.13,1.7171
Mali,Soybeans,2006,16032,11.87,282.0,27.62,1.6032
Mali,Soybeans,2007,12147,7.72,282.0,27.94,1.2147
Mali,Soybeans,2008,6214,9.99,282.0,27.62,0.6214
Mali,Soybeans,2009,6274,4.12,282.0,27.89,0.6274
Mali,Soybeans,2010,6881,3.84,282.0,28.18,0.6881
Mali,Soybeans,2011,8715,3.25,282.0,27.79,0.8715
Mali,Soybeans,2012,8611,1.52,282.0,27.39,0.8611
Mali,Soybeans,2013,7219,1.52,282.0,28.53,0.7219
Mali,Sweet potatoes,1990,48316,95.7,282.0,27.61,4.8316
Mali,Sweet potatoes,1991,46740,54.63,282.0,27.58,4.674
Mali,Sweet potatoes,1992,47872,35.42,282.0,27.2,4.7872
Mali,Sweet potatoes,1993,51033,33.19,282.0,27.55,5.1033
Mali,Sweet potatoes,1994,52488,30.96,282.0,27.05,5.2488
Mali,Sweet potatoes,1995,55972,28.73,282.0,27.25,5.5972
Mali,Sweet potatoes,1996,58941,26.51,282.0,27.64,5.8941
Mali,Sweet potatoes,1997,53333,24.28,282.0,27.38,5.3333
Mali,Sweet potatoes,1998,41819,22.05,282.0,28.08,4.1819
Mali,Sweet potatoes,1999,106147,19.82,282.0,27.26,10.6147
Mali,Sweet potatoes,2000,99214,17.59,282.0,27.51,9.9214
Mali,Sweet potatoes,2001,124090,15.36,282.0,27.79,12.409
Mali,Sweet potatoes,2002,158037,13.13,282.0,28.18,15.8037
Mali,Sweet potatoes,2004,165227,8.67,282.0,28.07,16.5227
Mali,Sweet potatoes,2005,159665,14.84,282.0,28.13,15.9665
Mali,Sweet potatoes,2006,186516,11.87,282.0,27.62,18.6516
Mali,Sweet potatoes,2007,190602,7.72,282.0,27.94,19.0602
Mali,Sweet potatoes,2008,202336,9.99,282.0,27.62,20.2336
Mali,Sweet potatoes,2009,191228,4.12,282.0,27.89,19.1228
Mali,Sweet potatoes,2010,188048,3.84,282.0,28.18,18.8048
Mali,Sweet potatoes,2011,181391,3.25,282.0,27.79,18.1391
Mali,Sweet potatoes,2012,176736,1.52,282.0,27.39,17.6736
Mali,Sweet potatoes,2013,174581,1.52,282.0,28.53,17.4581
Mali,Wheat,1990,11991,95.7,282.0,27.61,1.1991
Mali,Wheat,1991,20000,54.63,282.0,27.58,2.0
Mali,Wheat,1992,13987,35.42,282.0,27.2,1.3987
Mali,Wheat,1993,30909,33.19,282.0,27.55,3.0909
Mali,Wheat,1994,16278,30.96,282.0,27.05,1.6278
Mali,Wheat,1995,21040,28.73,282.0,27.25,2.104
Mali,Wheat,1996,19658,26.51,282.0,27.64,1.9658
Mali,Wheat,1997,12752,24.28,282.0,27.38,1.2752
Mali,Wheat,1998,24925,22.05,282.0,28.08,2.4925
Mali,Wheat,1999,21696,19.82,282.0,27.26,2.1696
Mali,Wheat,2000,23515,17.59,282.0,27.51,2.3515
Mali,Wheat,2001,25237,15.36,282.0,27.79,2.5237
Mali,Wheat,2002,25687,13.13,282.0,28.18,2.5687
Mali,Wheat,2004,25296,8.67,282.0,28.07,2.5296
Mali,Wheat,2005,22001,14.84,282.0,28.13,2.2001
Mali,Wheat,2006,24025,11.87,282.0,27.62,2.4025
Mali,Wheat,2007,25029,7.72,282.0,27.94,2.5029
Mali,Wheat,2008,24409,9.99,282.0,27.62,2.4409
Mali,Wheat,2009,29665,4.12,282.0,27.89,2.9665
Mali,Wheat,2010,25543,3.84,282.0,28.18,2.5543
Mali,Wheat,2011,34378,3.25,282.0,27.79,3.4378
Mali,Wheat,2012,40285,1.52,282.0,27.39,4.0285
Mali,Wheat,2013,39754,1.52,282.0,28.53,3.9754
Mali,Yams,1990,45091,95.7,282.0,27.61,4.5091
Mali,Yams,1991,50455,54.63,282.0,27.58,5.0455
Mali,Yams,1992,37108,35.42,282.0,27.2,3.7108
Mali,Yams,1993,43023,33.19,282.0,27.55,4.3023
Mali,Yams,1994,42104,30.96,282.0,27.05,4.2104
Mali,Yams,1995,40000,28.73,282.0,27.25,4.0
Mali,Yams,1996,37143,26.51,282.0,27.64,3.7143
Mali,Yams,1997,35000,24.28,282.0,27.38,3.5
Mali,Yams,1998,28376,22.05,282.0,28.08,2.8376
Mali,Yams,1999,122356,19.82,282.0,27.26,12.2356
Mali,Yams,2000,195076,17.59,282.0,27.51,19.5076
Mali,Yams,2001,100822,15.36,282.0,27.79,10.0822
Mali,Yams,2002,132132,13.13,282.0,28.18,13.2132
Mali,Yams,2004,205712,8.67,282.0,28.07,20.5712
Mali,Yams,2005,165917,14.84,282.0,28.13,16.5917
Mali,Yams,2006,250000,11.87,282.0,27.62,25.0
Mali,Yams,2007,249941,7.72,282.0,27.94,24.9941
Mali,Yams,2008,212980,9.99,282.0,27.62,21.298
Mali,Yams,2009,203082,4.12,282.0,27.89,20.3082
Mali,Yams,2010,234857,3.84,282.0,28.18,23.4857
Mali,Yams,2011,223344,3.25,282.0,27.79,22.3344
Mali,Yams,2012,211794,1.52,282.0,27.39,21.1794
Mali,Yams,2013,206300,1.52,282.0,28.53,20.63
Mauritania,Maize,1990,6789,39.09,92.0,27.67,0.6789
Mauritania,Maize,1991,5966,39.09,92.0,27.38,0.5966
Mauritania,Maize,1992,7684,39.09,92.0,27.52,0.7684
Mauritania,Maize,1993,12291,39.09,92.0,27.37,1.2291
Mauritania,Maize,1994,4987,39.09,92.0,27.24,0.4987
Mauritania,Maize,1995,7996,39.09,92.0,27.7,0.7996
Mauritania,Maize,1996,5871,39.09,92.0,27.93,0.5871
Mauritania,Maize,1997,8627,39.09,92.0,28.28,0.8627
Mauritania,Maize,1998,8387,39.09,92.0,28.52,0.8387
Mauritania,Maize,1999,7618,39.09,92.0,27.23,0.7618
Mauritania,Maize,2000,9054,39.09,92.0,27.66,0.9054
Mauritania,Maize,2001,10016,39.09,92.0,28.28,1.0016
Mauritania,Maize,2002,5644,3.2,92.0,27.84,0.5644
Mauritania,Maize,2004,11513,702.5,92.0,27.81,1.1513
Mauritania,Maize,2005,8156,1.1,92.0,28.14,0.8156
Mauritania,Maize,2006,4975,1.7,92.0,27.82,0.4975
Mauritania,Maize,2007,7116,9.8,92.0,27.88,0.7116
Mauritania,Maize,2008,7059,17.22,92.0,28.14,0.7059
Mauritania,Maize,2009,5542,4.29,92.0,27.57,0.5542
Mauritania,Maize,2010,8592,67.59,92.0,28.7,0.8592
Mauritania,Maize,2011,6611,13.35,92.0,27.87,0.6611
Mauritania,Maize,2012,6904,26.41,92.0,27.77,0.6904
Mauritania,Maize,2013,4731,26.41,92.0,28.24,0.4731
Mauritania,Potatoes,1990,54628,39.09,92.0,27.67,5.4628
Mauritania,Potatoes,1991,46591,39.09,92.0,27.38,4.6591
Mauritania,Potatoes,1992,50000,39.09,92.0,27.52,5.0
Mauritania,Potatoes,1993,40000,39.09,92.0,27.37,4.0
Mauritania,Potatoes,1994,50000,39.09,92.0,27.24,5.0
Mauritania,Potatoes,1995,47809,39.09,92.0,27.7,4.7809
Mauritania,Potatoes,1996,47985,39.09,92.0,27.93,4.7985
Mauritania,Potatoes,1997,50000,39.09,92.0,28.28,5.0
Mauritania,Potatoes,1998,48000,39.09,92.0,28.52,4.8
Mauritania,Potatoes,1999,46667,39.09,92.0,27.23,4.6667
Mauritania,Potatoes,2000,50000,39.09,92.0,27.66,5.0
Mauritania,Potatoes,2001,51429,39.09,92.0,28.28,5.1429
Mauritania,Potatoes,2002,51282,3.2,92.0,27.84,5.1282
Mauritania,Potatoes,2004,51778,702.5,92.0,27.81,5.1778
Mauritania,Potatoes,2005,51163,1.1,92.0,28.14,5.1163
Mauritania,Potatoes,2006,52752,1.7,92.0,27.82,5.2752
Mauritania,Potatoes,2007,53231,9.8,92.0,27.88,5.3231
Mauritania,Potatoes,2008,53810,17.22,92.0,28.14,5.381
Mauritania,Potatoes,2009,54030,4.29,92.0,27.57,5.403
Mauritania,Potatoes,2010,51163,67.59,92.0,28.7,5.1163
Mauritania,Potatoes,2011,55446,13.35,92.0,27.87,5.5446
Mauritania,Potatoes,2012,57143,26.41,92.0,27.77,5.7143
Mauritania,Potatoes,2013,62857,26.41,92.0,28.24,6.2857
Mauritania,"Rice, paddy",1990,33307,39.09,92.0,27.67,3.3307
Mauritania,"Rice, paddy",1991,28127,39.09,92.0,27.38,2.8127
Mauritania,"Rice, paddy",1992,39870,39.09,92.0,27.52,3.987
Mauritania,"Rice, paddy",1993,32860,39.09,92.0,27.37,3.286
Mauritania,"Rice, paddy",1994,27399,39.09,92.0,27.24,2.7399
Mauritania,"Rice, paddy",1995,39360,39.09,92.0,27.7,3.936
Mauritania,"Rice, paddy",1996,38306,39.09,92.0,27.93,3.8306
Mauritania,"Rice, paddy",1997,37189,39.09,92.0,28.28,3.7189
Mauritania,"Rice, paddy",1998,40598,39.09,92.0,28.52,4.0598
Mauritania,"Rice, paddy",1999,39680,39.09,92.0,27.23,3.968
Mauritania,"Rice, paddy",2000,42373,39.09,92.0,27.66,4.2373
Mauritania,"Rice, paddy",2001,45266,39.09,92.0,28.28,4.5266
Mauritania,"Rice, paddy",2002,45602,3.2,92.0,27.84,4.5602
Mauritania,"Rice, paddy",2004,46995,702.5,92.0,27.81,4.6995
Mauritania,"Rice, paddy",2005,38919,1.1,92.0,28.14,3.8919
Mauritania,"Rice, paddy",2006,44809,1.7,92.0,27.82,4.4809
Mauritania,"Rice, paddy",2007,47221,9.8,92.0,27.88,4.7221
Mauritania,"Rice, paddy",2008,47631,17.22,92.0,28.14,4.7631
Mauritania,"Rice, paddy",2009,39894,4.29,92.0,27.57,3.9894
Mauritania,"Rice, paddy",2010,52310,67.59,92.0,28.7,5.231
Mauritania,"Rice, paddy",2011,50958,13.35,92.0,27.87,5.0958
Mauritania,"Rice, paddy",2012,49788,26.41,92.0,27.77,4.9788
Mauritania,"Rice, paddy",2013,49522,26.41,92.0,28.24,4.9522
Mauritania,Sorghum,1990,5153,39.09,92.0,27.67,0.5153
Mauritania,Sorghum,1991,4514,39.09,92.0,27.38,0.4514
Mauritania,Sorghum,1992,5020,39.09,92.0,27.52,0.502
Mauritania,Sorghum,1993,5856,39.09,92.0,27.37,0.5856
Mauritania,Sorghum,1994,5773,39.09,92.0,27.24,0.5773
Mauritania,Sorghum,1995,6350,39.09,92.0,27.7,0.635
Mauritania,Sorghum,1996,6859,39.09,92.0,27.93,0.6859
Mauritania,Sorghum,1997,4078,39.09,92.0,28.28,0.4078
Mauritania,Sorghum,1998,4677,39.09,92.0,28.52,0.4677
Mauritania,Sorghum,1999,5350,39.09,92.0,27.23,0.535
Mauritania,Sorghum,2000,5248,39.09,92.0,27.66,0.5248
Mauritania,Sorghum,2001,3322,39.09,92.0,28.28,0.3322
Mauritania,Sorghum,2002,3581,3.2,92.0,27.84,0.3581
Mauritania,Sorghum,2004,1448,702.5,92.0,27.81,0.1448
Mauritania,Sorghum,2005,5156,1.1,92.0,28.14,0.5156
Mauritania,Sorghum,2006,4037,1.7,92.0,27.82,0.4037
Mauritania,Sorghum,2007,3976,9.8,92.0,27.88,0.3976
Mauritania,Sorghum,2008,4395,17.22,92.0,28.14,0.4395
Mauritania,Sorghum,2009,4902,4.29,92.0,27.57,0.4902
Mauritania,Sorghum,2010,5094,67.59,92.0,28.7,0.5094
Mauritania,Sorghum,2011,2793,13.35,92.0,27.87,0.2793
Mauritania,Sorghum,2012,5074,26.41,92.0,27.77,0.5074
Mauritania,Sorghum,2013,4843,26.41,92.0,28.24,0.4843
Mauritania,Sweet potatoes,1990,8799,39.09,92.0,27.67,0.8799
Mauritania,Sweet potatoes,1991,9974,39.09,92.0,27.38,0.9974
Mauritania,Sweet potatoes,1992,10000,39.09,92.0,27.52,1.0
Mauritania,Sweet potatoes,1993,10000,39.09,92.0,27.37,1.0
Mauritania,Sweet potatoes,1994,10000,39.09,92.0,27.24,1.0
Mauritania,Sweet potatoes,1995,9988,39.09,92.0,27.7,0.9988
Mauritania,Sweet potatoes,1996,9990,39.09,92.0,27.93,0.999
Mauritania,Sweet potatoes,1997,10000,39.09,92.0,28.28,1.0
Mauritania,Sweet potatoes,1998,9996,39.09,92.0,28.52,0.9996
Mauritania,Sweet potatoes,1999,9999,39.09,92.0,27.23,0.9999
Mauritania,Sweet potatoes,2000,10001,39.09,92.0,27.66,1.0001
Mauritania,Sweet potatoes,2001,10004,39.09,92.0,28.28,1.0004
Mauritania,Sweet potatoes,2002,10007,3.2,92.0,27.84,1.0007
Mauritania,Sweet potatoes,2004,10009,702.5,92.0,27.81,1.0009
Mauritania,Sweet potatoes,2005,10008,1.1,92.0,28.14,1.0008
Mauritania,Sweet potatoes,2006,10000,1.7,92.0,27.82,1.0
Mauritania,Sweet potatoes,2007,10007,9.8,92.0,27.88,1.0007
Mauritania,Sweet potatoes,2008,10006,17.22,92.0,28.14,1.0006
Mauritania,Sweet potatoes,2009,10005,4.29,92.0,27.57,1.0005
Mauritania,Sweet potatoes,2010,10005,67.59,92.0,28.7,1.0005
Mauritania,Sweet potatoes,2011,10004,13.35,92.0,27.87,1.0004
Mauritania,Sweet potatoes,2012,10000,26.41,92.0,27.77,1.0
Mauritania,Sweet potatoes,2013,10000,26.41,92.0,28.24,1.0
Mauritania,Wheat,1990,10769,39.09,92.0,27.67,1.0769
Mauritania,Wheat,1991,12000,39.09,92.0,27.38,1.2
Mauritania,Wheat,1992,12340,39.09,92.0,27.52,1.234
Mauritania,Wheat,1993,10000,39.09,92.0,27.37,1.0
Mauritania,Wheat,1994,12145,39.09,92.0,27.24,1.2145
Mauritania,Wheat,1995,12868,39.09,92.0,27.7,1.2868
Mauritania,Wheat,1996,13062,39.09,92.0,27.93,1.3062
Mauritania,Wheat,1997,10000,39.09,92.0,28.28,1.0
Mauritania,Wheat,1998,13986,39.09,92.0,28.52,1.3986
Mauritania,Wheat,1999,14988,39.09,92.0,27.23,1.4988
Mauritania,Wheat,2000,15271,39.09,92.0,27.66,1.5271
Mauritania,Wheat,2001,15855,39.09,92.0,28.28,1.5855
Mauritania,Wheat,2002,16541,3.2,92.0,27.84,1.6541
Mauritania,Wheat,2004,24906,702.5,92.0,27.81,2.4906
Mauritania,Wheat,2005,20000,1.1,92.0,28.14,2.0
Mauritania,Wheat,2006,21026,1.7,92.0,27.82,2.1026
Mauritania,Wheat,2007,20000,9.8,92.0,27.88,2.0
Mauritania,Wheat,2008,20000,17.22,92.0,28.14,2.0
Mauritania,Wheat,2009,19780,4.29,92.0,27.57,1.978
Mauritania,Wheat,2010,20820,67.59,92.0,28.7,2.082
Mauritania,Wheat,2011,16018,13.35,92.0,27.87,1.6018
Mauritania,Wheat,2012,21278,26.41,92.0,27.77,2.1278
Mauritania,Wheat,2013,21172,26.41,92.0,28.24,2.1172
Mauritania,Yams,1990,63927,39.09,92.0,27.67,6.3927
Mauritania,Yams,1991,65315,39.09,92.0,27.38,6.5315
Mauritania,Yams,1992,70000,39.09,92.0,27.52,7.0
Mauritania,Yams,1993,56757,39.09,92.0,27.37,5.6757
Mauritania,Yams,1994,62500,39.09,92.0,27.24,6.25
Mauritania,Yams,1995,63076,39.09,92.0,27.7,6.3076
Mauritania,Yams,1996,63045,39.09,92.0,27.93,6.3045
Mauritania,Yams,1997,62500,39.09,92.0,28.28,6.25
Mauritania,Yams,1998,62742,39.09,92.0,28.52,6.2742
Mauritania,Yams,1999,62712,39.09,92.0,27.23,6.2712
Mauritania,Yams,2000,62685,39.09,92.0,27.66,6.2685
Mauritania,Yams,2001,62660,39.09,92.0,28.28,6.266
Mauritania,Yams,2002,62636,3.2,92.0,27.84,6.2636
Mauritania,Yams,2004,62760,702.5,92.0,27.81,6.276
Mauritania,Yams,2005,62732,1.1,92.0,28.14,6.2732
Mauritania,Yams,2006,62222,1.7,92.0,27.82,6.2222
Mauritania,Yams,2007,62698,9.8,92.0,27.88,6.2698
Mauritania,Yams,2008,62703,17.22,92.0,28.14,6.2703
Mauritania,Yams,2009,62705,4.29,92.0,27.57,6.2705
Mauritania,Yams,2010,62706,67.59,92.0,28.7,6.2706
Mauritania,Yams,2011,62703,13.35,92.0,27.87,6.2703
Mauritania,Yams,2012,63830,26.41,92.0,27.77,6.383
Mauritania,Yams,2013,61224,26.41,92.0,28.24,6.1224
Mauritius,Cassava,1990,135714,889.0,2041.0,23.84,13.5714
Mauritius,Cassava,1991,135714,788.43,2041.0,24.14,13.5714
Mauritius,Cassava,1992,140000,687.86,2041.0,23.81,14.0
Mauritius,Cassava,1993,172308,587.29,2041.0,23.91,17.2308
Mauritius,Cassava,1994,166667,486.72,2041.0,24.17,16.6667
Mauritius,Cassava,1995,140000,493.82,2041.0,24.02,14.0
Mauritius,Cassava,1996,140000,517.61,2041.0,23.89,14.0
Mauritius,Cassava,1997,153846,544.55,2041.0,24.1,15.3846
Mauritius,Cassava,1998,150000,536.45,2041.0,24.41,15.0
Mauritius,Cassava,1999,138750,501.85,2041.0,24.11,13.875
Mauritius,Cassava,2000,151000,535.66,2041.0,24.0,15.1
Mauritius,Cassava,2001,143077,603.16,2041.0,24.49,14.3077
Mauritius,Cassava,2002,107692,606.85,2041.0,24.4,10.7692
Mauritius,Cassava,2004,187500,697.91,2041.0,24.25,18.75
Mauritius,Cassava,2005,147143,698.23,2041.0,24.16,14.7143
Mauritius,Cassava,2006,164286,623.96,2041.0,24.32,16.4286
Mauritius,Cassava,2007,141176,644.12,2041.0,24.28,14.1176
Mauritius,Cassava,2008,136364,781.32,2041.0,24.19,13.6364
Mauritius,Cassava,2009,146667,749.41,2041.0,24.58,14.6667
Mauritius,Cassava,2010,132059,731.46,2041.0,24.67,13.2059
Mauritius,Cassava,2011,125000,685.98,2041.0,24.52,12.5
Mauritius,Cassava,2012,125000,636.91,2041.0,24.37,12.5
Mauritius,Cassava,2013,137027,671.77,2041.0,24.31,13.7027
Mauritius,Maize,1990,41790,889.0,2041.0,23.84,4.179
Mauritius,Maize,1991,37193,788.43,2041.0,24.14,3.7193
Mauritius,Maize,1992,44333,687.86,2041.0,23.81,4.4333
Mauritius,Maize,1993,42430,587.29,2041.0,23.91,4.243
Mauritius,Maize,1994,37288,486.72,2041.0,24.17,3.7288
Mauritius,Maize,1995,38533,493.82,2041.0,24.02,3.8533
Mauritius,Maize,1996,48667,517.61,2041.0,23.89,4.8667
Mauritius,Maize,1997,50435,544.55,2041.0,24.1,5.0435
Mauritius,Maize,1998,51800,536.45,2041.0,24.41,5.18
Mauritius,Maize,1999,49024,501.85,2041.0,24.11,4.9024
Mauritius,Maize,2000,89000,535.66,2041.0,24.0,8.9
Mauritius,Maize,2001,72037,603.16,2041.0,24.49,7.2037
Mauritius,Maize,2002,77632,606.85,2041.0,24.4,7.7632
Mauritius,Maize,2004,64737,697.91,2041.0,24.25,6.4737
Mauritius,Maize,2005,75397,698.23,2041.0,24.16,7.5397
Mauritius,Maize,2006,77931,623.96,2041.0,24.32,7.7931
Mauritius,Maize,2007,94537,644.12,2041.0,24.28,9.4537
Mauritius,Maize,2008,75410,781.32,2041.0,24.19,7.541
Mauritius,Maize,2009,80000,749.41,2041.0,24.58,8.0
Mauritius,Maize,2010,68333,731.46,2041.0,24.67,6.8333
Mauritius,Maize,2011,74419,685.98,2041.0,24.52,7.4419
Mauritius,Maize,2012,71207,636.91,2041.0,24.37,7.1207
Mauritius,Maize,2013,67957,671.77,2041.0,24.31,6.7957
Mauritius,Potatoes,1990,181098,889.0,2041.0,23.84,18.1098
Mauritius,Potatoes,1991,197419,788.43,2041.0,24.14,19.7419
Mauritius,Potatoes,1992,192134,687.86,2041.0,23.81,19.2134
Mauritius,Potatoes,1993,200875,587.29,2041.0,23.91,20.0875
Mauritius,Potatoes,1994,175716,486.72,2041.0,24.17,17.5716
Mauritius,Potatoes,1995,198460,493.82,2041.0,24.02,19.846
Mauritius,Potatoes,1996,195930,517.61,2041.0,23.89,19.593
Mauritius,Potatoes,1997,215755,544.55,2041.0,24.1,21.5755
Mauritius,Potatoes,1998,176048,536.45,2041.0,24.41,17.6048
Mauritius,Potatoes,1999,239781,501.85,2041.0,24.11,23.9781
Mauritius,Potatoes,2000,222556,535.66,2041.0,24.0,22.2556
Mauritius,Potatoes,2001,209884,603.16,2041.0,24.49,20.9884
Mauritius,Potatoes,2002,220116,606.85,2041.0,24.4,22.0116
Mauritius,Potatoes,2004,185272,697.91,2041.0,24.25,18.5272
Mauritius,Potatoes,2005,213306,698.23,2041.0,24.16,21.3306
Mauritius,Potatoes,2006,238105,623.96,2041.0,24.32,23.8105
Mauritius,Potatoes,2007,251918,644.12,2041.0,24.28,25.1918
Mauritius,Potatoes,2008,229444,781.32,2041.0,24.19,22.9444
Mauritius,Potatoes,2009,231096,749.41,2041.0,24.58,23.1096
Mauritius,Potatoes,2010,203649,731.46,2041.0,24.67,20.3649
Mauritius,Potatoes,2011,213264,685.98,2041.0,24.52,21.3264
Mauritius,Potatoes,2012,233356,636.91,2041.0,24.37,23.3356
Mauritius,Potatoes,2013,236026,671.77,2041.0,24.31,23.6026
Mauritius,"Rice, paddy",1990,63333,889.0,2041.0,23.84,6.3333
Mauritius,"Rice, paddy",1991,50000,788.43,2041.0,24.14,5.0
Mauritius,"Rice, paddy",1992,50000,687.86,2041.0,23.81,5.0
Mauritius,"Rice, paddy",2008,30688,781.32,2041.0,24.19,3.0688
Mauritius,"Rice, paddy",2009,29513,749.41,2041.0,24.58,2.9513
Mauritius,"Rice, paddy",2010,28354,731.46,2041.0,24.67,2.8354
Mauritius,"Rice, paddy",2011,26333,685.98,2041.0,24.52,2.6333
Mauritius,"Rice, paddy",2012,26893,636.91,2041.0,24.37,2.6893
Mauritius,"Rice, paddy",2013,21250,671.77,2041.0,24.31,2.125
Mauritius,Sweet potatoes,1990,75581,889.0,2041.0,23.84,7.5581
Mauritius,Sweet potatoes,1991,75556,788.43,2041.0,24.14,7.5556
Mauritius,Sweet potatoes,1992,110000,687.86,2041.0,23.81,11.0
Mauritius,Sweet potatoes,1993,118929,587.29,2041.0,23.91,11.8929
Mauritius,Sweet potatoes,1994,135000,486.72,2041.0,24.17,13.5
Mauritius,Sweet potatoes,1995,130000,493.82,2041.0,24.02,13.0
Mauritius,Sweet potatoes,1996,150000,517.61,2041.0,23.89,15.0
Mauritius,Sweet potatoes,1997,150476,544.55,2041.0,24.1,15.0476
Mauritius,Sweet potatoes,1998,118750,536.45,2041.0,24.41,11.875
Mauritius,Sweet potatoes,1999,114286,501.85,2041.0,24.11,11.4286
Mauritius,Sweet potatoes,2000,135625,535.66,2041.0,24.0,13.5625
Mauritius,Sweet potatoes,2001,135000,603.16,2041.0,24.49,13.5
Mauritius,Sweet potatoes,2002,112727,606.85,2041.0,24.4,11.2727
Mauritius,Sweet potatoes,2004,108333,697.91,2041.0,24.25,10.8333
Mauritius,Sweet potatoes,2005,97313,698.23,2041.0,24.16,9.7313
Mauritius,Sweet potatoes,2006,70345,623.96,2041.0,24.32,7.0345
Mauritius,Sweet potatoes,2007,101266,644.12,2041.0,24.28,10.1266
Mauritius,Sweet potatoes,2008,112535,781.32,2041.0,24.19,11.2535
Mauritius,Sweet potatoes,2009,123377,749.41,2041.0,24.58,12.3377
Mauritius,Sweet potatoes,2010,114143,731.46,2041.0,24.67,11.4143
Mauritius,Sweet potatoes,2011,174769,685.98,2041.0,24.52,17.4769
Mauritius,Sweet potatoes,2012,152500,636.91,2041.0,24.37,15.25
Mauritius,Sweet potatoes,2013,133049,671.77,2041.0,24.31,13.3049
Mexico,Cassava,1990,75504,34468.93,758.0,20.24125,7.5504
Mexico,Cassava,1991,78776,34468.93,758.0,20.12,7.8776
Mexico,Cassava,1992,93194,34468.93,758.0,20.1175,9.3194
Mexico,Cassava,1993,81739,34468.93,758.0,20.165,8.1739
Mexico,Cassava,1994,75260,34468.93,758.0,20.39875,7.526
Mexico,Cassava,1995,109610,34468.93,758.0,20.57375,10.961
Mexico,Cassava,1996,77192,34468.93,758.0,20.43375,7.7192
Mexico,Cassava,1997,96021,34468.93,758.0,20.35,9.6021
Mexico,Cassava,1998,117046,34468.93,758.0,20.5225,11.7046
Mexico,Cassava,1999,136634,34468.93,758.0,20.169999999999998,13.6634
Mexico,Cassava,2000,113284,34468.93,758.0,20.37,11.3284
Mexico,Cassava,2001,153208,31373.3,758.0,20.24875,15.3208
Mexico,Cassava,2002,150988,16189.88,758.0,20.36875,15.0988
Mexico,Cassava,2004,141677,26433.14,758.0,20.27125,14.1677
Mexico,Cassava,2005,126099,51741.99,758.0,20.56375,12.6099
Mexico,Cassava,2006,137648,50891.95,758.0,20.63875,13.7648
Mexico,Cassava,2007,122745,64501.28,758.0,20.35125,12.2745
Mexico,Cassava,2008,143579,61732.11,758.0,20.40375,14.3579
Mexico,Cassava,2009,143440,61690.08,758.0,20.785,14.344
Mexico,Cassava,2010,131579,63402.29,758.0,19.98625,13.1579
Mexico,Cassava,2011,127352,65961.1,758.0,20.5225,12.7352
Mexico,Cassava,2012,122330,64512.22,758.0,20.74875,12.233
Mexico,Cassava,2013,146398,59920.18,758.0,21.345,14.6398
Mexico,Maize,1990,19942,34468.93,758.0,20.24125,1.9942
Mexico,Maize,1991,20515,34468.93,758.0,20.12,2.0515
Mexico,Maize,1992,23450,34468.93,758.0,20.1175,2.345
Mexico,Maize,1993,24401,34468.93,758.0,20.165,2.4401
Mexico,Maize,1994,22255,34468.93,758.0,20.39875,2.2255
Mexico,Maize,1995,22883,34468.93,758.0,20.57375,2.2883
Mexico,Maize,1996,22387,34468.93,758.0,20.43375,2.2387
Mexico,Maize,1997,23840,34468.93,758.0,20.35,2.384
Mexico,Maize,1998,23429,34468.93,758.0,20.5225,2.3429
Mexico,Maize,1999,24720,34468.93,758.0,20.169999999999998,2.472
Mexico,Maize,2000,24620,34468.93,758.0,20.37,2.462
Mexico,Maize,2001,25777,31373.3,758.0,20.24875,2.5777
Mexico,Maize,2002,27105,16189.88,758.0,20.36875,2.7105
Mexico,Maize,2004,28188,26433.14,758.0,20.27125,2.8188
Mexico,Maize,2005,29276,51741.99,758.0,20.56375,2.9276
Mexico,Maize,2006,30012,50891.95,758.0,20.63875,3.0012
Mexico,Maize,2007,32063,64501.28,758.0,20.35125,3.2063
Mexico,Maize,2008,33071,61732.11,758.0,20.40375,3.3071
Mexico,Maize,2009,32368,61690.08,758.0,20.785,3.2368
Mexico,Maize,2010,32599,63402.29,758.0,19.98625,3.2599
Mexico,Maize,2011,29058,65961.1,758.0,20.5225,2.9058
Mexico,Maize,2012,31874,64512.22,758.0,20.74875,3.1874
Mexico,Maize,2013,31941,59920.18,758.0,21.345,3.1941
Mexico,Potatoes,1990,158256,34468.93,758.0,20.24125,15.8256
Mexico,Potatoes,1991,162351,34468.93,758.0,20.12,16.2351
Mexico,Potatoes,1992,168178,34468.93,758.0,20.1175,16.8178
Mexico,Potatoes,1993,168931,34468.93,758.0,20.165,16.8931
Mexico,Potatoes,1994,190845,34468.93,758.0,20.39875,19.0845
Mexico,Potatoes,1995,199803,34468.93,758.0,20.57375,19.9803
Mexico,Potatoes,1996,204570,34468.93,758.0,20.43375,20.457
Mexico,Potatoes,1997,208520,34468.93,758.0,20.35,20.852
Mexico,Potatoes,1998,204955,34468.93,758.0,20.5225,20.4955
Mexico,Potatoes,1999,223519,34468.93,758.0,20.169999999999998,22.3519
Mexico,Potatoes,2000,239420,34468.93,758.0,20.37,23.942
Mexico,Potatoes,2001,237799,31373.3,758.0,20.24875,23.7799
Mexico,Potatoes,2002,237558,16189.88,758.0,20.36875,23.7558
Mexico,Potatoes,2004,242399,26433.14,758.0,20.27125,24.2399
Mexico,Potatoes,2005,259662,51741.99,758.0,20.56375,25.9662
Mexico,Potatoes,2006,248610,50891.95,758.0,20.63875,24.861
Mexico,Potatoes,2007,270565,64501.28,758.0,20.35125,27.0565
Mexico,Potatoes,2008,277258,61732.11,758.0,20.40375,27.7258
Mexico,Potatoes,2009,277374,61690.08,758.0,20.785,27.7374
Mexico,Potatoes,2010,277578,63402.29,758.0,19.98625,27.7578
Mexico,Potatoes,2011,262734,65961.1,758.0,20.5225,26.2734
Mexico,Potatoes,2012,268098,64512.22,758.0,20.74875,26.8098
Mexico,Potatoes,2013,267752,59920.18,758.0,21.345,26.7752
Mexico,"Rice, paddy",1990,37418,34468.93,758.0,20.24125,3.7418
Mexico,"Rice, paddy",1991,40954,34468.93,758.0,20.12,4.0954
Mexico,"Rice, paddy",1992,43577,34468.93,758.0,20.1175,4.3577
Mexico,"Rice, paddy",1993,48725,34468.93,758.0,20.165,4.8725
Mexico,"Rice, paddy",1994,42555,34468.93,758.0,20.39875,4.2555
Mexico,"Rice, paddy",1995,46792,34468.93,758.0,20.57375,4.6792
Mexico,"Rice, paddy",1996,45412,34468.93,758.0,20.43375,4.5412
Mexico,"Rice, paddy",1997,41365,34468.93,758.0,20.35,4.1365
Mexico,"Rice, paddy",1998,45108,34468.93,758.0,20.5225,4.5108
Mexico,"Rice, paddy",1999,47762,34468.93,758.0,20.169999999999998,4.7762
Mexico,"Rice, paddy",2000,41805,34468.93,758.0,20.37,4.1805
Mexico,"Rice, paddy",2001,42576,31373.3,758.0,20.24875,4.2576
Mexico,"Rice, paddy",2002,45027,16189.88,758.0,20.36875,4.5027
Mexico,"Rice, paddy",2004,44631,26433.14,758.0,20.27125,4.4631
Mexico,"Rice, paddy",2005,50653,51741.99,758.0,20.56375,5.0653
Mexico,"Rice, paddy",2006,47857,50891.95,758.0,20.63875,4.7857
Mexico,"Rice, paddy",2007,41536,64501.28,758.0,20.35125,4.1536
Mexico,"Rice, paddy",2008,44619,61732.11,758.0,20.40375,4.4619
Mexico,"Rice, paddy",2009,48502,61690.08,758.0,20.785,4.8502
Mexico,"Rice, paddy",2010,51901,63402.29,758.0,19.98625,5.1901
Mexico,"Rice, paddy",2011,50962,65961.1,758.0,20.5225,5.0962
Mexico,"Rice, paddy",2012,56231,64512.22,758.0,20.74875,5.6231
Mexico,"Rice, paddy",2013,54252,59920.18,758.0,21.345,5.4252
Mexico,Sorghum,1990,32888,34468.93,758.0,20.24125,3.2888
Mexico,Sorghum,1991,31195,34468.93,758.0,20.12,3.1195
Mexico,Sorghum,1992,38910,34468.93,758.0,20.1175,3.891
Mexico,Sorghum,1993,29408,34468.93,758.0,20.165,2.9408
Mexico,Sorghum,1994,29566,34468.93,758.0,20.39875,2.9566
Mexico,Sorghum,1995,30385,34468.93,758.0,20.57375,3.0385
Mexico,Sorghum,1996,31169,34468.93,758.0,20.43375,3.1169
Mexico,Sorghum,1997,30423,34468.93,758.0,20.35,3.0423
Mexico,Sorghum,1998,33152,34468.93,758.0,20.5225,3.3152
Mexico,Sorghum,1999,29901,34468.93,758.0,20.169999999999998,2.9901
Mexico,Sorghum,2000,30762,34468.93,758.0,20.37,3.0762
Mexico,Sorghum,2001,33800,31373.3,758.0,20.24875,3.38
Mexico,Sorghum,2002,29859,16189.88,758.0,20.36875,2.9859
Mexico,Sorghum,2004,38223,26433.14,758.0,20.27125,3.8223
Mexico,Sorghum,2005,34544,51741.99,758.0,20.56375,3.4544
Mexico,Sorghum,2006,34481,50891.95,758.0,20.63875,3.4481
Mexico,Sorghum,2007,34947,64501.28,758.0,20.35125,3.4947
Mexico,Sorghum,2008,35965,61732.11,758.0,20.40375,3.5965
Mexico,Sorghum,2009,36131,61690.08,758.0,20.785,3.6131
Mexico,Sorghum,2010,39246,63402.29,758.0,19.98625,3.9246
Mexico,Sorghum,2011,37202,65961.1,758.0,20.5225,3.7202
Mexico,Sorghum,2012,38295,64512.22,758.0,20.74875,3.8295
Mexico,Sorghum,2013,37350,59920.18,758.0,21.345,3.735
Mexico,Soybeans,1990,20145,34468.93,758.0,20.24125,2.0145
Mexico,Soybeans,1991,21218,34468.93,758.0,20.12,2.1218
Mexico,Soybeans,1992,18388,34468.93,758.0,20.1175,1.8388
Mexico,Soybeans,1993,20927,34468.93,758.0,20.165,2.0927
Mexico,Soybeans,1994,18114,34468.93,758.0,20.39875,1.8114
Mexico,Soybeans,1995,14121,34468.93,758.0,20.57375,1.4121
Mexico,Soybeans,1996,11429,34468.93,758.0,20.43375,1.1429
Mexico,Soybeans,1997,15057,34468.93,758.0,20.35,1.5057
Mexico,Soybeans,1998,15978,34468.93,758.0,20.5225,1.5978
Mexico,Soybeans,1999,16366,34468.93,758.0,20.169999999999998,1.6366
Mexico,Soybeans,2000,14623,34468.93,758.0,20.37,1.4623
Mexico,Soybeans,2001,16503,31373.3,758.0,20.24875,1.6503
Mexico,Soybeans,2002,15318,16189.88,758.0,20.36875,1.5318
Mexico,Soybeans,2004,15010,26433.14,758.0,20.27125,1.501
Mexico,Soybeans,2005,19450,51741.99,758.0,20.56375,1.945
Mexico,Soybeans,2006,14962,50891.95,758.0,20.63875,1.4962
Mexico,Soybeans,2007,14121,64501.28,758.0,20.35125,1.4121
Mexico,Soybeans,2008,20196,61732.11,758.0,20.40375,2.0196
Mexico,Soybeans,2009,18675,61690.08,758.0,20.785,1.8675
Mexico,Soybeans,2010,10925,63402.29,758.0,19.98625,1.0925
Mexico,Soybeans,2011,13197,65961.1,758.0,20.5225,1.3197
Mexico,Soybeans,2012,17389,64512.22,758.0,20.74875,1.7389
Mexico,Soybeans,2013,15198,59920.18,758.0,21.345,1.5198
Mexico,Sweet potatoes,1990,167541,34468.93,758.0,20.24125,16.7541
Mexico,Sweet potatoes,1991,174848,34468.93,758.0,20.12,17.4848
Mexico,Sweet potatoes,1992,202929,34468.93,758.0,20.1175,20.2929
Mexico,Sweet potatoes,1993,185676,34468.93,758.0,20.165,18.5676
Mexico,Sweet potatoes,1994,198359,34468.93,758.0,20.39875,19.8359
Mexico,Sweet potatoes,1995,174581,34468.93,758.0,20.57375,17.4581
Mexico,Sweet potatoes,1996,185891,34468.93,758.0,20.43375,18.5891
Mexico,Sweet potatoes,1997,209597,34468.93,758.0,20.35,20.9597
Mexico,Sweet potatoes,1998,187500,34468.93,758.0,20.5225,18.75
Mexico,Sweet potatoes,1999,193104,34468.93,758.0,20.169999999999998,19.3104
Mexico,Sweet potatoes,2000,188160,34468.93,758.0,20.37,18.816
Mexico,Sweet potatoes,2001,199853,31373.3,758.0,20.24875,19.9853
Mexico,Sweet potatoes,2002,184236,16189.88,758.0,20.36875,18.4236
Mexico,Sweet potatoes,2004,218597,26433.14,758.0,20.27125,21.8597
Mexico,Sweet potatoes,2005,214928,51741.99,758.0,20.56375,21.4928
Mexico,Sweet potatoes,2006,212942,50891.95,758.0,20.63875,21.2942
Mexico,Sweet potatoes,2007,204599,64501.28,758.0,20.35125,20.4599
Mexico,Sweet potatoes,2008,215028,61732.11,758.0,20.40375,21.5028
Mexico,Sweet potatoes,2009,190454,61690.08,758.0,20.785,19.0454
Mexico,Sweet potatoes,2010,206653,63402.29,758.0,19.98625,20.6653
Mexico,Sweet potatoes,2011,201465,65961.1,758.0,20.5225,20.1465
Mexico,Sweet potatoes,2012,175168,64512.22,758.0,20.74875,17.5168
Mexico,Sweet potatoes,2013,183965,59920.18,758.0,21.345,18.3965
Mexico,Wheat,1990,42143,34468.93,758.0,20.24125,4.2143
Mexico,Wheat,1991,41272,34468.93,758.0,20.12,4.1272
Mexico,Wheat,1992,39530,34468.93,758.0,20.1175,3.953
Mexico,Wheat,1993,40821,34468.93,758.0,20.165,4.0821
Mexico,Wheat,1994,43034,34468.93,758.0,20.39875,4.3034
Mexico,Wheat,1995,37320,34468.93,758.0,20.57375,3.732
Mexico,Wheat,1996,41706,34468.93,758.0,20.43375,4.1706
Mexico,Wheat,1997,47347,34468.93,758.0,20.35,4.7347
Mexico,Wheat,1998,42077,34468.93,758.0,20.5225,4.2077
Mexico,Wheat,1999,46310,34468.93,758.0,20.169999999999998,4.631
Mexico,Wheat,2000,49355,34468.93,758.0,20.37,4.9355
Mexico,Wheat,2001,47661,31373.3,758.0,20.24875,4.7661
Mexico,Wheat,2002,50999,16189.88,758.0,20.36875,5.0999
Mexico,Wheat,2004,44871,26433.14,758.0,20.27125,4.4871
Mexico,Wheat,2005,47517,51741.99,758.0,20.56375,4.7517
Mexico,Wheat,2006,52274,50891.95,758.0,20.63875,5.2274
Mexico,Wheat,2007,50824,64501.28,758.0,20.35125,5.0824
Mexico,Wheat,2008,50134,61732.11,758.0,20.40375,5.0134
Mexico,Wheat,2009,49688,61690.08,758.0,20.785,4.9688
Mexico,Wheat,2010,54185,63402.29,758.0,19.98625,5.4185
Mexico,Wheat,2011,54778,65961.1,758.0,20.5225,5.4778
Mexico,Wheat,2012,56568,64512.22,758.0,20.74875,5.6568
Mexico,Wheat,2013,52934,59920.18,758.0,21.345,5.2934
Montenegro,Maize,2006,32588,0.55,241.0,10.56,3.2588
Montenegro,Maize,2007,25000,0.55,241.0,11.59,2.5
Montenegro,Maize,2008,36000,0.55,241.0,11.62,3.6
Montenegro,Maize,2009,38009,0.55,241.0,11.46,3.8009
Montenegro,Maize,2010,37950,66.0,241.0,11.25,3.795
Montenegro,Maize,2011,42007,75.0,241.0,11.25,4.2007
Montenegro,Maize,2012,32007,71.0,241.0,11.53,3.2007
Montenegro,Maize,2013,51775,82.0,241.0,12.87,5.1775
Montenegro,Potatoes,2006,130448,0.55,241.0,10.56,13.0448
Montenegro,Potatoes,2007,105037,0.55,241.0,11.59,10.5037
Montenegro,Potatoes,2008,130981,0.55,241.0,11.62,13.0981
Montenegro,Potatoes,2009,150977,0.55,241.0,11.46,15.0977
Montenegro,Potatoes,2010,145964,66.0,241.0,11.25,14.5964
Montenegro,Potatoes,2011,165000,75.0,241.0,11.25,16.5
Montenegro,Potatoes,2012,118033,71.0,241.0,11.53,11.8033
Montenegro,Potatoes,2013,149004,82.0,241.0,12.87,14.9004
Montenegro,Wheat,2006,30903,0.55,241.0,10.56,3.0903
Montenegro,Wheat,2007,24026,0.55,241.0,11.59,2.4026
Montenegro,Wheat,2008,35016,0.55,241.0,11.62,3.5016
Montenegro,Wheat,2009,35981,0.55,241.0,11.46,3.5981
Montenegro,Wheat,2010,34029,66.0,241.0,11.25,3.4029
Montenegro,Wheat,2011,32024,75.0,241.0,11.25,3.2024
Montenegro,Wheat,2012,27984,71.0,241.0,11.53,2.7984
Montenegro,Wheat,2013,34357,82.0,241.0,12.87,3.4357
Morocco,Maize,1990,11598,9364.0,346.0,18.23,1.1598
Morocco,Maize,1991,8700,9771.14,346.0,17.36,0.87
Morocco,Maize,1992,4753,10178.29,346.0,17.47,0.4753
Morocco,Maize,1993,2065,10585.43,346.0,17.025,0.2065
Morocco,Maize,1994,6261,10992.57,346.0,17.93,0.6261
Morocco,Maize,1995,1303,11399.71,346.0,18.64,0.1303
Morocco,Maize,1996,9274,11806.86,346.0,17.86,0.9274
Morocco,Maize,1997,10984,12214.0,346.0,18.479999999999997,1.0984
Morocco,Maize,1998,6468,12621.14,346.0,18.225,0.6468
Morocco,Maize,1999,4120,13028.29,346.0,17.78,0.412
Morocco,Maize,2000,4000,13435.43,346.0,18.15,0.4
Morocco,Maize,2001,2107,13842.57,346.0,18.645,0.2107
Morocco,Maize,2002,7494,14249.71,346.0,18.22,0.7494
Morocco,Maize,2004,9152,15064.0,346.0,18.14,0.9152
Morocco,Maize,2005,2036,13966.0,346.0,18.165,0.2036
Morocco,Maize,2006,12198,13697.0,346.0,18.445,1.2198
Morocco,Maize,2007,4155,13697.0,346.0,17.96,0.4155
Morocco,Maize,2008,5515,13697.0,346.0,17.880000000000003,0.5515
Morocco,Maize,2009,9151,13697.0,346.0,18.645,0.9151
Morocco,Maize,2010,12132,13697.0,346.0,18.85,1.2132
Morocco,Maize,2011,11533,13697.0,346.0,18.560000000000002,1.1533
Morocco,Maize,2012,7648,13697.0,346.0,18.22,0.7648
Morocco,Maize,2013,6632,13697.0,346.0,18.705,0.6632
Morocco,Potatoes,1990,171851,9364.0,346.0,18.23,17.1851
Morocco,Potatoes,1991,171948,9771.14,346.0,17.36,17.1948
Morocco,Potatoes,1992,151411,10178.29,346.0,17.47,15.1411
Morocco,Potatoes,1993,156153,10585.43,346.0,17.025,15.6153
Morocco,Potatoes,1994,176522,10992.57,346.0,17.93,17.6522
Morocco,Potatoes,1995,166304,11399.71,346.0,18.64,16.6304
Morocco,Potatoes,1996,190473,11806.86,346.0,17.86,19.0473
Morocco,Potatoes,1997,178706,12214.0,346.0,18.479999999999997,17.8706
Morocco,Potatoes,1998,190427,12621.14,346.0,18.225,19.0427
Morocco,Potatoes,1999,183361,13028.29,346.0,17.78,18.3361
Morocco,Potatoes,2000,180193,13435.43,346.0,18.15,18.0193
Morocco,Potatoes,2001,187740,13842.57,346.0,18.645,18.774
Morocco,Potatoes,2002,231985,14249.71,346.0,18.22,23.1985
Morocco,Potatoes,2004,241650,15064.0,346.0,18.14,24.165
Morocco,Potatoes,2005,238090,13966.0,346.0,18.165,23.809
Morocco,Potatoes,2006,263272,13697.0,346.0,18.445,26.3272
Morocco,Potatoes,2007,247975,13697.0,346.0,17.96,24.7975
Morocco,Potatoes,2008,244675,13697.0,346.0,17.880000000000003,24.4675
Morocco,Potatoes,2009,195328,13697.0,346.0,18.645,19.5328
Morocco,Potatoes,2010,283502,13697.0,346.0,18.85,28.3502
Morocco,Potatoes,2011,297584,13697.0,346.0,18.560000000000002,29.7584
Morocco,Potatoes,2012,279800,13697.0,346.0,18.22,27.98
Morocco,Potatoes,2013,363561,13697.0,346.0,18.705,36.3561
Morocco,"Rice, paddy",1990,41750,9364.0,346.0,18.23,4.175
Morocco,"Rice, paddy",1991,38406,9771.14,346.0,17.36,3.8406
Morocco,"Rice, paddy",1992,30694,10178.29,346.0,17.47,3.0694
Morocco,"Rice, paddy",1993,50000,10585.43,346.0,17.025,5.0
Morocco,"Rice, paddy",1994,65000,10992.57,346.0,17.93,6.5
Morocco,"Rice, paddy",1995,49571,11399.71,346.0,18.64,4.9571
Morocco,"Rice, paddy",1996,58000,11806.86,346.0,17.86,5.8
Morocco,"Rice, paddy",1997,37256,12214.0,346.0,18.479999999999997,3.7256
Morocco,"Rice, paddy",1998,54108,12621.14,346.0,18.225,5.4108
Morocco,"Rice, paddy",1999,45000,13028.29,346.0,17.78,4.5
Morocco,"Rice, paddy",2000,45000,13435.43,346.0,18.15,4.5
Morocco,"Rice, paddy",2001,52773,13842.57,346.0,18.645,5.2773
Morocco,"Rice, paddy",2002,41453,14249.71,346.0,18.22,4.1453
Morocco,"Rice, paddy",2004,67045,15064.0,346.0,18.14,6.7045
Morocco,"Rice, paddy",2005,68000,13966.0,346.0,18.165,6.8
Morocco,"Rice, paddy",2006,68000,13697.0,346.0,18.445,6.8
Morocco,"Rice, paddy",2007,73667,13697.0,346.0,17.96,7.3667
Morocco,"Rice, paddy",2008,69563,13697.0,346.0,17.880000000000003,6.9563
Morocco,"Rice, paddy",2009,64154,13697.0,346.0,18.645,6.4154
Morocco,"Rice, paddy",2010,68270,13697.0,346.0,18.85,6.827
Morocco,"Rice, paddy",2011,70236,13697.0,346.0,18.560000000000002,7.0236
Morocco,"Rice, paddy",2012,76015,13697.0,346.0,18.22,7.6015
Morocco,"Rice, paddy",2013,75433,13697.0,346.0,18.705,7.5433
Morocco,Sorghum,1990,5496,9364.0,346.0,18.23,0.5496
Morocco,Sorghum,1991,4712,9771.14,346.0,17.36,0.4712
Morocco,Sorghum,1992,5558,10178.29,346.0,17.47,0.5558
Morocco,Sorghum,1993,7545,10585.43,346.0,17.025,0.7545
Morocco,Sorghum,1994,4719,10992.57,346.0,17.93,0.4719
Morocco,Sorghum,1995,866,11399.71,346.0,18.64,0.0866
Morocco,Sorghum,1996,6055,11806.86,346.0,17.86,0.6055
Morocco,Sorghum,1997,5338,12214.0,346.0,18.479999999999997,0.5338
Morocco,Sorghum,1998,7019,12621.14,346.0,18.225,0.7019
Morocco,Sorghum,1999,6264,13028.29,346.0,17.78,0.6264
Morocco,Sorghum,2000,7205,13435.43,346.0,18.15,0.7205
Morocco,Sorghum,2001,5845,13842.57,346.0,18.645,0.5845
Morocco,Sorghum,2002,4982,14249.71,346.0,18.22,0.4982
Morocco,Sorghum,2004,8233,15064.0,346.0,18.14,0.8233
Morocco,Sorghum,2005,5451,13966.0,346.0,18.165,0.5451
Morocco,Sorghum,2006,7841,13697.0,346.0,18.445,0.7841
Morocco,Sorghum,2007,6234,13697.0,346.0,17.96,0.6234
Morocco,Sorghum,2008,8683,13697.0,346.0,17.880000000000003,0.8683
Morocco,Sorghum,2009,8878,13697.0,346.0,18.645,0.8878
Morocco,Sorghum,2010,6632,13697.0,346.0,18.85,0.6632
Morocco,Sorghum,2011,8011,13697.0,346.0,18.560000000000002,0.8011
Morocco,Sorghum,2012,9475,13697.0,346.0,18.22,0.9475
Morocco,Sorghum,2013,10637,13697.0,346.0,18.705,1.0637
Morocco,Soybeans,1990,16181,9364.0,346.0,18.23,1.6181
Morocco,Soybeans,1991,14178,9771.14,346.0,17.36,1.4178
Morocco,Soybeans,1992,11944,10178.29,346.0,17.47,1.1944
Morocco,Soybeans,1993,10000,10585.43,346.0,17.025,1.0
Morocco,Soybeans,1994,13755,10992.57,346.0,17.93,1.3755
Morocco,Soybeans,1995,13367,11399.71,346.0,18.64,1.3367
Morocco,Soybeans,1996,24600,11806.86,346.0,17.86,2.46
Morocco,Soybeans,1997,10000,12214.0,346.0,18.479999999999997,1.0
Morocco,Soybeans,1998,4000,12621.14,346.0,18.225,0.4
Morocco,Soybeans,1999,11200,13028.29,346.0,17.78,1.12
Morocco,Soybeans,2000,12000,13435.43,346.0,18.15,1.2
Morocco,Soybeans,2001,10000,13842.57,346.0,18.645,1.0
Morocco,Soybeans,2002,10000,14249.71,346.0,18.22,1.0
Morocco,Soybeans,2004,10000,15064.0,346.0,18.14,1.0
Morocco,Soybeans,2005,10000,13966.0,346.0,18.165,1.0
Morocco,Soybeans,2006,10000,13697.0,346.0,18.445,1.0
Morocco,Soybeans,2007,10000,13697.0,346.0,17.96,1.0
Morocco,Soybeans,2008,10000,13697.0,346.0,17.880000000000003,1.0
Morocco,Soybeans,2009,10000,13697.0,346.0,18.645,1.0
Morocco,Soybeans,2010,10000,13697.0,346.0,18.85,1.0
Morocco,Soybeans,2011,10000,13697.0,346.0,18.560000000000002,1.0
Morocco,Soybeans,2012,10000,13697.0,346.0,18.22,1.0
Morocco,Soybeans,2013,10000,13697.0,346.0,18.705,1.0
Morocco,Sweet potatoes,1990,155421,9364.0,346.0,18.23,15.5421
Morocco,Sweet potatoes,1991,156000,9771.14,346.0,17.36,15.6
Morocco,Sweet potatoes,1992,155000,10178.29,346.0,17.47,15.5
Morocco,Sweet potatoes,1993,150000,10585.43,346.0,17.025,15.0
Morocco,Sweet potatoes,1994,154663,10992.57,346.0,17.93,15.4663
Morocco,Sweet potatoes,1995,156909,11399.71,346.0,18.64,15.6909
Morocco,Sweet potatoes,1996,163636,11806.86,346.0,17.86,16.3636
Morocco,Sweet potatoes,1997,181882,12214.0,346.0,18.479999999999997,18.1882
Morocco,Sweet potatoes,1998,184706,12621.14,346.0,18.225,18.4706
Morocco,Sweet potatoes,1999,133761,13028.29,346.0,17.78,13.3761
Morocco,Sweet potatoes,2000,166275,13435.43,346.0,18.15,16.6275
Morocco,Sweet potatoes,2001,123061,13842.57,346.0,18.645,12.3061
Morocco,Sweet potatoes,2002,136703,14249.71,346.0,18.22,13.6703
Morocco,Sweet potatoes,2004,157333,15064.0,346.0,18.14,15.7333
Morocco,Sweet potatoes,2005,129483,13966.0,346.0,18.165,12.9483
Morocco,Sweet potatoes,2006,179115,13697.0,346.0,18.445,17.9115
Morocco,Sweet potatoes,2007,178351,13697.0,346.0,17.96,17.8351
Morocco,Sweet potatoes,2008,174320,13697.0,346.0,17.880000000000003,17.432
Morocco,Sweet potatoes,2009,170964,13697.0,346.0,18.645,17.0964
Morocco,Sweet potatoes,2010,166600,13697.0,346.0,18.85,16.66
Morocco,Sweet potatoes,2011,213115,13697.0,346.0,18.560000000000002,21.3115
Morocco,Sweet potatoes,2012,270783,13697.0,346.0,18.22,27.0783
Morocco,Sweet potatoes,2013,245134,13697.0,346.0,18.705,24.5134
Morocco,Wheat,1990,13290,9364.0,346.0,18.23,1.329
Morocco,Wheat,1991,18699,9771.14,346.0,17.36,1.8699
Morocco,Wheat,1992,7011,10178.29,346.0,17.47,0.7011
Morocco,Wheat,1993,6808,10585.43,346.0,17.025,0.6808
Morocco,Wheat,1994,18111,10992.57,346.0,17.93,1.8111
Morocco,Wheat,1995,5543,11399.71,346.0,18.64,0.5543
Morocco,Wheat,1996,18415,11806.86,346.0,17.86,1.8415
Morocco,Wheat,1997,9292,12214.0,346.0,18.479999999999997,0.9292
Morocco,Wheat,1998,14184,12621.14,346.0,18.225,1.4184
Morocco,Wheat,1999,8004,13028.29,346.0,17.78,0.8004
Morocco,Wheat,2000,4758,13435.43,346.0,18.15,0.4758
Morocco,Wheat,2001,12280,13842.57,346.0,18.645,1.228
Morocco,Wheat,2002,12793,14249.71,346.0,18.22,1.2793
Morocco,Wheat,2004,18082,15064.0,346.0,18.14,1.8082
Morocco,Wheat,2005,10261,13966.0,346.0,18.165,1.0261
Morocco,Wheat,2006,20365,13697.0,346.0,18.445,2.0365
Morocco,Wheat,2007,6154,13697.0,346.0,17.96,0.6154
Morocco,Wheat,2008,13189,13697.0,346.0,17.880000000000003,1.3189
Morocco,Wheat,2009,21398,13697.0,346.0,18.645,2.1398
Morocco,Wheat,2010,17095,13697.0,346.0,18.85,1.7095
Morocco,Wheat,2011,19488,13697.0,346.0,18.560000000000002,1.9488
Morocco,Wheat,2012,12342,13697.0,346.0,18.22,1.2342
Morocco,Wheat,2013,21640,13697.0,346.0,18.705,2.164
Mozambique,Cassava,1990,48612,102.26,1032.0,21.51,4.8612
Mozambique,Cassava,1991,37965,102.26,1032.0,21.77,3.7965
Mozambique,Cassava,1992,33284,102.26,1032.0,22.6,3.3284
Mozambique,Cassava,1993,41681,102.26,1032.0,22.04,4.1681
Mozambique,Cassava,1994,36899,102.26,1032.0,21.35,3.6899
Mozambique,Cassava,1995,42395,72.19,1032.0,21.89,4.2395
Mozambique,Cassava,1996,47674,65.85,1032.0,21.53,4.7674
Mozambique,Cassava,1997,53820,60.63,1032.0,21.54,5.382
Mozambique,Cassava,1998,55557,51.98,1032.0,22.22,5.5557
Mozambique,Cassava,1999,57964,43.34,1032.0,22.19,5.7964
Mozambique,Cassava,2000,57911,34.69,1032.0,21.51,5.7911
Mozambique,Cassava,2001,71627,26.05,1032.0,21.94,7.1627
Mozambique,Cassava,2002,48556,17.4,1032.0,21.96,4.8556
Mozambique,Cassava,2004,60017,572.99,1032.0,21.89,6.0017
Mozambique,Cassava,2005,43155,770.88,1032.0,22.27,4.3155
Mozambique,Cassava,2006,63907,891.54,1032.0,21.68,6.3907
Mozambique,Cassava,2007,49902,547.31,1032.0,21.91,4.9902
Mozambique,Cassava,2008,40254,890.47,1032.0,21.76,4.0254
Mozambique,Cassava,2009,45215,914.92,1032.0,21.7,4.5215
Mozambique,Cassava,2010,77638,1187.1,1032.0,22.1,7.7638
Mozambique,Cassava,2011,78029,766.93,1032.0,21.69,7.8029
Mozambique,Cassava,2012,107501,766.93,1032.0,21.92,10.7501
Mozambique,Cassava,2013,46115,766.93,1032.0,21.37,4.6115
Mozambique,Maize,1990,4480,102.26,1032.0,21.51,0.448
Mozambique,Maize,1991,3241,102.26,1032.0,21.77,0.3241
Mozambique,Maize,1992,1587,102.26,1032.0,22.6,0.1587
Mozambique,Maize,1993,6332,102.26,1032.0,22.04,0.6332
Mozambique,Maize,1994,5207,102.26,1032.0,21.35,0.5207
Mozambique,Maize,1995,6794,72.19,1032.0,21.89,0.6794
Mozambique,Maize,1996,9395,65.85,1032.0,21.53,0.9395
Mozambique,Maize,1997,9033,60.63,1032.0,21.54,0.9033
Mozambique,Maize,1998,9006,51.98,1032.0,22.22,0.9006
Mozambique,Maize,1999,11596,43.34,1032.0,22.19,1.1596
Mozambique,Maize,2000,9399,34.69,1032.0,21.51,0.9399
Mozambique,Maize,2001,9580,26.05,1032.0,21.94,0.958
Mozambique,Maize,2002,7065,17.4,1032.0,21.96,0.7065
Mozambique,Maize,2004,8085,572.99,1032.0,21.89,0.8085
Mozambique,Maize,2005,4950,770.88,1032.0,22.27,0.495
Mozambique,Maize,2006,8387,891.54,1032.0,21.68,0.8387
Mozambique,Maize,2007,6813,547.31,1032.0,21.91,0.6813
Mozambique,Maize,2008,6177,890.47,1032.0,21.76,0.6177
Mozambique,Maize,2009,10000,914.92,1032.0,21.7,1.0
Mozambique,Maize,2010,12024,1187.1,1032.0,22.1,1.2024
Mozambique,Maize,2011,12020,766.93,1032.0,21.69,1.202
Mozambique,Maize,2012,14980,766.93,1032.0,21.92,1.498
Mozambique,Maize,2013,6814,766.93,1032.0,21.37,0.6814
Mozambique,Potatoes,1990,120710,102.26,1032.0,21.51,12.071
Mozambique,Potatoes,1991,124670,102.26,1032.0,21.77,12.467
Mozambique,Potatoes,1992,125440,102.26,1032.0,22.6,12.544
Mozambique,Potatoes,1993,126210,102.26,1032.0,22.04,12.621
Mozambique,Potatoes,1994,126980,102.26,1032.0,21.35,12.698
Mozambique,Potatoes,1995,127749,72.19,1032.0,21.89,12.7749
Mozambique,Potatoes,1996,126820,65.85,1032.0,21.53,12.682
Mozambique,Potatoes,1997,123891,60.63,1032.0,21.54,12.3891
Mozambique,Potatoes,1998,122951,51.98,1032.0,22.22,12.2951
Mozambique,Potatoes,1999,125402,43.34,1032.0,22.19,12.5402
Mozambique,Potatoes,2000,126562,34.69,1032.0,21.51,12.6562
Mozambique,Potatoes,2001,127711,26.05,1032.0,21.94,12.7711
Mozambique,Potatoes,2002,128843,17.4,1032.0,21.96,12.8843
Mozambique,Potatoes,2004,129868,572.99,1032.0,21.89,12.9868
Mozambique,Potatoes,2005,131341,770.88,1032.0,22.27,13.1341
Mozambique,Potatoes,2006,132353,891.54,1032.0,21.68,13.2353
Mozambique,Potatoes,2007,133333,547.31,1032.0,21.91,13.3333
Mozambique,Potatoes,2008,140000,890.47,1032.0,21.76,14.0
Mozambique,Potatoes,2009,145000,914.92,1032.0,21.7,14.5
Mozambique,Potatoes,2010,142467,1187.1,1032.0,22.1,14.2467
Mozambique,Potatoes,2011,142473,766.93,1032.0,21.69,14.2473
Mozambique,Potatoes,2012,143961,766.93,1032.0,21.92,14.3961
Mozambique,Potatoes,2013,135526,766.93,1032.0,21.37,13.5526
Mozambique,"Rice, paddy",1990,8747,102.26,1032.0,21.51,0.8747
Mozambique,"Rice, paddy",1991,5290,102.26,1032.0,21.77,0.529
Mozambique,"Rice, paddy",1992,2988,102.26,1032.0,22.6,0.2988
Mozambique,"Rice, paddy",1993,6225,102.26,1032.0,22.04,0.6225
Mozambique,"Rice, paddy",1994,8345,102.26,1032.0,21.35,0.8345
Mozambique,"Rice, paddy",1995,8717,72.19,1032.0,21.89,0.8717
Mozambique,"Rice, paddy",1996,9653,65.85,1032.0,21.53,0.9653
Mozambique,"Rice, paddy",1997,10904,60.63,1032.0,21.54,1.0904
Mozambique,"Rice, paddy",1998,10552,51.98,1032.0,22.22,1.0552
Mozambique,"Rice, paddy",1999,10000,43.34,1032.0,22.19,1.0
Mozambique,"Rice, paddy",2000,9816,34.69,1032.0,21.51,0.9816
Mozambique,"Rice, paddy",2001,9582,26.05,1032.0,21.94,0.9582
Mozambique,"Rice, paddy",2002,2789,17.4,1032.0,21.96,0.2789
Mozambique,"Rice, paddy",2004,9604,572.99,1032.0,21.89,0.9604
Mozambique,"Rice, paddy",2005,2034,770.88,1032.0,22.27,0.2034
Mozambique,"Rice, paddy",2006,2729,891.54,1032.0,21.68,0.2729
Mozambique,"Rice, paddy",2007,2845,547.31,1032.0,21.91,0.2845
Mozambique,"Rice, paddy",2008,2836,890.47,1032.0,21.76,0.2836
Mozambique,"Rice, paddy",2009,9835,914.92,1032.0,21.7,0.9835
Mozambique,"Rice, paddy",2010,11365,1187.1,1032.0,22.1,1.1365
Mozambique,"Rice, paddy",2011,11366,766.93,1032.0,21.69,1.1366
Mozambique,"Rice, paddy",2012,5589,766.93,1032.0,21.92,0.5589
Mozambique,"Rice, paddy",2013,2824,766.93,1032.0,21.37,0.2824
Mozambique,Sorghum,1990,4329,102.26,1032.0,21.51,0.4329
Mozambique,Sorghum,1991,3356,102.26,1032.0,21.77,0.3356
Mozambique,Sorghum,1992,1689,102.26,1032.0,22.6,0.1689
Mozambique,Sorghum,1993,4130,102.26,1032.0,22.04,0.413
Mozambique,Sorghum,1994,4423,102.26,1032.0,21.35,0.4423
Mozambique,Sorghum,1995,5648,72.19,1032.0,21.89,0.5648
Mozambique,Sorghum,1996,5698,65.85,1032.0,21.53,0.5698
Mozambique,Sorghum,1997,5802,60.63,1032.0,21.54,0.5802
Mozambique,Sorghum,1998,6625,51.98,1032.0,22.22,0.6625
Mozambique,Sorghum,1999,5869,43.34,1032.0,22.19,0.5869
Mozambique,Sorghum,2000,5798,34.69,1032.0,21.51,0.5798
Mozambique,Sorghum,2001,5738,26.05,1032.0,21.94,0.5738
Mozambique,Sorghum,2002,3954,17.4,1032.0,21.96,0.3954
Mozambique,Sorghum,2004,5663,572.99,1032.0,21.89,0.5663
Mozambique,Sorghum,2005,2980,770.88,1032.0,22.27,0.298
Mozambique,Sorghum,2006,4961,891.54,1032.0,21.68,0.4961
Mozambique,Sorghum,2007,4314,547.31,1032.0,21.91,0.4314
Mozambique,Sorghum,2008,3291,890.47,1032.0,21.76,0.3291
Mozambique,Sorghum,2009,6224,914.92,1032.0,21.7,0.6224
Mozambique,Sorghum,2010,6089,1187.1,1032.0,22.1,0.6089
Mozambique,Sorghum,2011,6412,766.93,1032.0,21.69,0.6412
Mozambique,Sorghum,2012,4532,766.93,1032.0,21.92,0.4532
Mozambique,Sorghum,2013,3572,766.93,1032.0,21.37,0.3572
Mozambique,Sweet potatoes,1990,58544,102.26,1032.0,21.51,5.8544
Mozambique,Sweet potatoes,1991,65029,102.26,1032.0,21.77,6.5029
Mozambique,Sweet potatoes,1992,63415,102.26,1032.0,22.6,6.3415
Mozambique,Sweet potatoes,1993,64706,102.26,1032.0,22.04,6.4706
Mozambique,Sweet potatoes,1994,68966,102.26,1032.0,21.35,6.8966
Mozambique,Sweet potatoes,1995,64706,72.19,1032.0,21.89,6.4706
Mozambique,Sweet potatoes,1996,67442,65.85,1032.0,21.53,6.7442
Mozambique,Sweet potatoes,1997,67816,60.63,1032.0,21.54,6.7816
Mozambique,Sweet potatoes,1998,68182,51.98,1032.0,22.22,6.8182
Mozambique,Sweet potatoes,1999,72727,43.34,1032.0,22.19,7.2727
Mozambique,Sweet potatoes,2000,71667,34.69,1032.0,21.51,7.1667
Mozambique,Sweet potatoes,2001,69231,26.05,1032.0,21.94,6.9231
Mozambique,Sweet potatoes,2002,47289,17.4,1032.0,21.96,4.7289
Mozambique,Sweet potatoes,2004,72000,572.99,1032.0,21.89,7.2
Mozambique,Sweet potatoes,2005,71869,770.88,1032.0,22.27,7.1869
Mozambique,Sweet potatoes,2006,84629,891.54,1032.0,21.68,8.4629
Mozambique,Sweet potatoes,2007,98901,547.31,1032.0,21.91,9.8901
Mozambique,Sweet potatoes,2008,86946,890.47,1032.0,21.76,8.6946
Mozambique,Sweet potatoes,2009,104287,914.92,1032.0,21.7,10.4287
Mozambique,Sweet potatoes,2010,111841,1187.1,1032.0,22.1,11.1841
Mozambique,Sweet potatoes,2011,118660,766.93,1032.0,21.69,11.866
Mozambique,Sweet potatoes,2012,164573,766.93,1032.0,21.92,16.4573
Mozambique,Sweet potatoes,2013,209796,766.93,1032.0,21.37,20.9796
Mozambique,Wheat,1990,18001,102.26,1032.0,21.51,1.8001
Mozambique,Wheat,1991,15000,102.26,1032.0,21.77,1.5
Mozambique,Wheat,1992,11111,102.26,1032.0,22.6,1.1111
Mozambique,Wheat,1993,11541,102.26,1032.0,22.04,1.1541
Mozambique,Wheat,1994,11379,102.26,1032.0,21.35,1.1379
Mozambique,Wheat,1995,11314,72.19,1032.0,21.89,1.1314
Mozambique,Wheat,1996,11268,65.85,1032.0,21.53,1.1268
Mozambique,Wheat,1997,11241,60.63,1032.0,21.54,1.1241
Mozambique,Wheat,1998,11255,51.98,1032.0,22.22,1.1255
Mozambique,Wheat,1999,11297,43.34,1032.0,22.19,1.1297
Mozambique,Wheat,2000,10000,34.69,1032.0,21.51,1.0
Mozambique,Wheat,2001,10000,26.05,1032.0,21.94,1.0
Mozambique,Wheat,2002,10385,17.4,1032.0,21.96,1.0385
Mozambique,Wheat,2004,10870,572.99,1032.0,21.89,1.087
Mozambique,Wheat,2005,11071,770.88,1032.0,22.27,1.1071
Mozambique,Wheat,2006,12353,891.54,1032.0,21.68,1.2353
Mozambique,Wheat,2007,11765,547.31,1032.0,21.91,1.1765
Mozambique,Wheat,2008,12500,890.47,1032.0,21.76,1.25
Mozambique,Wheat,2009,12500,914.92,1032.0,21.7,1.25
Mozambique,Wheat,2010,13367,1187.1,1032.0,22.1,1.3367
Mozambique,Wheat,2011,17042,766.93,1032.0,21.69,1.7042
Mozambique,Wheat,2012,9958,766.93,1032.0,21.92,0.9958
Mozambique,Wheat,2013,10951,766.93,1032.0,21.37,1.0951
Namibia,Maize,1990,14871,42.0,285.0,20.4,1.4871
Namibia,Maize,1991,11950,39.0,285.0,19.92,1.195
Namibia,Maize,1992,5953,48.0,285.0,20.36,0.5953
Namibia,Maize,1993,7764,56.0,285.0,20.43,0.7764
Namibia,Maize,1994,11549,56.0,285.0,20.14,1.1549
Namibia,Maize,1995,8768,56.0,285.0,20.76,0.8768
Namibia,Maize,1996,6835,56.0,285.0,19.79,0.6835
Namibia,Maize,1997,15727,56.0,285.0,19.97,1.5727
Namibia,Maize,1998,6608,56.0,285.0,20.83,0.6608
Namibia,Maize,1999,5276,56.0,285.0,20.62,0.5276
Namibia,Maize,2000,7170,56.0,285.0,20.26,0.717
Namibia,Maize,2001,13254,56.0,285.0,20.37,1.3254
Namibia,Maize,2002,13238,56.0,285.0,20.76,1.3238
Namibia,Maize,2004,11301,56.0,285.0,21.01,1.1301
Namibia,Maize,2005,22606,56.0,285.0,20.46,2.2606
Namibia,Maize,2006,21053,56.0,285.0,19.42,2.1053
Namibia,Maize,2007,20296,56.0,285.0,20.49,2.0296
Namibia,Maize,2008,20980,56.0,285.0,20.18,2.098
Namibia,Maize,2009,21130,56.0,285.0,20.02,2.113
Namibia,Maize,2010,19882,56.0,285.0,20.62,1.9882
Namibia,Maize,2011,19297,56.0,285.0,19.26,1.9297
Namibia,Maize,2012,18999,56.0,285.0,20.11,1.8999
Namibia,Maize,2013,18683,56.0,285.0,20.73,1.8683
Namibia,Potatoes,2000,125000,56.0,285.0,20.26,12.5
Namibia,Potatoes,2001,129032,56.0,285.0,20.37,12.9032
Namibia,Potatoes,2002,130435,56.0,285.0,20.76,13.0435
Namibia,Potatoes,2004,110579,56.0,285.0,21.01,11.0579
Namibia,Potatoes,2005,113065,56.0,285.0,20.46,11.3065
Namibia,Potatoes,2006,69796,56.0,285.0,19.42,6.9796
Namibia,Potatoes,2007,127855,56.0,285.0,20.49,12.7855
Namibia,Potatoes,2008,131969,56.0,285.0,20.18,13.1969
Namibia,Potatoes,2009,130495,56.0,285.0,20.02,13.0495
Namibia,Potatoes,2010,121175,56.0,285.0,20.62,12.1175
Namibia,Potatoes,2011,119667,56.0,285.0,19.26,11.9667
Namibia,Potatoes,2012,120805,56.0,285.0,20.11,12.0805
Namibia,Potatoes,2013,120727,56.0,285.0,20.73,12.0727
Namibia,Sorghum,1990,2052,42.0,285.0,20.4,0.2052
Namibia,Sorghum,1991,3441,39.0,285.0,19.92,0.3441
Namibia,Sorghum,1992,973,48.0,285.0,20.36,0.0973
Namibia,Sorghum,1993,2333,56.0,285.0,20.43,0.2333
Namibia,Sorghum,1994,2062,56.0,285.0,20.14,0.2062
Namibia,Sorghum,1995,2933,56.0,285.0,20.76,0.2933
Namibia,Sorghum,1996,2174,56.0,285.0,19.79,0.2174
Namibia,Sorghum,1997,3740,56.0,285.0,19.97,0.374
Namibia,Sorghum,1998,1242,56.0,285.0,20.83,0.1242
Namibia,Sorghum,1999,2074,56.0,285.0,20.62,0.2074
Namibia,Sorghum,2000,4091,56.0,285.0,20.26,0.4091
Namibia,Sorghum,2001,3821,56.0,285.0,20.37,0.3821
Namibia,Sorghum,2002,1891,56.0,285.0,20.76,0.1891
Namibia,Sorghum,2004,3249,56.0,285.0,21.01,0.3249
Namibia,Sorghum,2005,2400,56.0,285.0,20.46,0.24
Namibia,Sorghum,2006,2911,56.0,285.0,19.42,0.2911
Namibia,Sorghum,2007,2399,56.0,285.0,20.49,0.2399
Namibia,Sorghum,2008,4018,56.0,285.0,20.18,0.4018
Namibia,Sorghum,2009,2382,56.0,285.0,20.02,0.2382
Namibia,Sorghum,2010,2901,56.0,285.0,20.62,0.2901
Namibia,Sorghum,2011,2931,56.0,285.0,19.26,0.2931
Namibia,Sorghum,2012,2862,56.0,285.0,20.11,0.2862
Namibia,Sorghum,2013,2860,56.0,285.0,20.73,0.286
Namibia,Wheat,1990,44250,42.0,285.0,20.4,4.425
Namibia,Wheat,1991,59000,39.0,285.0,19.92,5.9
Namibia,Wheat,1992,51933,48.0,285.0,20.36,5.1933
Namibia,Wheat,1993,43846,56.0,285.0,20.43,4.3846
Namibia,Wheat,1994,52500,56.0,285.0,20.14,5.25
Namibia,Wheat,1995,55172,56.0,285.0,20.76,5.5172
Namibia,Wheat,1996,43846,56.0,285.0,19.79,4.3846
Namibia,Wheat,1997,46361,56.0,285.0,19.97,4.6361
Namibia,Wheat,1998,49336,56.0,285.0,20.83,4.9336
Namibia,Wheat,1999,36440,56.0,285.0,20.62,3.644
Namibia,Wheat,2000,50847,56.0,285.0,20.26,5.0847
Namibia,Wheat,2001,60464,56.0,285.0,20.37,6.0464
Namibia,Wheat,2002,63724,56.0,285.0,20.76,6.3724
Namibia,Wheat,2004,41622,56.0,285.0,21.01,4.1622
Namibia,Wheat,2005,45255,56.0,285.0,20.46,4.5255
Namibia,Wheat,2006,59308,56.0,285.0,19.42,5.9308
Namibia,Wheat,2007,51342,56.0,285.0,20.49,5.1342
Namibia,Wheat,2008,61420,56.0,285.0,20.18,6.142
Namibia,Wheat,2009,67214,56.0,285.0,20.02,6.7214
Namibia,Wheat,2010,61022,56.0,285.0,20.62,6.1022
Namibia,Wheat,2011,61267,56.0,285.0,19.26,6.1267
Namibia,Wheat,2012,61692,56.0,285.0,20.11,6.1692
Namibia,Wheat,2013,62084,56.0,285.0,20.73,6.2084
Nepal,Maize,1990,16246,60.11,1500.0,15.11,1.6246
Nepal,Maize,1991,15976,60.11,1500.0,14.94,1.5976
Nepal,Maize,1992,16647,60.11,1500.0,14.95,1.6647
Nepal,Maize,1993,15984,60.11,1500.0,15.16,1.5984
Nepal,Maize,1994,16502,60.11,1500.0,15.3,1.6502
Nepal,Maize,1995,16447,60.11,1500.0,15.3,1.6447
Nepal,Maize,1996,16770,70.43,1500.0,15.37,1.677
Nepal,Maize,1997,16585,80.75,1500.0,14.5,1.6585
Nepal,Maize,1998,17112,91.07,1500.0,15.49,1.7112
Nepal,Maize,1999,16776,101.39,1500.0,15.78,1.6776
Nepal,Maize,2000,17275,111.72,1500.0,15.13,1.7275
Nepal,Maize,2001,18000,122.04,1500.0,15.41,1.8
Nepal,Maize,2002,18291,132.36,1500.0,15.44,1.8291
Nepal,Maize,2004,19059,153.0,1500.0,15.36,1.9059
Nepal,Maize,2005,20191,127.99,1500.0,15.53,2.0191
Nepal,Maize,2006,20382,128.73,1500.0,15.92,2.0382
Nepal,Maize,2007,20909,344.06,1500.0,15.54,2.0909
Nepal,Maize,2008,21590,353.43,1500.0,15.27,2.159
Nepal,Maize,2009,22054,209.52,1500.0,15.91,2.2054
Nepal,Maize,2010,21186,332.01,1500.0,15.96,2.1186
Nepal,Maize,2011,22814,342.92,1500.0,15.12,2.2814
Nepal,Maize,2012,25011,410.32,1500.0,15.2,2.5011
Nepal,Maize,2013,23528,454.53,1500.0,15.79,2.3528
Nepal,Potatoes,1990,80601,60.11,1500.0,15.11,8.0601
Nepal,Potatoes,1991,87569,60.11,1500.0,14.94,8.7569
Nepal,Potatoes,1992,85916,60.11,1500.0,14.95,8.5916
Nepal,Potatoes,1993,84268,60.11,1500.0,15.16,8.4268
Nepal,Potatoes,1994,87539,60.11,1500.0,15.3,8.7539
Nepal,Potatoes,1995,85926,60.11,1500.0,15.3,8.5926
Nepal,Potatoes,1996,84750,70.43,1500.0,15.37,8.475
Nepal,Potatoes,1997,89820,80.75,1500.0,14.5,8.982
Nepal,Potatoes,1998,84664,91.07,1500.0,15.49,8.4664
Nepal,Potatoes,1999,92599,101.39,1500.0,15.78,9.2599
Nepal,Potatoes,2000,96436,111.72,1500.0,15.13,9.6436
Nepal,Potatoes,2001,101824,122.04,1500.0,15.41,10.1824
Nepal,Potatoes,2002,109018,132.36,1500.0,15.44,10.9018
Nepal,Potatoes,2004,114898,153.0,1500.0,15.36,11.4898
Nepal,Potatoes,2005,118458,127.99,1500.0,15.53,11.8458
Nepal,Potatoes,2006,130896,128.73,1500.0,15.92,13.0896
Nepal,Potatoes,2007,126568,344.06,1500.0,15.54,12.6568
Nepal,Potatoes,2008,131100,353.43,1500.0,15.27,13.11
Nepal,Potatoes,2009,133263,209.52,1500.0,15.91,13.3263
Nepal,Potatoes,2010,135841,332.01,1500.0,15.96,13.5841
Nepal,Potatoes,2011,137352,342.92,1500.0,15.12,13.7352
Nepal,Potatoes,2012,135837,410.32,1500.0,15.2,13.5837
Nepal,Potatoes,2013,136408,454.53,1500.0,15.79,13.6408
Nepal,"Rice, paddy",1990,24067,60.11,1500.0,15.11,2.4067
Nepal,"Rice, paddy",1991,22826,60.11,1500.0,14.94,2.2826
Nepal,"Rice, paddy",1992,20481,60.11,1500.0,14.95,2.0481
Nepal,"Rice, paddy",1993,24100,60.11,1500.0,15.16,2.41
Nepal,"Rice, paddy",1994,21237,60.11,1500.0,15.3,2.1237
Nepal,"Rice, paddy",1995,23910,60.11,1500.0,15.3,2.391
Nepal,"Rice, paddy",1996,24554,70.43,1500.0,15.37,2.4554
Nepal,"Rice, paddy",1997,24170,80.75,1500.0,14.5,2.417
Nepal,"Rice, paddy",1998,24434,91.07,1500.0,15.49,2.4434
Nepal,"Rice, paddy",1999,24722,101.39,1500.0,15.78,2.4722
Nepal,"Rice, paddy",2000,27028,111.72,1500.0,15.13,2.7028
Nepal,"Rice, paddy",2001,27454,122.04,1500.0,15.41,2.7454
Nepal,"Rice, paddy",2002,26754,132.36,1500.0,15.44,2.6754
Nepal,"Rice, paddy",2004,28573,153.0,1500.0,15.36,2.8573
Nepal,"Rice, paddy",2005,27825,127.99,1500.0,15.53,2.7825
Nepal,"Rice, paddy",2006,27166,128.73,1500.0,15.92,2.7166
Nepal,"Rice, paddy",2007,25570,344.06,1500.0,15.54,2.557
Nepal,"Rice, paddy",2008,27750,353.43,1500.0,15.27,2.775
Nepal,"Rice, paddy",2009,29074,209.52,1500.0,15.91,2.9074
Nepal,"Rice, paddy",2010,27164,332.01,1500.0,15.96,2.7164
Nepal,"Rice, paddy",2011,29805,342.92,1500.0,15.12,2.9805
Nepal,"Rice, paddy",2012,33120,410.32,1500.0,15.2,3.312
Nepal,"Rice, paddy",2013,31709,454.53,1500.0,15.79,3.1709
Nepal,Soybeans,1990,6215,60.11,1500.0,15.11,0.6215
Nepal,Soybeans,1991,5964,60.11,1500.0,14.94,0.5964
Nepal,Soybeans,1992,5805,60.11,1500.0,14.95,0.5805
Nepal,Soybeans,1993,5811,60.11,1500.0,15.16,0.5811
Nepal,Soybeans,1994,5855,60.11,1500.0,15.3,0.5855
Nepal,Soybeans,1995,6540,60.11,1500.0,15.3,0.654
Nepal,Soybeans,1996,6601,70.43,1500.0,15.37,0.6601
Nepal,Soybeans,1997,6873,80.75,1500.0,14.5,0.6873
Nepal,Soybeans,1998,7311,91.07,1500.0,15.49,0.7311
Nepal,Soybeans,1999,7732,101.39,1500.0,15.78,0.7732
Nepal,Soybeans,2000,8492,111.72,1500.0,15.13,0.8492
Nepal,Soybeans,2001,8430,122.04,1500.0,15.41,0.843
Nepal,Soybeans,2002,8595,132.36,1500.0,15.44,0.8595
Nepal,Soybeans,2004,8772,153.0,1500.0,15.36,0.8772
Nepal,Soybeans,2005,8786,127.99,1500.0,15.53,0.8786
Nepal,Soybeans,2006,8909,128.73,1500.0,15.92,0.8909
Nepal,Soybeans,2007,9029,344.06,1500.0,15.54,0.9029
Nepal,Soybeans,2008,9048,353.43,1500.0,15.27,0.9048
Nepal,Soybeans,2009,9139,209.52,1500.0,15.91,0.9139
Nepal,Soybeans,2010,9206,332.01,1500.0,15.96,0.9206
Nepal,Soybeans,2011,9659,342.92,1500.0,15.12,0.9659
Nepal,Soybeans,2012,9654,410.32,1500.0,15.2,0.9654
Nepal,Soybeans,2013,11719,454.53,1500.0,15.79,1.1719
Nepal,Wheat,1990,14149,60.11,1500.0,15.11,1.4149
Nepal,Wheat,1991,14103,60.11,1500.0,14.94,1.4103
Nepal,Wheat,1992,13338,60.11,1500.0,14.95,1.3338
Nepal,Wheat,1993,12460,60.11,1500.0,15.16,1.246
Nepal,Wheat,1994,14704,60.11,1500.0,15.3,1.4704
Nepal,Wheat,1995,14416,60.11,1500.0,15.3,1.4416
Nepal,Wheat,1996,15500,70.43,1500.0,15.37,1.55
Nepal,Wheat,1997,16072,80.75,1500.0,14.5,1.6072
Nepal,Wheat,1998,15463,91.07,1500.0,15.49,1.5463
Nepal,Wheat,1999,16955,101.39,1500.0,15.78,1.6955
Nepal,Wheat,2000,17931,111.72,1500.0,15.13,1.7931
Nepal,Wheat,2001,18063,122.04,1500.0,15.41,1.8063
Nepal,Wheat,2002,18859,132.36,1500.0,15.44,1.8859
Nepal,Wheat,2004,20873,153.0,1500.0,15.36,2.0873
Nepal,Wheat,2005,21344,127.99,1500.0,15.53,2.1344
Nepal,Wheat,2006,20745,128.73,1500.0,15.92,2.0745
Nepal,Wheat,2007,21563,344.06,1500.0,15.54,2.1563
Nepal,Wheat,2008,22252,353.43,1500.0,15.27,2.2252
Nepal,Wheat,2009,19338,209.52,1500.0,15.91,1.9338
Nepal,Wheat,2010,21289,332.01,1500.0,15.96,2.1289
Nepal,Wheat,2011,22747,342.92,1500.0,15.12,2.2747
Nepal,Wheat,2012,24123,410.32,1500.0,15.2,2.4123
Nepal,Wheat,2013,22902,454.53,1500.0,15.79,2.2902
Netherlands,Maize,1990,90909,9729.0,778.0,10.63,9.0909
Netherlands,Maize,1991,80357,9338.0,778.0,9.32,8.0357
Netherlands,Maize,1992,80256,9030.0,778.0,10.39,8.0256
Netherlands,Maize,1993,90962,10505.0,778.0,9.47,9.0962
Netherlands,Maize,1994,74865,8646.0,778.0,10.45,7.4865
Netherlands,Maize,1995,70444,12601.0,778.0,10.25,7.0444
Netherlands,Maize,1996,80000,8923.0,778.0,8.32,8.0
Netherlands,Maize,1997,50394,10568.0,778.0,10.03,5.0394
Netherlands,Maize,1998,110000,11762.0,778.0,10.18,11.0
Netherlands,Maize,1999,70188,11152.0,778.0,10.74,7.0188
Netherlands,Maize,2000,110000,11382.84,778.0,10.75,11.0
Netherlands,Maize,2001,88971,9424.73,778.0,10.24,8.8971
Netherlands,Maize,2002,97046,9700.44,778.0,10.64,9.7046
Netherlands,Maize,2004,84821,10655.4,778.0,10.27,8.4821
Netherlands,Maize,2005,88201,10703.85,778.0,10.48,8.8201
Netherlands,Maize,2006,91529,10461.35,778.0,10.97,9.1529
Netherlands,Maize,2007,119482,12073.15,778.0,11.04,11.9482
Netherlands,Maize,2008,114163,10777.08,778.0,10.42,11.4163
Netherlands,Maize,2009,129954,9857.2,778.0,10.33,12.9954
Netherlands,Maize,2010,117673,9586.03,778.0,8.84,11.7673
Netherlands,Maize,2011,123355,10953.91,778.0,10.73,12.3355
Netherlands,Maize,2012,123420,11348.39,778.0,10.08,12.342
Netherlands,Maize,2013,119446,10720.17,778.0,9.54,11.9446
Netherlands,Potatoes,1990,401380,9729.0,778.0,10.63,40.138
Netherlands,Potatoes,1991,386711,9338.0,778.0,9.32,38.6711
Netherlands,Potatoes,1992,408173,9030.0,778.0,10.39,40.8173
Netherlands,Potatoes,1993,437663,10505.0,778.0,9.47,43.7663
Netherlands,Potatoes,1994,414503,8646.0,778.0,10.45,41.4503
Netherlands,Potatoes,1995,410056,12601.0,778.0,10.25,41.0056
Netherlands,Potatoes,1996,436811,8923.0,778.0,8.32,43.6811
Netherlands,Potatoes,1997,443191,10568.0,778.0,10.03,44.3191
Netherlands,Potatoes,1998,414881,11762.0,778.0,10.18,41.4881
Netherlands,Potatoes,1999,462833,11152.0,778.0,10.74,46.2833
Netherlands,Potatoes,2000,456548,11382.84,778.0,10.75,45.6548
Netherlands,Potatoes,2001,434106,9424.73,778.0,10.24,43.4106
Netherlands,Potatoes,2002,445686,9700.44,778.0,10.64,44.5686
Netherlands,Potatoes,2004,456832,10655.4,778.0,10.27,45.6832
Netherlands,Potatoes,2005,434423,10703.85,778.0,10.48,43.4423
Netherlands,Potatoes,2006,400488,10461.35,778.0,10.97,40.0488
Netherlands,Potatoes,2007,437884,12073.15,778.0,11.04,43.7884
Netherlands,Potatoes,2008,455741,10777.08,778.0,10.42,45.5741
Netherlands,Potatoes,2009,463376,9857.2,778.0,10.33,46.3376
Netherlands,Potatoes,2010,435980,9586.03,778.0,8.84,43.598
Netherlands,Potatoes,2011,460550,10953.91,778.0,10.73,46.055
Netherlands,Potatoes,2012,451734,11348.39,778.0,10.08,45.1734
Netherlands,Potatoes,2013,422075,10720.17,778.0,9.54,42.2075
Netherlands,Wheat,1990,76528,9729.0,778.0,10.63,7.6528
Netherlands,Wheat,1991,76608,9338.0,778.0,9.32,7.6608
Netherlands,Wheat,1992,80154,9030.0,778.0,10.39,8.0154
Netherlands,Wheat,1993,87712,10505.0,778.0,9.47,8.7712
Netherlands,Wheat,1994,80674,8646.0,778.0,10.45,8.0674
Netherlands,Wheat,1995,86189,12601.0,778.0,10.25,8.6189
Netherlands,Wheat,1996,89612,8923.0,778.0,8.32,8.9612
Netherlands,Wheat,1997,77309,10568.0,778.0,10.03,7.7309
Netherlands,Wheat,1998,76956,11762.0,778.0,10.18,7.6956
Netherlands,Wheat,1999,83311,11152.0,778.0,10.74,8.3311
Netherlands,Wheat,2000,83592,11382.84,778.0,10.75,8.3592
Netherlands,Wheat,2001,79447,9424.73,778.0,10.24,7.9447
Netherlands,Wheat,2002,78145,9700.44,778.0,10.64,7.8145
Netherlands,Wheat,2004,89149,10655.4,778.0,10.27,8.9149
Netherlands,Wheat,2005,85932,10703.85,778.0,10.48,8.5932
Netherlands,Wheat,2006,83940,10461.35,778.0,10.97,8.394
Netherlands,Wheat,2007,72714,12073.15,778.0,11.04,7.2714
Netherlands,Wheat,2008,87295,10777.08,778.0,10.42,8.7295
Netherlands,Wheat,2009,92919,9857.2,778.0,10.33,9.2919
Netherlands,Wheat,2010,89092,9586.03,778.0,8.84,8.9092
Netherlands,Wheat,2011,77812,10953.91,778.0,10.73,7.7812
Netherlands,Wheat,2012,85870,11348.39,778.0,10.08,8.587
Netherlands,Wheat,2013,87412,10720.17,778.0,9.54,8.7412
New Zealand,Maize,1990,92077,3490.0,1732.0,13.64,9.2077
New Zealand,Maize,1991,96287,3490.0,1732.0,12.82,9.6287
New Zealand,Maize,1992,91196,3490.0,1732.0,12.14,9.1196
New Zealand,Maize,1993,83560,3489.0,1732.0,12.35,8.356
New Zealand,Maize,1994,97360,3515.0,1732.0,12.89,9.736
New Zealand,Maize,1995,97423,3904.0,1732.0,13.15,9.7423
New Zealand,Maize,1996,112996,3499.0,1732.0,13.07,11.2996
New Zealand,Maize,1997,99487,3249.0,1732.0,12.77,9.9487
New Zealand,Maize,1998,100571,3055.16,1732.0,13.97,10.0571
New Zealand,Maize,1999,101306,2535.3,1732.0,13.87,10.1306
New Zealand,Maize,2000,102260,3634.3,1732.0,13.4,10.226
New Zealand,Maize,2001,104000,3333.2,1732.0,13.58,10.4
New Zealand,Maize,2002,76544,4170.0,1732.0,13.28,7.6544
New Zealand,Maize,2004,115496,4050.0,1732.0,12.76,11.5496
New Zealand,Maize,2005,109308,4058.0,1732.0,13.63,10.9308
New Zealand,Maize,2006,109544,4388.0,1732.0,13.04,10.9544
New Zealand,Maize,2007,109000,4939.0,1732.0,13.44,10.9
New Zealand,Maize,2008,112326,5857.0,1732.0,13.55,11.2326
New Zealand,Maize,2009,110327,5086.0,1732.0,12.84,11.0327
New Zealand,Maize,2010,107597,5086.0,1732.0,13.54,10.7597
New Zealand,Maize,2011,113842,5086.0,1732.0,13.46,11.3842
New Zealand,Maize,2012,108647,5086.0,1732.0,12.89,10.8647
New Zealand,Maize,2013,108209,5086.0,1732.0,13.57,10.8209
New Zealand,Potatoes,1990,325000,3490.0,1732.0,13.64,32.5
New Zealand,Potatoes,1991,346667,3490.0,1732.0,12.82,34.6667
New Zealand,Potatoes,1992,327179,3490.0,1732.0,12.14,32.7179
New Zealand,Potatoes,1993,451015,3489.0,1732.0,12.35,45.1015
New Zealand,Potatoes,1994,438786,3515.0,1732.0,12.89,43.8786
New Zealand,Potatoes,1995,450321,3904.0,1732.0,13.15,45.0321
New Zealand,Potatoes,1996,450207,3499.0,1732.0,13.07,45.0207
New Zealand,Potatoes,1997,445545,3249.0,1732.0,12.77,44.5545
New Zealand,Potatoes,1998,352113,3055.16,1732.0,13.97,35.2113
New Zealand,Potatoes,1999,416667,2535.3,1732.0,13.87,41.6667
New Zealand,Potatoes,2000,423155,3634.3,1732.0,13.4,42.3155
New Zealand,Potatoes,2001,445871,3333.2,1732.0,13.58,44.5871
New Zealand,Potatoes,2002,451182,4170.0,1732.0,13.28,45.1182
New Zealand,Potatoes,2004,451264,4050.0,1732.0,12.76,45.1264
New Zealand,Potatoes,2005,460829,4058.0,1732.0,13.63,46.0829
New Zealand,Potatoes,2006,427584,4388.0,1732.0,13.04,42.7584
New Zealand,Potatoes,2007,477612,4939.0,1732.0,13.44,47.7612
New Zealand,Potatoes,2008,459091,5857.0,1732.0,13.55,45.9091
New Zealand,Potatoes,2009,478154,5086.0,1732.0,12.84,47.8154
New Zealand,Potatoes,2010,495751,5086.0,1732.0,13.54,49.5751
New Zealand,Potatoes,2011,490361,5086.0,1732.0,13.46,49.0361
New Zealand,Potatoes,2012,484810,5086.0,1732.0,12.89,48.481
New Zealand,Potatoes,2013,482926,5086.0,1732.0,13.57,48.2926
New Zealand,Sweet potatoes,1990,159383,3490.0,1732.0,13.64,15.9383
New Zealand,Sweet potatoes,1991,152381,3490.0,1732.0,12.82,15.2381
New Zealand,Sweet potatoes,1992,237745,3490.0,1732.0,12.14,23.7745
New Zealand,Sweet potatoes,1993,249415,3489.0,1732.0,12.35,24.9415
New Zealand,Sweet potatoes,1994,247137,3515.0,1732.0,12.89,24.7137
New Zealand,Sweet potatoes,1995,252381,3904.0,1732.0,13.15,25.2381
New Zealand,Sweet potatoes,1996,250228,3499.0,1732.0,13.07,25.0228
New Zealand,Sweet potatoes,1997,200000,3249.0,1732.0,12.77,20.0
New Zealand,Sweet potatoes,1998,128431,3055.16,1732.0,13.97,12.8431
New Zealand,Sweet potatoes,1999,170000,2535.3,1732.0,13.87,17.0
New Zealand,Sweet potatoes,2000,144509,3634.3,1732.0,13.4,14.4509
New Zealand,Sweet potatoes,2001,145719,3333.2,1732.0,13.58,14.5719
New Zealand,Sweet potatoes,2002,162437,4170.0,1732.0,13.28,16.2437
New Zealand,Sweet potatoes,2004,166667,4050.0,1732.0,12.76,16.6667
New Zealand,Sweet potatoes,2005,119699,4058.0,1732.0,13.63,11.9699
New Zealand,Sweet potatoes,2006,120000,4388.0,1732.0,13.04,12.0
New Zealand,Sweet potatoes,2007,120253,4939.0,1732.0,13.44,12.0253
New Zealand,Sweet potatoes,2008,120000,5857.0,1732.0,13.55,12.0
New Zealand,Sweet potatoes,2009,119691,5086.0,1732.0,12.84,11.9691
New Zealand,Sweet potatoes,2010,117803,5086.0,1732.0,13.54,11.7803
New Zealand,Sweet potatoes,2011,117785,5086.0,1732.0,13.46,11.7785
New Zealand,Sweet potatoes,2012,116046,5086.0,1732.0,12.89,11.6046
New Zealand,Sweet potatoes,2013,113617,5086.0,1732.0,13.57,11.3617
New Zealand,Wheat,1990,48842,3490.0,1732.0,13.64,4.8842
New Zealand,Wheat,1991,48149,3490.0,1732.0,12.82,4.8149
New Zealand,Wheat,1992,50543,3490.0,1732.0,12.14,5.0543
New Zealand,Wheat,1993,53698,3489.0,1732.0,12.35,5.3698
New Zealand,Wheat,1994,54145,3515.0,1732.0,12.89,5.4145
New Zealand,Wheat,1995,46823,3904.0,1732.0,13.15,4.6823
New Zealand,Wheat,1996,54738,3499.0,1732.0,13.07,5.4738
New Zealand,Wheat,1997,56607,3249.0,1732.0,12.77,5.6607
New Zealand,Wheat,1998,62160,3055.16,1732.0,13.97,6.216
New Zealand,Wheat,1999,60610,2535.3,1732.0,13.87,6.061
New Zealand,Wheat,2000,62095,3634.3,1732.0,13.4,6.2095
New Zealand,Wheat,2001,74286,3333.2,1732.0,13.58,7.4286
New Zealand,Wheat,2002,71467,4170.0,1732.0,13.28,7.1467
New Zealand,Wheat,2004,65501,4050.0,1732.0,12.76,6.5501
New Zealand,Wheat,2005,80920,4058.0,1732.0,13.63,8.092
New Zealand,Wheat,2006,68963,4388.0,1732.0,13.04,6.8963
New Zealand,Wheat,2007,84966,4939.0,1732.0,13.44,8.4966
New Zealand,Wheat,2008,81120,5857.0,1732.0,13.55,8.112
New Zealand,Wheat,2009,74918,5086.0,1732.0,12.84,7.4918
New Zealand,Wheat,2010,81241,5086.0,1732.0,13.54,8.1241
New Zealand,Wheat,2011,72858,5086.0,1732.0,13.46,7.2858
New Zealand,Wheat,2012,89245,5086.0,1732.0,12.89,8.9245
New Zealand,Wheat,2013,91053,5086.0,1732.0,13.57,9.1053
Nicaragua,Cassava,1990,110417,575.0,2280.0,27.03,11.0417
Nicaragua,Cassava,1991,110638,575.0,2280.0,27.04,11.0638
Nicaragua,Cassava,1992,110870,575.0,2280.0,27.16,11.087
Nicaragua,Cassava,1993,115556,977.0,2280.0,27.05,11.5556
Nicaragua,Cassava,1994,112088,799.0,2280.0,27.26,11.2088
Nicaragua,Cassava,1995,111957,876.0,2280.0,27.2,11.1957
Nicaragua,Cassava,1996,113043,2041.7,2280.0,26.76,11.3043
Nicaragua,Cassava,1997,112766,3207.4,2280.0,27.43,11.2766
Nicaragua,Cassava,1998,112766,4373.1,2280.0,27.83,11.2766
Nicaragua,Cassava,1999,108421,4097.16,2280.0,26.82,10.8421
Nicaragua,Cassava,2000,108333,3925.63,2280.0,26.73,10.8333
Nicaragua,Cassava,2001,123077,3603.5,2280.0,26.78,12.3077
Nicaragua,Cassava,2002,107928,5715.36,2280.0,27.0,10.7928
Nicaragua,Cassava,2004,79485,4581.73,2280.0,27.22,7.9485
Nicaragua,Cassava,2005,88416,9391.92,2280.0,27.2,8.8416
Nicaragua,Cassava,2006,95455,6889.26,2280.0,27.35,9.5455
Nicaragua,Cassava,2007,95833,9850.26,2280.0,27.23,9.5833
Nicaragua,Cassava,2008,80701,10173.91,2280.0,26.75,8.0701
Nicaragua,Cassava,2009,87123,9387.95,2280.0,27.23,8.7123
Nicaragua,Cassava,2010,88492,12242.19,2280.0,27.01,8.8492
Nicaragua,Cassava,2011,78727,4932.05,2280.0,26.94,7.8727
Nicaragua,Cassava,2012,76993,4413.82,2280.0,26.91,7.6993
Nicaragua,Cassava,2013,78931,4413.82,2280.0,27.26,7.8931
Nicaragua,Maize,1990,12825,575.0,2280.0,27.03,1.2825
Nicaragua,Maize,1991,10228,575.0,2280.0,27.04,1.0228
Nicaragua,Maize,1992,13129,575.0,2280.0,27.16,1.3129
Nicaragua,Maize,1993,13037,977.0,2280.0,27.05,1.3037
Nicaragua,Maize,1994,12367,799.0,2280.0,27.26,1.2367
Nicaragua,Maize,1995,11868,876.0,2280.0,27.2,1.1868
Nicaragua,Maize,1996,11620,2041.7,2280.0,26.76,1.162
Nicaragua,Maize,1997,11374,3207.4,2280.0,27.43,1.1374
Nicaragua,Maize,1998,11941,4373.1,2280.0,27.83,1.1941
Nicaragua,Maize,1999,11542,4097.16,2280.0,26.82,1.1542
Nicaragua,Maize,2000,12677,3925.63,2280.0,26.73,1.2677
Nicaragua,Maize,2001,13241,3603.5,2280.0,26.78,1.3241
Nicaragua,Maize,2002,13369,5715.36,2280.0,27.0,1.3369
Nicaragua,Maize,2004,13730,4581.73,2280.0,27.22,1.373
Nicaragua,Maize,2005,14021,9391.92,2280.0,27.2,1.4021
Nicaragua,Maize,2006,14626,6889.26,2280.0,27.35,1.4626
Nicaragua,Maize,2007,13776,9850.26,2280.0,27.23,1.3776
Nicaragua,Maize,2008,13311,10173.91,2280.0,26.75,1.3311
Nicaragua,Maize,2009,15605,9387.95,2280.0,27.23,1.5605
Nicaragua,Maize,2010,13393,12242.19,2280.0,27.01,1.3393
Nicaragua,Maize,2011,14101,4932.05,2280.0,26.94,1.4101
Nicaragua,Maize,2012,13493,4413.82,2280.0,26.91,1.3493
Nicaragua,Maize,2013,11809,4413.82,2280.0,27.26,1.1809
Nicaragua,Plantains and others,1990,100000,575.0,2280.0,27.03,10.0
Nicaragua,Plantains and others,1991,100000,575.0,2280.0,27.04,10.0
Nicaragua,Plantains and others,1992,100000,575.0,2280.0,27.16,10.0
Nicaragua,Plantains and others,1993,100000,977.0,2280.0,27.05,10.0
Nicaragua,Plantains and others,1994,100000,799.0,2280.0,27.26,10.0
Nicaragua,Plantains and others,1995,100000,876.0,2280.0,27.2,10.0
Nicaragua,Plantains and others,1996,100000,2041.7,2280.0,26.76,10.0
Nicaragua,Plantains and others,1997,100000,3207.4,2280.0,27.43,10.0
Nicaragua,Plantains and others,1998,100000,4373.1,2280.0,27.83,10.0
Nicaragua,Plantains and others,1999,100000,4097.16,2280.0,26.82,10.0
Nicaragua,Plantains and others,2000,100000,3925.63,2280.0,26.73,10.0
Nicaragua,Plantains and others,2001,95000,3603.5,2280.0,26.78,9.5
Nicaragua,Plantains and others,2002,100000,5715.36,2280.0,27.0,10.0
Nicaragua,Plantains and others,2004,97674,4581.73,2280.0,27.22,9.7674
Nicaragua,Plantains and others,2005,100000,9391.92,2280.0,27.2,10.0
Nicaragua,Plantains and others,2006,100000,6889.26,2280.0,27.35,10.0
Nicaragua,Plantains and others,2007,103324,9850.26,2280.0,27.23,10.3324
Nicaragua,Plantains and others,2008,100000,10173.91,2280.0,26.75,10.0
Nicaragua,Plantains and others,2009,98525,9387.95,2280.0,27.23,9.8525
Nicaragua,Plantains and others,2010,104461,12242.19,2280.0,27.01,10.4461
Nicaragua,Plantains and others,2011,104826,4932.05,2280.0,26.94,10.4826
Nicaragua,Plantains and others,2012,97059,4413.82,2280.0,26.91,9.7059
Nicaragua,Plantains and others,2013,110413,4413.82,2280.0,27.26,11.0413
Nicaragua,Potatoes,1990,143750,575.0,2280.0,27.03,14.375
Nicaragua,Potatoes,1991,141176,575.0,2280.0,27.04,14.1176
Nicaragua,Potatoes,1992,138889,575.0,2280.0,27.16,13.8889
Nicaragua,Potatoes,1993,150000,977.0,2280.0,27.05,15.0
Nicaragua,Potatoes,1994,147368,799.0,2280.0,27.26,14.7368
Nicaragua,Potatoes,1995,144737,876.0,2280.0,27.2,14.4737
Nicaragua,Potatoes,1996,144737,2041.7,2280.0,26.76,14.4737
Nicaragua,Potatoes,1997,140000,3207.4,2280.0,27.43,14.0
Nicaragua,Potatoes,1998,135000,4373.1,2280.0,27.83,13.5
Nicaragua,Potatoes,1999,133333,4097.16,2280.0,26.82,13.3333
Nicaragua,Potatoes,2000,125000,3925.63,2280.0,26.73,12.5
Nicaragua,Potatoes,2001,128571,3603.5,2280.0,26.78,12.8571
Nicaragua,Potatoes,2002,132558,5715.36,2280.0,27.0,13.2558
Nicaragua,Potatoes,2004,133333,4581.73,2280.0,27.22,13.3333
Nicaragua,Potatoes,2005,134783,9391.92,2280.0,27.2,13.4783
Nicaragua,Potatoes,2006,138298,6889.26,2280.0,27.35,13.8298
Nicaragua,Potatoes,2007,137500,9850.26,2280.0,27.23,13.75
Nicaragua,Potatoes,2008,137500,10173.91,2280.0,26.75,13.75
Nicaragua,Potatoes,2009,134615,9387.95,2280.0,27.23,13.4615
Nicaragua,Potatoes,2010,134615,12242.19,2280.0,27.01,13.4615
Nicaragua,Potatoes,2011,168339,4932.05,2280.0,26.94,16.8339
Nicaragua,Potatoes,2012,169329,4413.82,2280.0,26.91,16.9329
Nicaragua,Potatoes,2013,170847,4413.82,2280.0,27.26,17.0847
Nicaragua,"Rice, paddy",1990,26326,575.0,2280.0,27.03,2.6326
Nicaragua,"Rice, paddy",1991,32527,575.0,2280.0,27.04,3.2527
Nicaragua,"Rice, paddy",1992,29255,575.0,2280.0,27.16,2.9255
Nicaragua,"Rice, paddy",1993,35450,977.0,2280.0,27.05,3.545
Nicaragua,"Rice, paddy",1994,32528,799.0,2280.0,27.26,3.2528
Nicaragua,"Rice, paddy",1995,37084,876.0,2280.0,27.2,3.7084
Nicaragua,"Rice, paddy",1996,34195,2041.7,2280.0,26.76,3.4195
Nicaragua,"Rice, paddy",1997,34389,3207.4,2280.0,27.43,3.4389
Nicaragua,"Rice, paddy",1998,34730,4373.1,2280.0,27.83,3.473
Nicaragua,"Rice, paddy",1999,36568,4097.16,2280.0,26.82,3.6568
Nicaragua,"Rice, paddy",2000,31201,3925.63,2280.0,26.73,3.1201
Nicaragua,"Rice, paddy",2001,29281,3603.5,2280.0,26.78,2.9281
Nicaragua,"Rice, paddy",2002,31853,5715.36,2280.0,27.0,3.1853
Nicaragua,"Rice, paddy",2004,35103,4581.73,2280.0,27.22,3.5103
Nicaragua,"Rice, paddy",2005,33106,9391.92,2280.0,27.2,3.3106
Nicaragua,"Rice, paddy",2006,36392,6889.26,2280.0,27.35,3.6392
Nicaragua,"Rice, paddy",2007,39482,9850.26,2280.0,27.23,3.9482
Nicaragua,"Rice, paddy",2008,40055,10173.91,2280.0,26.75,4.0055
Nicaragua,"Rice, paddy",2009,45355,9387.95,2280.0,27.23,4.5355
Nicaragua,"Rice, paddy",2010,51406,12242.19,2280.0,27.01,5.1406
Nicaragua,"Rice, paddy",2011,41177,4932.05,2280.0,26.94,4.1177
Nicaragua,"Rice, paddy",2012,37753,4413.82,2280.0,26.91,3.7753
Nicaragua,"Rice, paddy",2013,49680,4413.82,2280.0,27.26,4.968
Nicaragua,Sorghum,1990,16210,575.0,2280.0,27.03,1.621
Nicaragua,Sorghum,1991,14726,575.0,2280.0,27.04,1.4726
Nicaragua,Sorghum,1992,18239,575.0,2280.0,27.16,1.8239
Nicaragua,Sorghum,1993,18926,977.0,2280.0,27.05,1.8926
Nicaragua,Sorghum,1994,18596,799.0,2280.0,27.26,1.8596
Nicaragua,Sorghum,1995,20630,876.0,2280.0,27.2,2.063
Nicaragua,Sorghum,1996,22474,2041.7,2280.0,26.76,2.2474
Nicaragua,Sorghum,1997,16250,3207.4,2280.0,27.43,1.625
Nicaragua,Sorghum,1998,12512,4373.1,2280.0,27.83,1.2512
Nicaragua,Sorghum,1999,18056,4097.16,2280.0,26.82,1.8056
Nicaragua,Sorghum,2000,17658,3925.63,2280.0,26.73,1.7658
Nicaragua,Sorghum,2001,19846,3603.5,2280.0,26.78,1.9846
Nicaragua,Sorghum,2002,19597,5715.36,2280.0,27.0,1.9597
Nicaragua,Sorghum,2004,20368,4581.73,2280.0,27.22,2.0368
Nicaragua,Sorghum,2005,18323,9391.92,2280.0,27.2,1.8323
Nicaragua,Sorghum,2006,18606,6889.26,2280.0,27.35,1.8606
Nicaragua,Sorghum,2007,20477,9850.26,2280.0,27.23,2.0477
Nicaragua,Sorghum,2008,17327,10173.91,2280.0,26.75,1.7327
Nicaragua,Sorghum,2009,18059,9387.95,2280.0,27.23,1.8059
Nicaragua,Sorghum,2010,16630,12242.19,2280.0,27.01,1.663
Nicaragua,Sorghum,2011,19105,4932.05,2280.0,26.94,1.9105
Nicaragua,Sorghum,2012,19866,4413.82,2280.0,26.91,1.9866
Nicaragua,Sorghum,2013,18259,4413.82,2280.0,27.26,1.8259
Nicaragua,Soybeans,1990,16429,575.0,2280.0,27.03,1.6429
Nicaragua,Soybeans,1991,14915,575.0,2280.0,27.04,1.4915
Nicaragua,Soybeans,1992,16476,575.0,2280.0,27.16,1.6476
Nicaragua,Soybeans,1993,16949,977.0,2280.0,27.05,1.6949
Nicaragua,Soybeans,1994,22133,799.0,2280.0,27.26,2.2133
Nicaragua,Soybeans,1995,22156,876.0,2280.0,27.2,2.2156
Nicaragua,Soybeans,1996,22166,2041.7,2280.0,26.76,2.2166
Nicaragua,Soybeans,1997,21333,3207.4,2280.0,27.43,2.1333
Nicaragua,Soybeans,1998,14974,4373.1,2280.0,27.83,1.4974
Nicaragua,Soybeans,1999,21901,4097.16,2280.0,26.82,2.1901
Nicaragua,Soybeans,2000,19867,3925.63,2280.0,26.73,1.9867
Nicaragua,Soybeans,2001,19744,3603.5,2280.0,26.78,1.9744
Nicaragua,Soybeans,2002,19825,5715.36,2280.0,27.0,1.9825
Nicaragua,Soybeans,2004,21258,4581.73,2280.0,27.22,2.1258
Nicaragua,Soybeans,2005,21267,9391.92,2280.0,27.2,2.1267
Nicaragua,Soybeans,2006,20523,6889.26,2280.0,27.35,2.0523
Nicaragua,Soybeans,2007,21383,9850.26,2280.0,27.23,2.1383
Nicaragua,Soybeans,2008,20056,10173.91,2280.0,26.75,2.0056
Nicaragua,Soybeans,2009,22908,9387.95,2280.0,27.23,2.2908
Nicaragua,Soybeans,2010,22090,12242.19,2280.0,27.01,2.209
Nicaragua,Soybeans,2011,20144,4932.05,2280.0,26.94,2.0144
Nicaragua,Soybeans,2012,18285,4413.82,2280.0,26.91,1.8285
Nicaragua,Soybeans,2013,21034,4413.82,2280.0,27.26,2.1034
Nicaragua,Yams,1991,132736,575.0,2280.0,27.04,13.2736
Nicaragua,Yams,1992,132748,575.0,2280.0,27.16,13.2748
Nicaragua,Yams,1993,132759,977.0,2280.0,27.05,13.2759
Nicaragua,Yams,1994,132771,799.0,2280.0,27.26,13.2771
Nicaragua,Yams,1995,132782,876.0,2280.0,27.2,13.2782
Nicaragua,Yams,1996,132794,2041.7,2280.0,26.76,13.2794
Nicaragua,Yams,1997,132806,3207.4,2280.0,27.43,13.2806
Nicaragua,Yams,1998,132817,4373.1,2280.0,27.83,13.2817
Nicaragua,Yams,1999,132829,4097.16,2280.0,26.82,13.2829
Nicaragua,Yams,2000,132840,3925.63,2280.0,26.73,13.284
Nicaragua,Yams,2001,132852,3603.5,2280.0,26.78,13.2852
Nicaragua,Yams,2002,132863,5715.36,2280.0,27.0,13.2863
Nicaragua,Yams,2004,132919,4581.73,2280.0,27.22,13.2919
Nicaragua,Yams,2005,132964,9391.92,2280.0,27.2,13.2964
Nicaragua,Yams,2006,133008,6889.26,2280.0,27.35,13.3008
Nicaragua,Yams,2007,133053,9850.26,2280.0,27.23,13.3053
Nicaragua,Yams,2008,133097,10173.91,2280.0,26.75,13.3097
Nicaragua,Yams,2009,133205,9387.95,2280.0,27.23,13.3205
Nicaragua,Yams,2010,133274,12242.19,2280.0,27.01,13.3274
Nicaragua,Yams,2011,133333,4932.05,2280.0,26.94,13.3333
Nicaragua,Yams,2012,133333,4413.82,2280.0,26.91,13.3333
Nicaragua,Yams,2013,133333,4413.82,2280.0,27.26,13.3333
Niger,Cassava,1990,88688,62.0,151.0,29.71,8.8688
Niger,Cassava,1991,97154,62.0,151.0,29.4,9.7154
Niger,Cassava,1992,109000,62.0,151.0,28.99,10.9
Niger,Cassava,1993,116500,62.0,151.0,29.64,11.65
Niger,Cassava,1994,118909,62.0,151.0,29.05,11.8909
Niger,Cassava,1995,129500,62.0,151.0,29.56,12.95
Niger,Cassava,1996,129865,22.0,151.0,29.71,12.9865
Niger,Cassava,1997,150581,34.0,151.0,29.73,15.0581
Niger,Cassava,1998,159723,36.0,151.0,29.97,15.9723
Niger,Cassava,1999,181890,26.0,151.0,29.65,18.189
Niger,Cassava,2000,232169,62.0,151.0,29.43,23.2169
Niger,Cassava,2001,210273,31.0,151.0,29.46,21.0273
Niger,Cassava,2002,202833,29.44,151.0,29.71,20.2833
Niger,Cassava,2004,168413,26.31,151.0,29.8,16.8413
Niger,Cassava,2005,159467,24.75,151.0,30.02,15.9467
Niger,Cassava,2006,162588,21.12,151.0,29.78,16.2588
Niger,Cassava,2007,151563,30.57,151.0,29.85,15.1563
Niger,Cassava,2008,138791,12.04,151.0,29.3,13.8791
Niger,Cassava,2009,159918,7.32,151.0,30.32,15.9918
Niger,Cassava,2010,217784,11.49,151.0,30.32,21.7784
Niger,Cassava,2011,107514,10.59,151.0,30.1,10.7514
Niger,Cassava,2012,160606,21.37,151.0,29.61,16.0606
Niger,Cassava,2013,199719,21.37,151.0,30.42,19.9719
Niger,Maize,1990,3139,62.0,151.0,29.71,0.3139
Niger,Maize,1991,6629,62.0,151.0,29.4,0.6629
Niger,Maize,1992,20000,62.0,151.0,28.99,2.0
Niger,Maize,1993,40000,62.0,151.0,29.64,4.0
Niger,Maize,1994,8309,62.0,151.0,29.05,0.8309
Niger,Maize,1995,12642,62.0,151.0,29.56,1.2642
Niger,Maize,1996,7250,22.0,151.0,29.71,0.725
Niger,Maize,1997,10269,34.0,151.0,29.73,1.0269
Niger,Maize,1998,15173,36.0,151.0,29.97,1.5173
Niger,Maize,1999,3242,26.0,151.0,29.65,0.3242
Niger,Maize,2000,6154,62.0,151.0,29.43,0.6154
Niger,Maize,2001,2612,31.0,151.0,29.46,0.2612
Niger,Maize,2002,5853,29.44,151.0,29.71,0.5853
Niger,Maize,2004,7509,26.31,151.0,29.8,0.7509
Niger,Maize,2005,8255,24.75,151.0,30.02,0.8255
Niger,Maize,2006,11227,21.12,151.0,29.78,1.1227
Niger,Maize,2007,10874,30.57,151.0,29.85,1.0874
Niger,Maize,2008,9589,12.04,151.0,29.3,0.9589
Niger,Maize,2009,9014,7.32,151.0,30.32,0.9014
Niger,Maize,2010,7869,11.49,151.0,30.32,0.7869
Niger,Maize,2011,8405,10.59,151.0,30.1,0.8405
Niger,Maize,2012,10437,21.37,151.0,29.61,1.0437
Niger,Maize,2013,12326,21.37,151.0,30.42,1.2326
Niger,Potatoes,1990,100000,62.0,151.0,29.71,10.0
Niger,Potatoes,1991,204348,62.0,151.0,29.4,20.4348
Niger,Potatoes,1992,267308,62.0,151.0,28.99,26.7308
Niger,Potatoes,1993,224600,62.0,151.0,29.64,22.46
Niger,Potatoes,1994,206531,62.0,151.0,29.05,20.6531
Niger,Potatoes,1995,170789,62.0,151.0,29.56,17.0789
Niger,Potatoes,1996,159195,22.0,151.0,29.71,15.9195
Niger,Potatoes,1997,124128,34.0,151.0,29.73,12.4128
Niger,Potatoes,1998,169913,36.0,151.0,29.97,16.9913
Niger,Potatoes,1999,101200,26.0,151.0,29.65,10.12
Niger,Potatoes,2000,104924,62.0,151.0,29.43,10.4924
Niger,Potatoes,2001,91045,31.0,151.0,29.46,9.1045
Niger,Potatoes,2002,159220,29.44,151.0,29.71,15.922
Niger,Potatoes,2004,104545,26.31,151.0,29.8,10.4545
Niger,Potatoes,2005,102308,24.75,151.0,30.02,10.2308
Niger,Potatoes,2006,115357,21.12,151.0,29.78,11.5357
Niger,Potatoes,2007,147395,30.57,151.0,29.85,14.7395
Niger,Potatoes,2008,177412,12.04,151.0,29.3,17.7412
Niger,Potatoes,2009,172504,7.32,151.0,30.32,17.2504
Niger,Potatoes,2010,170183,11.49,151.0,30.32,17.0183
Niger,Potatoes,2011,161890,10.59,151.0,30.1,16.189
Niger,Potatoes,2012,242957,21.37,151.0,29.61,24.2957
Niger,Potatoes,2013,256815,21.37,151.0,30.42,25.6815
Niger,"Rice, paddy",1990,31432,62.0,151.0,29.71,3.1432
Niger,"Rice, paddy",1991,35605,62.0,151.0,29.4,3.5605
Niger,"Rice, paddy",1992,32828,62.0,151.0,28.99,3.2828
Niger,"Rice, paddy",1993,26233,62.0,151.0,29.64,2.6233
Niger,"Rice, paddy",1994,22143,62.0,151.0,29.05,2.2143
Niger,"Rice, paddy",1995,24286,62.0,151.0,29.56,2.4286
Niger,"Rice, paddy",1996,16254,22.0,151.0,29.71,1.6254
Niger,"Rice, paddy",1997,20244,34.0,151.0,29.73,2.0244
Niger,"Rice, paddy",1998,29100,36.0,151.0,29.97,2.91
Niger,"Rice, paddy",1999,41112,26.0,151.0,29.65,4.1112
Niger,"Rice, paddy",2000,27479,62.0,151.0,29.43,2.7479
Niger,"Rice, paddy",2001,27565,31.0,151.0,29.46,2.7565
Niger,"Rice, paddy",2002,31638,29.44,151.0,29.71,3.1638
Niger,"Rice, paddy",2004,30949,26.31,151.0,29.8,3.0949
Niger,"Rice, paddy",2005,38290,24.75,151.0,30.02,3.829
Niger,"Rice, paddy",2006,36637,21.12,151.0,29.78,3.6637
Niger,"Rice, paddy",2007,35900,30.57,151.0,29.85,3.59
Niger,"Rice, paddy",2008,38110,12.04,151.0,29.3,3.811
Niger,"Rice, paddy",2009,43571,7.32,151.0,30.32,4.3571
Niger,"Rice, paddy",2010,54407,11.49,151.0,30.32,5.4407
Niger,"Rice, paddy",2011,54739,10.59,151.0,30.1,5.4739
Niger,"Rice, paddy",2012,57490,21.37,151.0,29.61,5.749
Niger,"Rice, paddy",2013,62834,21.37,151.0,30.42,6.2834
Niger,Sorghum,1990,1257,62.0,151.0,29.71,0.1257
Niger,Sorghum,1991,1449,62.0,151.0,29.4,0.1449
Niger,Sorghum,1992,1541,62.0,151.0,28.99,0.1541
Niger,Sorghum,1993,1341,62.0,151.0,29.64,0.1341
Niger,Sorghum,1994,1518,62.0,151.0,29.05,0.1518
Niger,Sorghum,1995,2160,62.0,151.0,29.56,0.216
Niger,Sorghum,1996,1281,22.0,151.0,29.71,0.1281
Niger,Sorghum,1997,2177,34.0,151.0,29.73,0.2177
Niger,Sorghum,1998,2244,36.0,151.0,29.97,0.2244
Niger,Sorghum,1999,2268,26.0,151.0,29.65,0.2268
Niger,Sorghum,2000,1721,62.0,151.0,29.43,0.1721
Niger,Sorghum,2001,2548,31.0,151.0,29.46,0.2548
Niger,Sorghum,2002,2989,29.44,151.0,29.71,0.2989
Niger,Sorghum,2004,2519,26.31,151.0,29.8,0.2519
Niger,Sorghum,2005,3812,24.75,151.0,30.02,0.3812
Niger,Sorghum,2006,3463,21.12,151.0,29.78,0.3463
Niger,Sorghum,2007,3435,30.57,151.0,29.85,0.3435
Niger,Sorghum,2008,4291,12.04,151.0,29.3,0.4291
Niger,Sorghum,2009,2903,7.32,151.0,30.32,0.2903
Niger,Sorghum,2010,3919,11.49,151.0,30.32,0.3919
Niger,Sorghum,2011,2676,10.59,151.0,30.1,0.2676
Niger,Sorghum,2012,4422,21.37,151.0,29.61,0.4422
Niger,Sorghum,2013,3703,21.37,151.0,30.42,0.3703
Niger,Sweet potatoes,1990,87500,62.0,151.0,29.71,8.75
Niger,Sweet potatoes,1991,112317,62.0,151.0,29.4,11.2317
Niger,Sweet potatoes,1992,103275,62.0,151.0,28.99,10.3275
Niger,Sweet potatoes,1993,102158,62.0,151.0,29.64,10.2158
Niger,Sweet potatoes,1994,109463,62.0,151.0,29.05,10.9463
Niger,Sweet potatoes,1995,107884,62.0,151.0,29.56,10.7884
Niger,Sweet potatoes,1996,93095,22.0,151.0,29.71,9.3095
Niger,Sweet potatoes,1997,180240,34.0,151.0,29.73,18.024
Niger,Sweet potatoes,1998,155556,36.0,151.0,29.97,15.5556
Niger,Sweet potatoes,1999,206250,26.0,151.0,29.65,20.625
Niger,Sweet potatoes,2000,142029,62.0,151.0,29.43,14.2029
Niger,Sweet potatoes,2001,152347,31.0,151.0,29.46,15.2347
Niger,Sweet potatoes,2002,148771,29.44,151.0,29.71,14.8771
Niger,Sweet potatoes,2004,177570,26.31,151.0,29.8,17.757
Niger,Sweet potatoes,2005,171840,24.75,151.0,30.02,17.184
Niger,Sweet potatoes,2006,160877,21.12,151.0,29.78,16.0877
Niger,Sweet potatoes,2007,159870,30.57,151.0,29.85,15.987
Niger,Sweet potatoes,2008,168296,12.04,151.0,29.3,16.8296
Niger,Sweet potatoes,2009,160230,7.32,151.0,30.32,16.023
Niger,Sweet potatoes,2010,161324,11.49,151.0,30.32,16.1324
Niger,Sweet potatoes,2011,151699,10.59,151.0,30.1,15.1699
Niger,Sweet potatoes,2012,200362,21.37,151.0,29.61,20.0362
Niger,Sweet potatoes,2013,211608,21.37,151.0,30.42,21.1608
Niger,Wheat,1990,28889,62.0,151.0,29.71,2.8889
Niger,Wheat,1991,26000,62.0,151.0,29.4,2.6
Niger,Wheat,1992,28000,62.0,151.0,28.99,2.8
Niger,Wheat,1993,22000,62.0,151.0,29.64,2.2
Niger,Wheat,1994,28800,62.0,151.0,29.05,2.88
Niger,Wheat,1995,34444,62.0,151.0,29.56,3.4444
Niger,Wheat,1996,21250,22.0,151.0,29.71,2.125
Niger,Wheat,1997,20000,34.0,151.0,29.73,2.0
Niger,Wheat,1998,21882,36.0,151.0,29.97,2.1882
Niger,Wheat,1999,21115,26.0,151.0,29.65,2.1115
Niger,Wheat,2000,19855,62.0,151.0,29.43,1.9855
Niger,Wheat,2001,18412,31.0,151.0,29.46,1.8412
Niger,Wheat,2002,10606,29.44,151.0,29.71,1.0606
Niger,Wheat,2004,17019,26.31,151.0,29.8,1.7019
Niger,Wheat,2005,17276,24.75,151.0,30.02,1.7276
Niger,Wheat,2006,14992,21.12,151.0,29.78,1.4992
Niger,Wheat,2007,14894,30.57,151.0,29.85,1.4894
Niger,Wheat,2008,18096,12.04,151.0,29.3,1.8096
Niger,Wheat,2009,18696,7.32,151.0,30.32,1.8696
Niger,Wheat,2010,19868,11.49,151.0,30.32,1.9868
Niger,Wheat,2011,19770,10.59,151.0,30.1,1.977
Niger,Wheat,2012,16537,21.37,151.0,29.61,1.6537
Niger,Wheat,2013,30090,21.37,151.0,30.42,3.009
Norway,Potatoes,1990,257507,1183.0,1414.0,4.55,25.7507
Norway,Potatoes,1991,227489,760.0,1414.0,3.4,22.7489
Norway,Potatoes,1992,267729,767.9,1414.0,3.83,26.7729
Norway,Potatoes,1993,249602,749.0,1414.0,2.72,24.9602
Norway,Potatoes,1994,230846,848.0,1414.0,2.74,23.0846
Norway,Potatoes,1995,222358,913.14,1414.0,3.08,22.2358
Norway,Potatoes,1996,231321,698.25,1414.0,1.88,23.1321
Norway,Potatoes,1997,262343,735.43,1414.0,3.87,26.2343
Norway,Potatoes,1998,268418,934.02,1414.0,3.06,26.8418
Norway,Potatoes,1999,256262,802.02,1414.0,3.73,25.6262
Norway,Potatoes,2000,235890,348.24,1414.0,4.52,23.589
Norway,Potatoes,2001,262878,512.66,1414.0,2.68,26.2878
Norway,Potatoes,2002,256141,799.19,1414.0,3.57,25.6141
Norway,Potatoes,2004,279430,827.45,1414.0,3.79,27.943
Norway,Potatoes,2005,230523,518.94,1414.0,4.26,23.0523
Norway,Potatoes,2006,269329,696.34,1414.0,4.43,26.9329
Norway,Potatoes,2007,227983,722.07,1414.0,3.96,22.7983
Norway,Potatoes,2008,278193,800.9,1414.0,4.16,27.8193
Norway,Potatoes,2009,241836,534.56,1414.0,3.31,24.1836
Norway,Potatoes,2010,251662,698.98,1414.0,1.3,25.1662
Norway,Potatoes,2011,229141,823.96,1414.0,4.14,22.9141
Norway,Potatoes,2012,240527,813.93,1414.0,3.09,24.0527
Norway,Potatoes,2013,251702,761.97,1414.0,3.5,25.1702
Norway,Wheat,1990,46634,1183.0,1414.0,4.55,4.6634
Norway,Wheat,1991,46547,760.0,1414.0,3.4,4.6547
Norway,Wheat,1992,35295,767.9,1414.0,3.83,3.5295
Norway,Wheat,1993,51096,749.0,1414.0,2.72,5.1096
Norway,Wheat,1994,28362,848.0,1414.0,2.74,2.8362
Norway,Wheat,1995,47468,913.14,1414.0,3.08,4.7468
Norway,Wheat,1996,45258,698.25,1414.0,1.88,4.5258
Norway,Wheat,1997,43101,735.43,1414.0,3.87,4.3101
Norway,Wheat,1998,46878,934.02,1414.0,3.06,4.6878
Norway,Wheat,1999,44533,802.02,1414.0,3.73,4.4533
Norway,Wheat,2000,46025,348.24,1414.0,4.52,4.6025
Norway,Wheat,2001,40738,512.66,1414.0,2.68,4.0738
Norway,Wheat,2002,40994,799.19,1414.0,3.57,4.0994
Norway,Wheat,2004,47668,827.45,1414.0,3.79,4.7668
Norway,Wheat,2005,48925,518.94,1414.0,4.26,4.8925
Norway,Wheat,2006,41634,696.34,1414.0,4.43,4.1634
Norway,Wheat,2007,43973,722.07,1414.0,3.96,4.3973
Norway,Wheat,2008,48653,800.9,1414.0,4.16,4.8653
Norway,Wheat,2009,34069,534.56,1414.0,3.31,3.4069
Norway,Wheat,2010,45975,698.98,1414.0,1.3,4.5975
Norway,Wheat,2011,38517,823.96,1414.0,4.14,3.8517
Norway,Wheat,2012,41011,813.93,1414.0,3.09,4.1011
Norway,Wheat,2013,38841,761.97,1414.0,3.5,3.8841
Pakistan,Maize,1990,14014,5299.0,494.0,24.224444444444444,1.4014
Pakistan,Maize,1991,14235,5962.0,494.0,23.763333333333335,1.4235
Pakistan,Maize,1992,13966,5518.0,494.0,23.668888888888887,1.3966
Pakistan,Maize,1993,13983,4945.0,494.0,24.41222222222222,1.3983
Pakistan,Maize,1994,15004,6183.0,494.0,24.054444444444446,1.5004
Pakistan,Maize,1995,16908,7681.0,494.0,23.944444444444443,1.6908
Pakistan,Maize,1996,15884,11955.0,494.0,23.88888888888889,1.5884
Pakistan,Maize,1997,16352,16936.0,494.0,23.425555555555558,1.6352
Pakistan,Maize,1998,17853,18406.0,494.0,24.44,1.7853
Pakistan,Maize,1999,17169,20450.0,494.0,24.857777777777777,1.7169
Pakistan,Maize,2000,17086,27885.0,494.0,24.742222222222225,1.7086
Pakistan,Maize,2001,17631,11871.0,494.0,24.721111111111114,1.7631
Pakistan,Maize,2002,18448,10881.83,494.0,24.94333333333333,1.8448
Pakistan,Maize,2004,28488,8903.48,494.0,24.974444444444444,2.8488
Pakistan,Maize,2005,29843,7914.31,494.0,24.05777777777778,2.9843
Pakistan,Maize,2006,30368,6925.13,494.0,24.465555555555554,3.0368
Pakistan,Maize,2007,34265,5935.96,494.0,24.582222222222224,3.4265
Pakistan,Maize,2008,34154,4946.79,494.0,24.33888888888889,3.4154
Pakistan,Maize,2009,34879,3957.61,494.0,24.763333333333335,3.4879
Pakistan,Maize,2010,38052,2968.44,494.0,24.885555555555555,3.8052
Pakistan,Maize,2011,39897,1979.27,494.0,24.48,3.9897
Pakistan,Maize,2012,39830,990.09,494.0,24.20777777777778,3.983
Pakistan,Maize,2013,42313,0.92,494.0,25.242222222222225,4.2313
Pakistan,Potatoes,1990,104002,5299.0,494.0,24.224444444444444,10.4002
Pakistan,Potatoes,1991,104452,5962.0,494.0,23.763333333333335,10.4452
Pakistan,Potatoes,1992,113709,5518.0,494.0,23.668888888888887,11.3709
Pakistan,Potatoes,1993,122809,4945.0,494.0,24.41222222222222,12.2809
Pakistan,Potatoes,1994,133171,6183.0,494.0,24.054444444444446,13.3171
Pakistan,Potatoes,1995,139418,7681.0,494.0,23.944444444444443,13.9418
Pakistan,Potatoes,1996,134795,11955.0,494.0,23.88888888888889,13.4795
Pakistan,Potatoes,1997,112295,16936.0,494.0,23.425555555555558,11.2295
Pakistan,Potatoes,1998,136186,18406.0,494.0,24.44,13.6186
Pakistan,Potatoes,1999,165413,20450.0,494.0,24.857777777777777,16.5413
Pakistan,Potatoes,2000,169078,27885.0,494.0,24.742222222222225,16.9078
Pakistan,Potatoes,2001,164180,11871.0,494.0,24.721111111111114,16.418
Pakistan,Potatoes,2002,164486,10881.83,494.0,24.94333333333333,16.4486
Pakistan,Potatoes,2004,176673,8903.48,494.0,24.974444444444444,17.6673
Pakistan,Potatoes,2005,180795,7914.31,494.0,24.05777777777778,18.0795
Pakistan,Potatoes,2006,133447,6925.13,494.0,24.465555555555554,13.3447
Pakistan,Potatoes,2007,193516,5935.96,494.0,24.582222222222224,19.3516
Pakistan,Potatoes,2008,164550,4946.79,494.0,24.33888888888889,16.455
Pakistan,Potatoes,2009,202848,3957.61,494.0,24.763333333333335,20.2848
Pakistan,Potatoes,2010,226823,2968.44,494.0,24.885555555555555,22.6823
Pakistan,Potatoes,2011,219196,1979.27,494.0,24.48,21.9196
Pakistan,Potatoes,2012,183405,990.09,494.0,24.20777777777778,18.3405
Pakistan,Potatoes,2013,218059,0.92,494.0,25.242222222222225,21.8059
Pakistan,"Rice, paddy",1990,23151,5299.0,494.0,24.224444444444444,2.3151
Pakistan,"Rice, paddy",1991,23199,5962.0,494.0,23.763333333333335,2.3199
Pakistan,"Rice, paddy",1992,23686,5518.0,494.0,23.668888888888887,2.3686
Pakistan,"Rice, paddy",1993,27397,4945.0,494.0,24.41222222222222,2.7397
Pakistan,"Rice, paddy",1994,24333,6183.0,494.0,24.054444444444446,2.4333
Pakistan,"Rice, paddy",1995,27522,7681.0,494.0,23.944444444444443,2.7522
Pakistan,"Rice, paddy",1996,28685,11955.0,494.0,23.88888888888889,2.8685
Pakistan,"Rice, paddy",1997,28048,16936.0,494.0,23.425555555555558,2.8048
Pakistan,"Rice, paddy",1998,28930,18406.0,494.0,24.44,2.893
Pakistan,"Rice, paddy",1999,30744,20450.0,494.0,24.857777777777777,3.0744
Pakistan,"Rice, paddy",2000,30312,27885.0,494.0,24.742222222222225,3.0312
Pakistan,"Rice, paddy",2001,27542,11871.0,494.0,24.721111111111114,2.7542
Pakistan,"Rice, paddy",2002,30192,10881.83,494.0,24.94333333333333,3.0192
Pakistan,"Rice, paddy",2004,29914,8903.48,494.0,24.974444444444444,2.9914
Pakistan,"Rice, paddy",2005,31742,7914.31,494.0,24.05777777777778,3.1742
Pakistan,"Rice, paddy",2006,31604,6925.13,494.0,24.465555555555554,3.1604
Pakistan,"Rice, paddy",2007,33176,5935.96,494.0,24.582222222222224,3.3176
Pakistan,"Rice, paddy",2008,35199,4946.79,494.0,24.33888888888889,3.5199
Pakistan,"Rice, paddy",2009,35809,3957.61,494.0,24.763333333333335,3.5809
Pakistan,"Rice, paddy",2010,30588,2968.44,494.0,24.885555555555555,3.0588
Pakistan,"Rice, paddy",2011,35939,1979.27,494.0,24.48,3.5939
Pakistan,"Rice, paddy",2012,35966,990.09,494.0,24.20777777777778,3.5966
Pakistan,"Rice, paddy",2013,37528,0.92,494.0,25.242222222222225,3.7528
Pakistan,Sorghum,1990,5736,5299.0,494.0,24.224444444444444,0.5736
Pakistan,Sorghum,1991,5866,5962.0,494.0,23.763333333333335,0.5866
Pakistan,Sorghum,1992,5910,5518.0,494.0,23.668888888888887,0.591
Pakistan,Sorghum,1993,5821,4945.0,494.0,24.41222222222222,0.5821
Pakistan,Sorghum,1994,6011,6183.0,494.0,24.054444444444446,0.6011
Pakistan,Sorghum,1995,6099,7681.0,494.0,23.944444444444443,0.6099
Pakistan,Sorghum,1996,5931,11955.0,494.0,23.88888888888889,0.5931
Pakistan,Sorghum,1997,5926,16936.0,494.0,23.425555555555558,0.5926
Pakistan,Sorghum,1998,5952,18406.0,494.0,24.44,0.5952
Pakistan,Sorghum,1999,6167,20450.0,494.0,24.857777777777777,0.6167
Pakistan,Sorghum,2000,6179,27885.0,494.0,24.742222222222225,0.6179
Pakistan,Sorghum,2001,6197,11871.0,494.0,24.721111111111114,0.6197
Pakistan,Sorghum,2002,5989,10881.83,494.0,24.94333333333333,0.5989
Pakistan,Sorghum,2004,6062,8903.48,494.0,24.974444444444444,0.6062
Pakistan,Sorghum,2005,5998,7914.31,494.0,24.05777777777778,0.5998
Pakistan,Sorghum,2006,6156,6925.13,494.0,24.465555555555554,0.6156
Pakistan,Sorghum,2007,6045,5935.96,494.0,24.582222222222224,0.6045
Pakistan,Sorghum,2008,6262,4946.79,494.0,24.33888888888889,0.6262
Pakistan,Sorghum,2009,6204,3957.61,494.0,24.763333333333335,0.6204
Pakistan,Sorghum,2010,6171,2968.44,494.0,24.885555555555555,0.6171
Pakistan,Sorghum,2011,6417,1979.27,494.0,24.48,0.6417
Pakistan,Sorghum,2012,6203,990.09,494.0,24.20777777777778,0.6203
Pakistan,Sorghum,2013,5987,0.92,494.0,25.242222222222225,0.5987
Pakistan,Soybeans,1990,5679,5299.0,494.0,24.224444444444444,0.5679
Pakistan,Soybeans,1991,4992,5962.0,494.0,23.763333333333335,0.4992
Pakistan,Soybeans,1992,6051,5518.0,494.0,23.668888888888887,0.6051
Pakistan,Soybeans,1993,5681,4945.0,494.0,24.41222222222222,0.5681
Pakistan,Soybeans,1994,8011,6183.0,494.0,24.054444444444446,0.8011
Pakistan,Soybeans,1995,12021,7681.0,494.0,23.944444444444443,1.2021
Pakistan,Soybeans,1996,12636,11955.0,494.0,23.88888888888889,1.2636
Pakistan,Soybeans,1997,12942,16936.0,494.0,23.425555555555558,1.2942
Pakistan,Soybeans,1998,12959,18406.0,494.0,24.44,1.2959
Pakistan,Soybeans,1999,15078,20450.0,494.0,24.857777777777777,1.5078
Pakistan,Soybeans,2000,12160,27885.0,494.0,24.742222222222225,1.216
Pakistan,Soybeans,2001,11134,11871.0,494.0,24.721111111111114,1.1134
Pakistan,Soybeans,2002,12647,10881.83,494.0,24.94333333333333,1.2647
Pakistan,Soybeans,2004,12450,8903.48,494.0,24.974444444444444,1.245
Pakistan,Soybeans,2005,12000,7914.31,494.0,24.05777777777778,1.2
Pakistan,Soybeans,2006,11287,6925.13,494.0,24.465555555555554,1.1287
Pakistan,Soybeans,2007,5818,5935.96,494.0,24.582222222222224,0.5818
Pakistan,Soybeans,2008,5918,4946.79,494.0,24.33888888888889,0.5918
Pakistan,Soybeans,2009,6078,3957.61,494.0,24.763333333333335,0.6078
Pakistan,Soybeans,2010,5730,2968.44,494.0,24.885555555555555,0.573
Pakistan,Soybeans,2011,6953,1979.27,494.0,24.48,0.6953
Pakistan,Soybeans,2012,7901,990.09,494.0,24.20777777777778,0.7901
Pakistan,Soybeans,2013,7222,0.92,494.0,25.242222222222225,0.7222
Pakistan,Sweet potatoes,1990,92141,5299.0,494.0,24.224444444444444,9.2141
Pakistan,Sweet potatoes,1991,101190,5962.0,494.0,23.763333333333335,10.119
Pakistan,Sweet potatoes,1992,104368,5518.0,494.0,23.668888888888887,10.4368
Pakistan,Sweet potatoes,1993,98171,4945.0,494.0,24.41222222222222,9.8171
Pakistan,Sweet potatoes,1994,99148,6183.0,494.0,24.054444444444446,9.9148
Pakistan,Sweet potatoes,1995,100688,7681.0,494.0,23.944444444444443,10.0688
Pakistan,Sweet potatoes,1996,105177,11955.0,494.0,23.88888888888889,10.5177
Pakistan,Sweet potatoes,1997,104716,16936.0,494.0,23.425555555555558,10.4716
Pakistan,Sweet potatoes,1998,108413,18406.0,494.0,24.44,10.8413
Pakistan,Sweet potatoes,1999,112339,20450.0,494.0,24.857777777777777,11.2339
Pakistan,Sweet potatoes,2000,109771,27885.0,494.0,24.742222222222225,10.9771
Pakistan,Sweet potatoes,2001,104168,11871.0,494.0,24.721111111111114,10.4168
Pakistan,Sweet potatoes,2002,100385,10881.83,494.0,24.94333333333333,10.0385
Pakistan,Sweet potatoes,2004,113473,8903.48,494.0,24.974444444444444,11.3473
Pakistan,Sweet potatoes,2005,112584,7914.31,494.0,24.05777777777778,11.2584
Pakistan,Sweet potatoes,2006,118514,6925.13,494.0,24.465555555555554,11.8514
Pakistan,Sweet potatoes,2007,114454,5935.96,494.0,24.582222222222224,11.4454
Pakistan,Sweet potatoes,2008,111477,4946.79,494.0,24.33888888888889,11.1477
Pakistan,Sweet potatoes,2009,114254,3957.61,494.0,24.763333333333335,11.4254
Pakistan,Sweet potatoes,2010,109417,2968.44,494.0,24.885555555555555,10.9417
Pakistan,Sweet potatoes,2011,99623,1979.27,494.0,24.48,9.9623
Pakistan,Sweet potatoes,2012,86553,990.09,494.0,24.20777777777778,8.6553
Pakistan,Sweet potatoes,2013,88711,0.92,494.0,25.242222222222225,8.8711
Pakistan,Wheat,1990,18249,5299.0,494.0,24.224444444444444,1.8249
Pakistan,Wheat,1991,18410,5962.0,494.0,23.763333333333335,1.841
Pakistan,Wheat,1992,19910,5518.0,494.0,23.668888888888887,1.991
Pakistan,Wheat,1993,19466,4945.0,494.0,24.41222222222222,1.9466
Pakistan,Wheat,1994,18935,6183.0,494.0,24.054444444444446,1.8935
Pakistan,Wheat,1995,20811,7681.0,494.0,23.944444444444443,2.0811
Pakistan,Wheat,1996,20184,11955.0,494.0,23.88888888888889,2.0184
Pakistan,Wheat,1997,20533,16936.0,494.0,23.425555555555558,2.0533
Pakistan,Wheat,1998,22376,18406.0,494.0,24.44,2.2376
Pakistan,Wheat,1999,21698,20450.0,494.0,24.857777777777777,2.1698
Pakistan,Wheat,2000,24907,27885.0,494.0,24.742222222222225,2.4907
Pakistan,Wheat,2001,23254,11871.0,494.0,24.721111111111114,2.3254
Pakistan,Wheat,2002,22621,10881.83,494.0,24.94333333333333,2.2621
Pakistan,Wheat,2004,23733,8903.48,494.0,24.974444444444444,2.3733
Pakistan,Wheat,2005,25858,7914.31,494.0,24.05777777777778,2.5858
Pakistan,Wheat,2006,25186,6925.13,494.0,24.465555555555554,2.5186
Pakistan,Wheat,2007,27156,5935.96,494.0,24.582222222222224,2.7156
Pakistan,Wheat,2008,24514,4946.79,494.0,24.33888888888889,2.4514
Pakistan,Wheat,2009,26568,3957.61,494.0,24.763333333333335,2.6568
Pakistan,Wheat,2010,25528,2968.44,494.0,24.885555555555555,2.5528
Pakistan,Wheat,2011,28328,1979.27,494.0,24.48,2.8328
Pakistan,Wheat,2012,27138,990.09,494.0,24.20777777777778,2.7138
Pakistan,Wheat,2013,27957,0.92,494.0,25.242222222222225,2.7957
Papua New Guinea,Cassava,1990,105566,121.0,3142.0,25.27,10.5566
Papua New Guinea,Cassava,1991,105660,121.0,3142.0,25.04,10.566
Papua New Guinea,Cassava,1992,106604,121.0,3142.0,25.3,10.6604
Papua New Guinea,Cassava,1993,106667,172.0,3142.0,25.02,10.6667
Papua New Guinea,Cassava,1994,108571,176.0,3142.0,25.07,10.8571
Papua New Guinea,Cassava,1995,106667,105.0,3142.0,25.44,10.6667
Papua New Guinea,Cassava,1996,106667,105.0,3142.0,25.41,10.6667
Papua New Guinea,Cassava,1997,106667,105.0,3142.0,24.86,10.6667
Papua New Guinea,Cassava,1998,106667,105.0,3142.0,26.05,10.6667
Papua New Guinea,Cassava,1999,109091,105.0,3142.0,25.38,10.9091
Papua New Guinea,Cassava,2000,109091,105.0,3142.0,25.4,10.9091
Papua New Guinea,Cassava,2001,104167,105.0,3142.0,25.43,10.4167
Papua New Guinea,Cassava,2002,104167,105.0,3142.0,25.48,10.4167
Papua New Guinea,Cassava,2004,100000,105.0,3142.0,25.23,10.0
Papua New Guinea,Cassava,2005,100000,105.0,3142.0,25.51,10.0
Papua New Guinea,Cassava,2006,100000,105.0,3142.0,25.04,10.0
Papua New Guinea,Cassava,2007,100000,105.0,3142.0,25.2,10.0
Papua New Guinea,Cassava,2008,100000,105.0,3142.0,25.17,10.0
Papua New Guinea,Cassava,2009,100000,105.0,3142.0,25.08,10.0
Papua New Guinea,Cassava,2010,99665,105.0,3142.0,25.74,9.9665
Papua New Guinea,Cassava,2011,99179,105.0,3142.0,25.17,9.9179
Papua New Guinea,Cassava,2012,98926,105.0,3142.0,25.14,9.8926
Papua New Guinea,Cassava,2013,98663,105.0,3142.0,25.44,9.8663
Papua New Guinea,Maize,1990,25000,121.0,3142.0,25.27,2.5
Papua New Guinea,Maize,1991,25000,121.0,3142.0,25.04,2.5
Papua New Guinea,Maize,1992,28872,121.0,3142.0,25.3,2.8872
Papua New Guinea,Maize,1993,30769,172.0,3142.0,25.02,3.0769
Papua New Guinea,Maize,1994,33615,176.0,3142.0,25.07,3.3615
Papua New Guinea,Maize,1995,35714,105.0,3142.0,25.44,3.5714
Papua New Guinea,Maize,1996,45199,105.0,3142.0,25.41,4.5199
Papua New Guinea,Maize,1997,60000,105.0,3142.0,24.86,6.0
Papua New Guinea,Maize,1998,55543,105.0,3142.0,26.05,5.5543
Papua New Guinea,Maize,1999,54167,105.0,3142.0,25.38,5.4167
Papua New Guinea,Maize,2000,55385,105.0,3142.0,25.4,5.5385
Papua New Guinea,Maize,2001,59286,105.0,3142.0,25.43,5.9286
Papua New Guinea,Maize,2002,52970,105.0,3142.0,25.48,5.297
Papua New Guinea,Maize,2004,46154,105.0,3142.0,25.23,4.6154
Papua New Guinea,Maize,2005,46667,105.0,3142.0,25.51,4.6667
Papua New Guinea,Maize,2006,45000,105.0,3142.0,25.04,4.5
Papua New Guinea,Maize,2007,47059,105.0,3142.0,25.2,4.7059
Papua New Guinea,Maize,2008,45455,105.0,3142.0,25.17,4.5455
Papua New Guinea,Maize,2009,47718,105.0,3142.0,25.08,4.7718
Papua New Guinea,Maize,2010,50000,105.0,3142.0,25.74,5.0
Papua New Guinea,Maize,2011,57778,105.0,3142.0,25.17,5.7778
Papua New Guinea,Maize,2012,47619,105.0,3142.0,25.14,4.7619
Papua New Guinea,Maize,2013,54545,105.0,3142.0,25.44,5.4545
Papua New Guinea,Potatoes,1990,45000,121.0,3142.0,25.27,4.5
Papua New Guinea,Potatoes,1991,44331,121.0,3142.0,25.04,4.4331
Papua New Guinea,Potatoes,1992,45333,121.0,3142.0,25.3,4.5333
Papua New Guinea,Potatoes,1993,47059,172.0,3142.0,25.02,4.7059
Papua New Guinea,Potatoes,1994,43750,176.0,3142.0,25.07,4.375
Papua New Guinea,Potatoes,1995,47059,105.0,3142.0,25.44,4.7059
Papua New Guinea,Potatoes,1996,42500,105.0,3142.0,25.41,4.25
Papua New Guinea,Potatoes,1997,35000,105.0,3142.0,24.86,3.5
Papua New Guinea,Potatoes,1998,41667,105.0,3142.0,26.05,4.1667
Papua New Guinea,Potatoes,1999,42857,105.0,3142.0,25.38,4.2857
Papua New Guinea,Potatoes,2000,46667,105.0,3142.0,25.4,4.6667
Papua New Guinea,Potatoes,2001,45364,105.0,3142.0,25.43,4.5364
Papua New Guinea,Potatoes,2002,45134,105.0,3142.0,25.48,4.5134
Papua New Guinea,Potatoes,2004,45189,105.0,3142.0,25.23,4.5189
Papua New Guinea,Potatoes,2005,45000,105.0,3142.0,25.51,4.5
Papua New Guinea,Potatoes,2006,46014,105.0,3142.0,25.04,4.6014
Papua New Guinea,Potatoes,2007,45000,105.0,3142.0,25.2,4.5
Papua New Guinea,Potatoes,2008,44545,105.0,3142.0,25.17,4.4545
Papua New Guinea,Potatoes,2009,47512,105.0,3142.0,25.08,4.7512
Papua New Guinea,Potatoes,2010,48585,105.0,3142.0,25.74,4.8585
Papua New Guinea,Potatoes,2011,50272,105.0,3142.0,25.17,5.0272
Papua New Guinea,Potatoes,2012,52632,105.0,3142.0,25.14,5.2632
Papua New Guinea,Potatoes,2013,61538,105.0,3142.0,25.44,6.1538
Papua New Guinea,"Rice, paddy",1990,18235,121.0,3142.0,25.27,1.8235
Papua New Guinea,"Rice, paddy",1991,17458,121.0,3142.0,25.04,1.7458
Papua New Guinea,"Rice, paddy",1992,17695,121.0,3142.0,25.3,1.7695
Papua New Guinea,"Rice, paddy",1993,18000,172.0,3142.0,25.02,1.8
Papua New Guinea,"Rice, paddy",1994,17844,176.0,3142.0,25.07,1.7844
Papua New Guinea,"Rice, paddy",1995,17872,105.0,3142.0,25.44,1.7872
Papua New Guinea,"Rice, paddy",1996,17914,105.0,3142.0,25.41,1.7914
Papua New Guinea,"Rice, paddy",1997,17143,105.0,3142.0,24.86,1.7143
Papua New Guinea,"Rice, paddy",1998,18270,105.0,3142.0,26.05,1.827
Papua New Guinea,"Rice, paddy",1999,18583,105.0,3142.0,25.38,1.8583
Papua New Guinea,"Rice, paddy",2000,18910,105.0,3142.0,25.4,1.891
Papua New Guinea,"Rice, paddy",2001,20000,105.0,3142.0,25.43,2.0
Papua New Guinea,"Rice, paddy",2002,19276,105.0,3142.0,25.48,1.9276
Papua New Guinea,"Rice, paddy",2004,19266,105.0,3142.0,25.23,1.9266
Papua New Guinea,"Rice, paddy",2005,19409,105.0,3142.0,25.51,1.9409
Papua New Guinea,"Rice, paddy",2006,19552,105.0,3142.0,25.04,1.9552
Papua New Guinea,"Rice, paddy",2007,19694,105.0,3142.0,25.2,1.9694
Papua New Guinea,"Rice, paddy",2008,19837,105.0,3142.0,25.17,1.9837
Papua New Guinea,"Rice, paddy",2009,19979,105.0,3142.0,25.08,1.9979
Papua New Guinea,"Rice, paddy",2010,20122,105.0,3142.0,25.74,2.0122
Papua New Guinea,"Rice, paddy",2011,20264,105.0,3142.0,25.17,2.0264
Papua New Guinea,"Rice, paddy",2012,20407,105.0,3142.0,25.14,2.0407
Papua New Guinea,"Rice, paddy",2013,20549,105.0,3142.0,25.44,2.0549
Papua New Guinea,Sorghum,1990,41152,121.0,3142.0,25.27,4.1152
Papua New Guinea,Sorghum,1991,26190,121.0,3142.0,25.04,2.619
Papua New Guinea,Sorghum,1992,26000,121.0,3142.0,25.3,2.6
Papua New Guinea,Sorghum,1993,23333,172.0,3142.0,25.02,2.3333
Papua New Guinea,Sorghum,1994,24286,176.0,3142.0,25.07,2.4286
Papua New Guinea,Sorghum,1995,25000,105.0,3142.0,25.44,2.5
Papua New Guinea,Sorghum,1996,27778,105.0,3142.0,25.41,2.7778
Papua New Guinea,Sorghum,1997,30000,105.0,3142.0,24.86,3.0
Papua New Guinea,Sorghum,1998,29748,105.0,3142.0,26.05,2.9748
Papua New Guinea,Sorghum,1999,30909,105.0,3142.0,25.38,3.0909
Papua New Guinea,Sorghum,2000,30023,105.0,3142.0,25.4,3.0023
Papua New Guinea,Sorghum,2001,29167,105.0,3142.0,25.43,2.9167
Papua New Guinea,Sorghum,2002,29997,105.0,3142.0,25.48,2.9997
Papua New Guinea,Sorghum,2004,31398,105.0,3142.0,25.23,3.1398
Papua New Guinea,Sorghum,2005,32218,105.0,3142.0,25.51,3.2218
Papua New Guinea,Sorghum,2006,33136,105.0,3142.0,25.04,3.3136
Papua New Guinea,Sorghum,2007,34193,105.0,3142.0,25.2,3.4193
Papua New Guinea,Sorghum,2008,35000,105.0,3142.0,25.17,3.5
Papua New Guinea,Sorghum,2009,38182,105.0,3142.0,25.08,3.8182
Papua New Guinea,Sorghum,2010,38584,105.0,3142.0,25.74,3.8584
Papua New Guinea,Sorghum,2011,37895,105.0,3142.0,25.17,3.7895
Papua New Guinea,Sorghum,2012,38338,105.0,3142.0,25.14,3.8338
Papua New Guinea,Sorghum,2013,39020,105.0,3142.0,25.44,3.902
Papua New Guinea,Sweet potatoes,1990,42115,121.0,3142.0,25.27,4.2115
Papua New Guinea,Sweet potatoes,1991,47000,121.0,3142.0,25.04,4.7
Papua New Guinea,Sweet potatoes,1992,47500,121.0,3142.0,25.3,4.75
Papua New Guinea,Sweet potatoes,1993,48000,172.0,3142.0,25.02,4.8
Papua New Guinea,Sweet potatoes,1994,45000,176.0,3142.0,25.07,4.5
Papua New Guinea,Sweet potatoes,1995,46000,105.0,3142.0,25.44,4.6
Papua New Guinea,Sweet potatoes,1996,45000,105.0,3142.0,25.41,4.5
Papua New Guinea,Sweet potatoes,1997,46000,105.0,3142.0,24.86,4.6
Papua New Guinea,Sweet potatoes,1998,46000,105.0,3142.0,26.05,4.6
Papua New Guinea,Sweet potatoes,1999,47059,105.0,3142.0,25.38,4.7059
Papua New Guinea,Sweet potatoes,2000,47059,105.0,3142.0,25.4,4.7059
Papua New Guinea,Sweet potatoes,2001,48039,105.0,3142.0,25.43,4.8039
Papua New Guinea,Sweet potatoes,2002,47573,105.0,3142.0,25.48,4.7573
Papua New Guinea,Sweet potatoes,2004,50000,105.0,3142.0,25.23,5.0
Papua New Guinea,Sweet potatoes,2005,49514,105.0,3142.0,25.51,4.9514
Papua New Guinea,Sweet potatoes,2006,50000,105.0,3142.0,25.04,5.0
Papua New Guinea,Sweet potatoes,2007,50435,105.0,3142.0,25.2,5.0435
Papua New Guinea,Sweet potatoes,2008,50000,105.0,3142.0,25.17,5.0
Papua New Guinea,Sweet potatoes,2009,49583,105.0,3142.0,25.08,4.9583
Papua New Guinea,Sweet potatoes,2010,49994,105.0,3142.0,25.74,4.9994
Papua New Guinea,Sweet potatoes,2011,50469,105.0,3142.0,25.17,5.0469
Papua New Guinea,Sweet potatoes,2012,50681,105.0,3142.0,25.14,5.0681
Papua New Guinea,Sweet potatoes,2013,50887,105.0,3142.0,25.44,5.0887
Papua New Guinea,Yams,1990,173554,121.0,3142.0,25.27,17.3554
Papua New Guinea,Yams,1991,176230,121.0,3142.0,25.04,17.623
Papua New Guinea,Yams,1992,178455,121.0,3142.0,25.3,17.8455
Papua New Guinea,Yams,1993,176000,172.0,3142.0,25.02,17.6
Papua New Guinea,Yams,1994,174797,176.0,3142.0,25.07,17.4797
Papua New Guinea,Yams,1995,174933,105.0,3142.0,25.44,17.4933
Papua New Guinea,Yams,1996,175000,105.0,3142.0,25.41,17.5
Papua New Guinea,Yams,1997,175095,105.0,3142.0,24.86,17.5095
Papua New Guinea,Yams,1998,175385,105.0,3142.0,26.05,17.5385
Papua New Guinea,Yams,1999,175187,105.0,3142.0,25.38,17.5187
Papua New Guinea,Yams,2000,175000,105.0,3142.0,25.4,17.5
Papua New Guinea,Yams,2001,173333,105.0,3142.0,25.43,17.3333
Papua New Guinea,Yams,2002,175000,105.0,3142.0,25.48,17.5
Papua New Guinea,Yams,2004,168433,105.0,3142.0,25.23,16.8433
Papua New Guinea,Yams,2005,165714,105.0,3142.0,25.51,16.5714
Papua New Guinea,Yams,2006,165000,105.0,3142.0,25.04,16.5
Papua New Guinea,Yams,2007,167568,105.0,3142.0,25.2,16.7568
Papua New Guinea,Yams,2008,165263,105.0,3142.0,25.17,16.5263
Papua New Guinea,Yams,2009,165128,105.0,3142.0,25.08,16.5128
Papua New Guinea,Yams,2010,171053,105.0,3142.0,25.74,17.1053
Papua New Guinea,Yams,2011,174359,105.0,3142.0,25.17,17.4359
Papua New Guinea,Yams,2012,172500,105.0,3142.0,25.14,17.25
Papua New Guinea,Yams,2013,175000,105.0,3142.0,25.44,17.5
Peru,Cassava,1990,93413,3134.0,1738.0,16.84,9.3413
Peru,Cassava,1991,110170,3134.0,1738.0,17.15,11.017
Peru,Cassava,1992,104847,3134.0,1738.0,17.96,10.4847
Peru,Cassava,1993,103956,3134.0,1738.0,17.56,10.3956
Peru,Cassava,1994,105988,3134.0,1738.0,17.31,10.5988
Peru,Cassava,1995,105702,3134.0,1738.0,17.26,10.5702
Peru,Cassava,1996,107672,3755.0,1738.0,16.45,10.7672
Peru,Cassava,1997,108554,4307.0,1738.0,18.62,10.8554
Peru,Cassava,1998,109191,4374.0,1738.0,18.13,10.9191
Peru,Cassava,1999,109259,4029.0,1738.0,16.65,10.9259
Peru,Cassava,2000,109285,5175.0,1738.0,17.02,10.9285
Peru,Cassava,2001,107528,8414.17,1738.0,16.95,10.7528
Peru,Cassava,2002,107337,8322.88,1738.0,17.44,10.7337
Peru,Cassava,2004,110717,8941.22,1738.0,17.29,11.0717
Peru,Cassava,2005,108392,10227.74,1738.0,17.02,10.8392
Peru,Cassava,2006,111287,12074.5,1738.0,17.61,11.1287
Peru,Cassava,2007,111848,9011.14,1738.0,16.68,11.1848
Peru,Cassava,2008,113363,12598.66,1738.0,17.34,11.3363
Peru,Cassava,2009,116481,11531.33,1738.0,17.4,11.6481
Peru,Cassava,2010,117650,15590.54,1738.0,16.97,11.765
Peru,Cassava,2011,118328,15436.91,1738.0,17.03,11.8328
Peru,Cassava,2012,121015,18885.82,1738.0,17.68,12.1015
Peru,Cassava,2013,121025,17942.97,1738.0,17.0,12.1025
Peru,Maize,1990,19532,3134.0,1738.0,16.84,1.9532
Peru,Maize,1991,19213,3134.0,1738.0,17.15,1.9213
Peru,Maize,1992,18858,3134.0,1738.0,17.96,1.8858
Peru,Maize,1993,21634,3134.0,1738.0,17.56,2.1634
Peru,Maize,1994,20891,3134.0,1738.0,17.31,2.0891
Peru,Maize,1995,19593,3134.0,1738.0,17.26,1.9593
Peru,Maize,1996,25267,3755.0,1738.0,16.45,2.5267
Peru,Maize,1997,20008,4307.0,1738.0,18.62,2.0008
Peru,Maize,1998,21121,4374.0,1738.0,18.13,2.1121
Peru,Maize,1999,23053,4029.0,1738.0,16.65,2.3053
Peru,Maize,2000,24119,5175.0,1738.0,17.02,2.4119
Peru,Maize,2001,25887,8414.17,1738.0,16.95,2.5887
Peru,Maize,2002,26708,8322.88,1738.0,17.44,2.6708
Peru,Maize,2004,26734,8941.22,1738.0,17.29,2.6734
Peru,Maize,2005,26289,10227.74,1738.0,17.02,2.6289
Peru,Maize,2006,27129,12074.5,1738.0,17.61,2.7129
Peru,Maize,2007,28371,9011.14,1738.0,16.68,2.8371
Peru,Maize,2008,29673,12598.66,1738.0,17.34,2.9673
Peru,Maize,2009,30290,11531.33,1738.0,17.4,3.029
Peru,Maize,2010,30999,15590.54,1738.0,16.97,3.0999
Peru,Maize,2011,31866,15436.91,1738.0,17.03,3.1866
Peru,Maize,2012,33084,18885.82,1738.0,17.68,3.3084
Peru,Maize,2013,32686,17942.97,1738.0,17.0,3.2686
Peru,Plantains and others,1990,121397,3134.0,1738.0,16.84,12.1397
Peru,Plantains and others,1991,129679,3134.0,1738.0,17.15,12.9679
Peru,Plantains and others,1992,105298,3134.0,1738.0,17.96,10.5298
Peru,Plantains and others,1993,106893,3134.0,1738.0,17.56,10.6893
Peru,Plantains and others,1994,121814,3134.0,1738.0,17.31,12.1814
Peru,Plantains and others,1995,127585,3134.0,1738.0,17.26,12.7585
Peru,Plantains and others,1996,118111,3755.0,1738.0,16.45,11.8111
Peru,Plantains and others,1997,126878,4307.0,1738.0,18.62,12.6878
Peru,Plantains and others,1998,111944,4374.0,1738.0,18.13,11.1944
Peru,Plantains and others,1999,109451,4029.0,1738.0,16.65,10.9451
Peru,Plantains and others,2000,109501,5175.0,1738.0,17.02,10.9501
Peru,Plantains and others,2001,120549,8414.17,1738.0,16.95,12.0549
Peru,Plantains and others,2002,122667,8322.88,1738.0,17.44,12.2667
Peru,Plantains and others,2004,119010,8941.22,1738.0,17.29,11.901
Peru,Plantains and others,2005,119628,10227.74,1738.0,17.02,11.9628
Peru,Plantains and others,2006,123128,12074.5,1738.0,17.61,12.3128
Peru,Plantains and others,2007,124107,9011.14,1738.0,16.68,12.4107
Peru,Plantains and others,2008,119548,12598.66,1738.0,17.34,11.9548
Peru,Plantains and others,2009,119284,11531.33,1738.0,17.4,11.9284
Peru,Plantains and others,2010,128578,15590.54,1738.0,16.97,12.8578
Peru,Plantains and others,2011,132389,15436.91,1738.0,17.03,13.2389
Peru,Plantains and others,2012,137377,18885.82,1738.0,17.68,13.7377
Peru,Plantains and others,2013,128177,17942.97,1738.0,17.0,12.8177
Peru,Potatoes,1990,78805,3134.0,1738.0,16.84,7.8805
Peru,Potatoes,1991,79465,3134.0,1738.0,17.15,7.9465
Peru,Potatoes,1992,74276,3134.0,1738.0,17.96,7.4276
Peru,Potatoes,1993,83920,3134.0,1738.0,17.56,8.392
Peru,Potatoes,1994,93738,3134.0,1738.0,17.31,9.3738
Peru,Potatoes,1995,97817,3134.0,1738.0,17.26,9.7817
Peru,Potatoes,1996,100629,3755.0,1738.0,16.45,10.0629
Peru,Potatoes,1997,96703,4307.0,1738.0,18.62,9.6703
Peru,Potatoes,1998,97887,4374.0,1738.0,18.13,9.7887
Peru,Potatoes,1999,112513,4029.0,1738.0,16.65,11.2513
Peru,Potatoes,2000,115040,5175.0,1738.0,17.02,11.504
Peru,Potatoes,2001,114862,8414.17,1738.0,16.95,11.4862
Peru,Potatoes,2002,121751,8322.88,1738.0,17.44,12.1751
Peru,Potatoes,2004,121901,8941.22,1738.0,17.29,12.1901
Peru,Potatoes,2005,124584,10227.74,1738.0,17.02,12.4584
Peru,Potatoes,2006,124533,12074.5,1738.0,17.61,12.4533
Peru,Potatoes,2007,126342,9011.14,1738.0,16.68,12.6342
Peru,Potatoes,2008,129138,12598.66,1738.0,17.34,12.9138
Peru,Potatoes,2009,133353,11531.33,1738.0,17.4,13.3353
Peru,Potatoes,2010,131588,15590.54,1738.0,16.97,13.1588
Peru,Potatoes,2011,137379,15436.91,1738.0,17.03,13.7379
Peru,Potatoes,2012,143316,18885.82,1738.0,17.68,14.3316
Peru,Potatoes,2013,144125,17942.97,1738.0,17.0,14.4125
Peru,"Rice, paddy",1990,52290,3134.0,1738.0,16.84,5.229
Peru,"Rice, paddy",1991,51416,3134.0,1738.0,17.15,5.1416
Peru,"Rice, paddy",1992,49812,3134.0,1738.0,17.96,4.9812
Peru,"Rice, paddy",1993,54506,3134.0,1738.0,17.56,5.4506
Peru,"Rice, paddy",1994,58525,3134.0,1738.0,17.31,5.8525
Peru,"Rice, paddy",1995,56180,3134.0,1738.0,17.26,5.618
Peru,"Rice, paddy",1996,57198,3755.0,1738.0,16.45,5.7198
Peru,"Rice, paddy",1997,61154,4307.0,1738.0,18.62,6.1154
Peru,"Rice, paddy",1998,57558,4374.0,1738.0,18.13,5.7558
Peru,"Rice, paddy",1999,62514,4029.0,1738.0,16.65,6.2514
Peru,"Rice, paddy",2000,65901,5175.0,1738.0,17.02,6.5901
Peru,"Rice, paddy",2001,66941,8414.17,1738.0,16.95,6.6941
Peru,"Rice, paddy",2002,66876,8322.88,1738.0,17.44,6.6876
Peru,"Rice, paddy",2004,64401,8941.22,1738.0,17.29,6.4401
Peru,"Rice, paddy",2005,68971,10227.74,1738.0,17.02,6.8971
Peru,"Rice, paddy",2006,68732,12074.5,1738.0,17.61,6.8732
Peru,"Rice, paddy",2007,66817,9011.14,1738.0,16.68,6.6817
Peru,"Rice, paddy",2008,73089,12598.66,1738.0,17.34,7.3089
Peru,"Rice, paddy",2009,73926,11531.33,1738.0,17.4,7.3926
Peru,"Rice, paddy",2010,72850,15590.54,1738.0,16.97,7.285
Peru,"Rice, paddy",2011,72980,15436.91,1738.0,17.03,7.298
Peru,"Rice, paddy",2012,77851,18885.82,1738.0,17.68,7.7851
Peru,"Rice, paddy",2013,77112,17942.97,1738.0,17.0,7.7112
Peru,Sorghum,1990,27036,3134.0,1738.0,16.84,2.7036
Peru,Sorghum,1991,30554,3134.0,1738.0,17.15,3.0554
Peru,Sorghum,1992,25526,3134.0,1738.0,17.96,2.5526
Peru,Sorghum,1993,45815,3134.0,1738.0,17.56,4.5815
Peru,Sorghum,1994,42052,3134.0,1738.0,17.31,4.2052
Peru,Sorghum,1995,42594,3134.0,1738.0,17.26,4.2594
Peru,Sorghum,1996,51836,3755.0,1738.0,16.45,5.1836
Peru,Sorghum,1997,53080,4307.0,1738.0,18.62,5.308
Peru,Sorghum,1998,35932,4374.0,1738.0,18.13,3.5932
Peru,Sorghum,1999,34219,4029.0,1738.0,16.65,3.4219
Peru,Sorghum,2000,25760,5175.0,1738.0,17.02,2.576
Peru,Sorghum,2001,25333,8414.17,1738.0,16.95,2.5333
Peru,Sorghum,2002,20000,8322.88,1738.0,17.44,2.0
Peru,Sorghum,2004,28286,8941.22,1738.0,17.29,2.8286
Peru,Sorghum,2005,24839,10227.74,1738.0,17.02,2.4839
Peru,Sorghum,2006,53289,12074.5,1738.0,17.61,5.3289
Peru,Sorghum,2007,24091,9011.14,1738.0,16.68,2.4091
Peru,Sorghum,2008,32895,12598.66,1738.0,17.34,3.2895
Peru,Sorghum,2009,38250,11531.33,1738.0,17.4,3.825
Peru,Sorghum,2010,29412,15590.54,1738.0,16.97,2.9412
Peru,Sorghum,2011,33571,15436.91,1738.0,17.03,3.3571
Peru,Sorghum,2012,35629,18885.82,1738.0,17.68,3.5629
Peru,Sorghum,2013,38171,17942.97,1738.0,17.0,3.8171
Peru,Soybeans,1990,20998,3134.0,1738.0,16.84,2.0998
Peru,Soybeans,1991,16875,3134.0,1738.0,17.15,1.6875
Peru,Soybeans,1992,13275,3134.0,1738.0,17.96,1.3275
Peru,Soybeans,1993,16322,3134.0,1738.0,17.56,1.6322
Peru,Soybeans,1994,12655,3134.0,1738.0,17.31,1.2655
Peru,Soybeans,1995,14416,3134.0,1738.0,17.26,1.4416
Peru,Soybeans,1996,15648,3755.0,1738.0,16.45,1.5648
Peru,Soybeans,1997,14479,4307.0,1738.0,18.62,1.4479
Peru,Soybeans,1998,14309,4374.0,1738.0,18.13,1.4309
Peru,Soybeans,1999,14486,4029.0,1738.0,16.65,1.4486
Peru,Soybeans,2000,14542,5175.0,1738.0,17.02,1.4542
Peru,Soybeans,2001,14919,8414.17,1738.0,16.95,1.4919
Peru,Soybeans,2002,16193,8322.88,1738.0,17.44,1.6193
Peru,Soybeans,2004,16316,8941.22,1738.0,17.29,1.6316
Peru,Soybeans,2005,15354,10227.74,1738.0,17.02,1.5354
Peru,Soybeans,2006,15705,12074.5,1738.0,17.61,1.5705
Peru,Soybeans,2007,15572,9011.14,1738.0,16.68,1.5572
Peru,Soybeans,2008,16907,12598.66,1738.0,17.34,1.6907
Peru,Soybeans,2009,17214,11531.33,1738.0,17.4,1.7214
Peru,Soybeans,2010,17758,15590.54,1738.0,16.97,1.7758
Peru,Soybeans,2011,18091,15436.91,1738.0,17.03,1.8091
Peru,Soybeans,2012,18212,18885.82,1738.0,17.68,1.8212
Peru,Soybeans,2013,17893,17942.97,1738.0,17.0,1.7893
Peru,Sweet potatoes,1990,159470,3134.0,1738.0,16.84,15.947
Peru,Sweet potatoes,1991,145947,3134.0,1738.0,17.15,14.5947
Peru,Sweet potatoes,1992,171877,3134.0,1738.0,17.96,17.1877
Peru,Sweet potatoes,1993,154064,3134.0,1738.0,17.56,15.4064
Peru,Sweet potatoes,1994,149086,3134.0,1738.0,17.31,14.9086
Peru,Sweet potatoes,1995,171233,3134.0,1738.0,17.26,17.1233
Peru,Sweet potatoes,1996,173161,3755.0,1738.0,16.45,17.3161
Peru,Sweet potatoes,1997,181629,4307.0,1738.0,18.62,18.1629
Peru,Sweet potatoes,1998,128000,4374.0,1738.0,18.13,12.8
Peru,Sweet potatoes,1999,168136,4029.0,1738.0,16.65,16.8136
Peru,Sweet potatoes,2000,157591,5175.0,1738.0,17.02,15.7591
Peru,Sweet potatoes,2001,164528,8414.17,1738.0,16.95,16.4528
Peru,Sweet potatoes,2002,161331,8322.88,1738.0,17.44,16.1331
Peru,Sweet potatoes,2004,157317,8941.22,1738.0,17.29,15.7317
Peru,Sweet potatoes,2005,163495,10227.74,1738.0,17.02,16.3495
Peru,Sweet potatoes,2006,176596,12074.5,1738.0,17.61,17.6596
Peru,Sweet potatoes,2007,164704,9011.14,1738.0,16.68,16.4704
Peru,Sweet potatoes,2008,156567,12598.66,1738.0,17.34,15.6567
Peru,Sweet potatoes,2009,164141,11531.33,1738.0,17.4,16.4141
Peru,Sweet potatoes,2010,167924,15590.54,1738.0,16.97,16.7924
Peru,Sweet potatoes,2011,180910,15436.91,1738.0,17.03,18.091
Peru,Sweet potatoes,2012,174591,18885.82,1738.0,17.68,17.4591
Peru,Sweet potatoes,2013,183363,17942.97,1738.0,17.0,18.3363
Peru,Wheat,1990,10847,3134.0,1738.0,16.84,1.0847
Peru,Wheat,1991,8553,3134.0,1738.0,17.15,0.8553
Peru,Wheat,1992,13304,3134.0,1738.0,17.96,1.3304
Peru,Wheat,1993,14812,3134.0,1738.0,17.56,1.4812
Peru,Wheat,1994,12420,3134.0,1738.0,17.31,1.242
Peru,Wheat,1995,12643,3134.0,1738.0,17.26,1.2643
Peru,Wheat,1996,12499,3755.0,1738.0,16.45,1.2499
Peru,Wheat,1997,11150,4307.0,1738.0,18.62,1.115
Peru,Wheat,1998,11648,4374.0,1738.0,18.13,1.1648
Peru,Wheat,1999,12877,4029.0,1738.0,16.65,1.2877
Peru,Wheat,2000,12797,5175.0,1738.0,17.02,1.2797
Peru,Wheat,2001,12465,8414.17,1738.0,16.95,1.2465
Peru,Wheat,2002,13456,8322.88,1738.0,17.44,1.3456
Peru,Wheat,2004,13872,8941.22,1738.0,17.29,1.3872
Peru,Wheat,2005,13440,10227.74,1738.0,17.02,1.344
Peru,Wheat,2006,13360,12074.5,1738.0,17.61,1.336
Peru,Wheat,2007,12562,9011.14,1738.0,16.68,1.2562
Peru,Wheat,2008,13839,12598.66,1738.0,17.34,1.3839
Peru,Wheat,2009,14315,11531.33,1738.0,17.4,1.4315
Peru,Wheat,2010,14224,15590.54,1738.0,16.97,1.4224
Peru,Wheat,2011,14719,15436.91,1738.0,17.03,1.4719
Peru,Wheat,2012,14891,18885.82,1738.0,17.68,1.4891
Peru,Wheat,2013,14976,17942.97,1738.0,17.0,1.4976
Poland,Maize,1990,49126,5422.0,600.0,9.2,4.9126
Poland,Maize,1991,48468,5422.0,600.0,7.9,4.8468
Poland,Maize,1992,36699,7363.0,600.0,8.65,3.6699
Poland,Maize,1993,53160,8825.0,600.0,7.67,5.316
Poland,Maize,1994,37503,9330.0,600.0,8.78,3.7503
Poland,Maize,1995,49586,7136.0,600.0,8.16,4.9586
Poland,Maize,1996,50514,9824.0,600.0,6.71,5.0514
Poland,Maize,1997,54011,9501.0,600.0,7.81,5.4011
Poland,Maize,1998,58272,8699.0,600.0,8.17,5.8272
Poland,Maize,1999,57506,8466.0,600.0,8.96,5.7506
Poland,Maize,2000,60637,8848.0,600.0,9.56,6.0637
Poland,Maize,2001,60683,8855.0,600.0,8.26,6.0683
Poland,Maize,2002,61563,10358.0,600.0,9.14,6.1563
Poland,Maize,2004,56935,8726.0,600.0,8.33,5.6935
Poland,Maize,2005,57329,16039.0,600.0,8.43,5.7329
Poland,Maize,2006,41609,17101.0,600.0,8.64,4.1609
Poland,Maize,2007,65743,18721.0,600.0,9.32,6.5743
Poland,Maize,2008,58149,20611.02,600.0,9.51,5.8149
Poland,Maize,2009,62262,18493.03,600.0,8.5,6.2262
Poland,Maize,2010,59824,19449.02,600.0,7.67,5.9824
Poland,Maize,2011,71770,21779.27,600.0,8.84,7.177
Poland,Maize,2012,73481,21885.99,600.0,8.48,7.3481
Poland,Maize,2013,65761,22204.46,600.0,9.32,6.5761
Poland,Potatoes,1990,197853,5422.0,600.0,9.2,19.7853
Poland,Potatoes,1991,167589,5422.0,600.0,7.9,16.7589
Poland,Potatoes,1992,133086,7363.0,600.0,8.65,13.3086
Poland,Potatoes,1993,206004,8825.0,600.0,7.67,20.6004
Poland,Potatoes,1994,135853,9330.0,600.0,8.78,13.5853
Poland,Potatoes,1995,163505,7136.0,600.0,8.16,16.3505
Poland,Potatoes,1996,202826,9824.0,600.0,6.71,20.2826
Poland,Potatoes,1997,159025,9501.0,600.0,7.81,15.9025
Poland,Potatoes,1998,200375,8699.0,600.0,8.17,20.0375
Poland,Potatoes,1999,157170,8466.0,600.0,8.96,15.717
Poland,Potatoes,2000,193762,8848.0,600.0,9.56,19.3762
Poland,Potatoes,2001,162270,8855.0,600.0,8.26,16.227
Poland,Potatoes,2002,193220,10358.0,600.0,9.14,19.322
Poland,Potatoes,2004,196266,8726.0,600.0,8.33,19.6266
Poland,Potatoes,2005,176293,16039.0,600.0,8.43,17.6293
Poland,Potatoes,2006,150394,17101.0,600.0,8.64,15.0394
Poland,Potatoes,2007,207006,18721.0,600.0,9.32,20.7006
Poland,Potatoes,2008,190607,20611.02,600.0,9.51,19.0607
Poland,Potatoes,2009,191018,18493.03,600.0,8.5,19.1018
Poland,Potatoes,2010,210838,19449.02,600.0,7.67,21.0838
Poland,Potatoes,2011,230338,21779.27,600.0,8.84,23.0338
Poland,Potatoes,2012,243751,21885.99,600.0,8.48,24.3751
Poland,Potatoes,2013,210624,22204.46,600.0,9.32,21.0624
Poland,Soybeans,2004,16007,8726.0,600.0,8.33,1.6007
Poland,Soybeans,2005,11284,16039.0,600.0,8.43,1.1284
Poland,Soybeans,2006,11429,17101.0,600.0,8.64,1.1429
Poland,Soybeans,2007,15813,18721.0,600.0,9.32,1.5813
Poland,Soybeans,2008,15224,20611.02,600.0,9.51,1.5224
Poland,Soybeans,2009,16457,18493.03,600.0,8.5,1.6457
Poland,Soybeans,2010,13757,19449.02,600.0,7.67,1.3757
Poland,Soybeans,2011,15913,21779.27,600.0,8.84,1.5913
Poland,Soybeans,2012,17076,21885.99,600.0,8.48,1.7076
Poland,Wheat,1990,39575,5422.0,600.0,9.2,3.9575
Poland,Wheat,1991,38032,5422.0,600.0,7.9,3.8032
Poland,Wheat,1992,30635,7363.0,600.0,8.65,3.0635
Poland,Wheat,1993,33279,8825.0,600.0,7.67,3.3279
Poland,Wheat,1994,31817,9330.0,600.0,8.78,3.1817
Poland,Wheat,1995,36015,7136.0,600.0,8.16,3.6015
Poland,Wheat,1996,34574,9824.0,600.0,6.71,3.4574
Poland,Wheat,1997,32064,9501.0,600.0,7.81,3.2064
Poland,Wheat,1998,36243,8699.0,600.0,8.17,3.6243
Poland,Wheat,1999,35042,8466.0,600.0,8.96,3.5042
Poland,Wheat,2000,32268,8848.0,600.0,9.56,3.2268
Poland,Wheat,2001,35336,8855.0,600.0,8.26,3.5336
Poland,Wheat,2002,38539,10358.0,600.0,9.14,3.8539
Poland,Wheat,2004,42811,8726.0,600.0,8.33,4.2811
Poland,Wheat,2005,39545,16039.0,600.0,8.43,3.9545
Poland,Wheat,2006,32447,17101.0,600.0,8.64,3.2447
Poland,Wheat,2007,39381,18721.0,600.0,9.32,3.9381
Poland,Wheat,2008,40716,20611.02,600.0,9.51,4.0716
Poland,Wheat,2009,41725,18493.03,600.0,8.5,4.1725
Poland,Wheat,2010,44290,19449.02,600.0,7.67,4.429
Poland,Wheat,2011,41348,21779.27,600.0,8.84,4.1348
Poland,Wheat,2012,41438,21885.99,600.0,8.48,4.1438
Poland,Wheat,2013,44367,22204.46,600.0,9.32,4.4367
Portugal,Maize,1990,30334,9357.0,854.0,16.55,3.0334
Portugal,Maize,1991,30411,9357.0,854.0,16.09,3.0411
Portugal,Maize,1992,34547,6117.0,854.0,15.95,3.4547
Portugal,Maize,1993,37231,8985.0,854.0,15.33,3.7231
Portugal,Maize,1994,40939,9580.0,854.0,16.12,4.0939
Portugal,Maize,1995,43624,11815.0,854.0,17.23,4.3624
Portugal,Maize,1996,46766,12457.0,854.0,16.12,4.6766
Portugal,Maize,1997,49592,12750.0,854.0,17.1,4.9592
Portugal,Maize,1998,53704,14389.0,854.0,16.4,5.3704
Portugal,Maize,1999,57089,15411.0,854.0,16.09,5.7089
Portugal,Maize,2000,57808,15470.0,854.0,16.23,5.7808
Portugal,Maize,2001,58929,15503.0,854.0,16.2,5.8929
Portugal,Maize,2002,57285,17452.0,854.0,16.19,5.7285
Portugal,Maize,2004,57869,16942.0,854.0,16.31,5.7869
Portugal,Maize,2005,46805,16353.0,854.0,16.43,4.6805
Portugal,Maize,2006,52885,15702.0,854.0,16.84,5.2885
Portugal,Maize,2007,58412,16682.39,854.0,16.11,5.8412
Portugal,Maize,2008,63278,17080.26,854.0,16.12,6.3278
Portugal,Maize,2009,66936,13984.91,854.0,16.84,6.6936
Portugal,Maize,2010,69295,13774.18,854.0,16.5,6.9295
Portugal,Maize,2011,81040,14024.98,854.0,16.91,8.104
Portugal,Maize,2012,83042,12444.24,854.0,16.24,8.3042
Portugal,Maize,2013,83149,10126.8,854.0,16.77,8.3149
Portugal,Potatoes,1990,111599,9357.0,854.0,16.55,11.1599
Portugal,Potatoes,1991,126513,9357.0,854.0,16.09,12.6513
Portugal,Potatoes,1992,143260,6117.0,854.0,15.95,14.326
Portugal,Potatoes,1993,139420,8985.0,854.0,15.33,13.942
Portugal,Potatoes,1994,144950,9580.0,854.0,16.12,14.495
Portugal,Potatoes,1995,148462,11815.0,854.0,17.23,14.8462
Portugal,Potatoes,1996,145807,12457.0,854.0,16.12,14.5807
Portugal,Potatoes,1997,123949,12750.0,854.0,17.1,12.3949
Portugal,Potatoes,1998,137551,14389.0,854.0,16.4,13.7551
Portugal,Potatoes,1999,156482,15411.0,854.0,16.09,15.6482
Portugal,Potatoes,2000,138196,15470.0,854.0,16.23,13.8196
Portugal,Potatoes,2001,149725,15503.0,854.0,16.2,14.9725
Portugal,Potatoes,2002,161642,17452.0,854.0,16.19,16.1642
Portugal,Potatoes,2004,169935,16942.0,854.0,16.31,16.9935
Portugal,Potatoes,2005,147282,16353.0,854.0,16.43,14.7282
Portugal,Potatoes,2006,161059,15702.0,854.0,16.84,16.1059
Portugal,Potatoes,2007,167685,16682.39,854.0,16.11,16.7685
Portugal,Potatoes,2008,157519,17080.26,854.0,16.12,15.7519
Portugal,Potatoes,2009,164431,13984.91,854.0,16.84,16.4431
Portugal,Potatoes,2010,150341,13774.18,854.0,16.5,15.0341
Portugal,Potatoes,2011,147088,14024.98,854.0,16.91,14.7088
Portugal,Potatoes,2012,177890,12444.24,854.0,16.24,17.789
Portugal,Potatoes,2013,182243,10126.8,854.0,16.77,18.2243
Portugal,"Rice, paddy",1990,46142,9357.0,854.0,16.55,4.6142
Portugal,"Rice, paddy",1991,50940,9357.0,854.0,16.09,5.094
Portugal,"Rice, paddy",1992,51948,6117.0,854.0,15.95,5.1948
Portugal,"Rice, paddy",1993,52273,8985.0,854.0,15.33,5.2273
Portugal,"Rice, paddy",1994,54776,9580.0,854.0,16.12,5.4776
Portugal,"Rice, paddy",1995,57329,11815.0,854.0,17.23,5.7329
Portugal,"Rice, paddy",1996,60906,12457.0,854.0,16.12,6.0906
Portugal,"Rice, paddy",1997,57529,12750.0,854.0,17.1,5.7529
Portugal,"Rice, paddy",1998,59872,14389.0,854.0,16.4,5.9872
Portugal,"Rice, paddy",1999,59924,15411.0,854.0,16.09,5.9924
Portugal,"Rice, paddy",2000,59772,15470.0,854.0,16.23,5.9772
Portugal,"Rice, paddy",2001,58523,15503.0,854.0,16.2,5.8523
Portugal,"Rice, paddy",2002,57862,17452.0,854.0,16.19,5.7862
Portugal,"Rice, paddy",2004,58527,16942.0,854.0,16.31,5.8527
Portugal,"Rice, paddy",2005,55044,16353.0,854.0,16.43,5.5044
Portugal,"Rice, paddy",2006,58551,15702.0,854.0,16.84,5.8551
Portugal,"Rice, paddy",2007,58062,16682.39,854.0,16.11,5.8062
Portugal,"Rice, paddy",2008,57219,17080.26,854.0,16.12,5.7219
Portugal,"Rice, paddy",2009,56818,13984.91,854.0,16.84,5.6818
Portugal,"Rice, paddy",2010,58453,13774.18,854.0,16.5,5.8453
Portugal,"Rice, paddy",2011,58855,14024.98,854.0,16.91,5.8855
Portugal,"Rice, paddy",2012,59995,12444.24,854.0,16.24,5.9995
Portugal,"Rice, paddy",2013,59699,10126.8,854.0,16.77,5.9699
Portugal,Sweet potatoes,1990,81250,9357.0,854.0,16.55,8.125
Portugal,Sweet potatoes,1991,77143,9357.0,854.0,16.09,7.7143
Portugal,Sweet potatoes,1992,90000,6117.0,854.0,15.95,9.0
Portugal,Sweet potatoes,1993,91427,8985.0,854.0,15.33,9.1427
Portugal,Sweet potatoes,1994,93857,9580.0,854.0,16.12,9.3857
Portugal,Sweet potatoes,1995,95537,11815.0,854.0,17.23,9.5537
Portugal,Sweet potatoes,1996,96796,12457.0,854.0,16.12,9.6796
Portugal,Sweet potatoes,1997,98591,12750.0,854.0,17.1,9.8591
Portugal,Sweet potatoes,1998,106556,14389.0,854.0,16.4,10.6556
Portugal,Sweet potatoes,1999,88745,15411.0,854.0,16.09,8.8745
Portugal,Sweet potatoes,2000,85159,15470.0,854.0,16.23,8.5159
Portugal,Sweet potatoes,2001,83626,15503.0,854.0,16.2,8.3626
Portugal,Sweet potatoes,2002,82168,17452.0,854.0,16.19,8.2168
Portugal,Sweet potatoes,2004,81356,16942.0,854.0,16.31,8.1356
Portugal,Sweet potatoes,2005,82279,16353.0,854.0,16.43,8.2279
Portugal,Sweet potatoes,2006,78125,15702.0,854.0,16.84,7.8125
Portugal,Sweet potatoes,2007,78788,16682.39,854.0,16.11,7.8788
Portugal,Sweet potatoes,2008,79412,17080.26,854.0,16.12,7.9412
Portugal,Sweet potatoes,2009,132882,13984.91,854.0,16.84,13.2882
Portugal,Sweet potatoes,2010,183175,13774.18,854.0,16.5,18.3175
Portugal,Sweet potatoes,2011,253007,14024.98,854.0,16.91,25.3007
Portugal,Sweet potatoes,2012,213756,12444.24,854.0,16.24,21.3756
Portugal,Sweet potatoes,2013,224367,10126.8,854.0,16.77,22.4367
Portugal,Wheat,1990,14269,9357.0,854.0,16.55,1.4269
Portugal,Wheat,1991,20982,9357.0,854.0,16.09,2.0982
Portugal,Wheat,1992,12914,6117.0,854.0,15.95,1.2914
Portugal,Wheat,1993,16861,8985.0,854.0,15.33,1.6861
Portugal,Wheat,1994,19667,9580.0,854.0,16.12,1.9667
Portugal,Wheat,1995,13872,11815.0,854.0,17.23,1.3872
Portugal,Wheat,1996,17139,12457.0,854.0,16.12,1.7139
Portugal,Wheat,1997,11905,12750.0,854.0,17.1,1.1905
Portugal,Wheat,1998,10151,14389.0,854.0,16.4,1.0151
Portugal,Wheat,1999,15986,15411.0,854.0,16.09,1.5986
Portugal,Wheat,2000,15678,15470.0,854.0,16.23,1.5678
Portugal,Wheat,2001,8371,15503.0,854.0,16.2,0.8371
Portugal,Wheat,2002,17904,17452.0,854.0,16.19,1.7904
Portugal,Wheat,2004,15625,16942.0,854.0,16.31,1.5625
Portugal,Wheat,2005,6644,16353.0,854.0,16.43,0.6644
Portugal,Wheat,2006,23847,15702.0,854.0,16.84,2.3847
Portugal,Wheat,2007,18630,16682.39,854.0,16.11,1.863
Portugal,Wheat,2008,23028,17080.26,854.0,16.12,2.3028
Portugal,Wheat,2009,17008,13984.91,854.0,16.84,1.7008
Portugal,Wheat,2010,14305,13774.18,854.0,16.5,1.4305
Portugal,Wheat,2011,12002,14024.98,854.0,16.91,1.2002
Portugal,Wheat,2012,10766,12444.24,854.0,16.24,1.0766
Portugal,Wheat,2013,17635,10126.8,854.0,16.77,1.7635
Portugal,Yams,1990,104819,9357.0,854.0,16.55,10.4819
Portugal,Yams,1991,77020,9357.0,854.0,16.09,7.702
Portugal,Yams,1992,81455,6117.0,854.0,15.95,8.1455
Portugal,Yams,1993,102035,8985.0,854.0,15.33,10.2035
Portugal,Yams,1994,74403,9580.0,854.0,16.12,7.4403
Portugal,Yams,1995,108140,11815.0,854.0,17.23,10.814
Portugal,Yams,1996,90960,12457.0,854.0,16.12,9.096
Portugal,Yams,1997,167258,12750.0,854.0,17.1,16.7258
Portugal,Yams,1998,161538,14389.0,854.0,16.4,16.1538
Portugal,Yams,1999,145941,15411.0,854.0,16.09,14.5941
Portugal,Yams,2000,149690,15470.0,854.0,16.23,14.969
Portugal,Yams,2001,145819,15503.0,854.0,16.2,14.5819
Portugal,Yams,2002,150154,17452.0,854.0,16.19,15.0154
Portugal,Yams,2004,155006,16942.0,854.0,16.31,15.5006
Portugal,Yams,2005,156771,16353.0,854.0,16.43,15.6771
Portugal,Yams,2006,166667,15702.0,854.0,16.84,16.6667
Portugal,Yams,2007,165625,16682.39,854.0,16.11,16.5625
Portugal,Yams,2008,163636,17080.26,854.0,16.12,16.3636
Portugal,Yams,2009,163683,13984.91,854.0,16.84,16.3683
Portugal,Yams,2010,165605,13774.18,854.0,16.5,16.5605
Portugal,Yams,2011,167204,14024.98,854.0,16.91,16.7204
Portugal,Yams,2012,165217,12444.24,854.0,16.24,16.5217
Portugal,Yams,2013,169492,10126.8,854.0,16.77,16.9492
Qatar,Maize,1990,135000,3.0,74.0,27.38,13.5
Qatar,Maize,1991,121818,3.0,74.0,26.77,12.1818
Qatar,Maize,1992,124583,3.0,74.0,26.22,12.4583
Qatar,Maize,1993,126667,3.0,74.0,27.1,12.6667
Qatar,Maize,1994,124074,3.0,74.0,27.59,12.4074
Qatar,Maize,1995,125806,4.0,74.0,27.16,12.5806
Qatar,Maize,1996,125692,6.0,74.0,27.66,12.5692
Qatar,Maize,1997,125694,21.5,74.0,27.23,12.5694
Qatar,Maize,1998,124348,37.0,74.0,28.48,12.4348
Qatar,Maize,1999,124639,52.5,74.0,28.62,12.4639
Qatar,Maize,2000,125175,68.0,74.0,28.06,12.5175
Qatar,Maize,2001,125299,68.0,74.0,28.36,12.5299
Qatar,Maize,2002,124627,68.0,74.0,28.25,12.4627
Qatar,Maize,2004,126304,68.0,74.0,28.2,12.6304
Qatar,Maize,2005,124776,68.0,74.0,28.09,12.4776
Qatar,Maize,2006,118571,68.0,74.0,28.12,11.8571
Qatar,Maize,2007,181429,68.0,74.0,28.23,18.1429
Qatar,Maize,2008,181429,68.0,74.0,27.92,18.1429
Qatar,Maize,2009,192857,68.0,74.0,28.17,19.2857
Qatar,Maize,2010,207556,68.0,74.0,28.93,20.7556
Qatar,Maize,2011,125556,68.0,74.0,28.23,12.5556
Qatar,Maize,2012,124894,68.0,74.0,28.54,12.4894
Qatar,Maize,2013,124845,68.0,74.0,28.68,12.4845
Qatar,Potatoes,1990,96667,3.0,74.0,27.38,9.6667
Qatar,Potatoes,1991,100909,3.0,74.0,26.77,10.0909
Qatar,Potatoes,1992,97727,3.0,74.0,26.22,9.7727
Qatar,Potatoes,1993,100000,3.0,74.0,27.1,10.0
Qatar,Potatoes,1994,98182,3.0,74.0,27.59,9.8182
Qatar,Potatoes,1995,91667,4.0,74.0,27.16,9.1667
Qatar,Potatoes,1996,104000,6.0,74.0,27.66,10.4
Qatar,Potatoes,1997,101429,21.5,74.0,27.23,10.1429
Qatar,Potatoes,1998,103333,37.0,74.0,28.48,10.3333
Qatar,Potatoes,1999,93333,52.5,74.0,28.62,9.3333
Qatar,Potatoes,2000,86667,68.0,74.0,28.06,8.6667
Qatar,Potatoes,2001,80000,68.0,74.0,28.36,8.0
Qatar,Potatoes,2002,75000,68.0,74.0,28.25,7.5
Qatar,Potatoes,2004,80000,68.0,74.0,28.2,8.0
Qatar,Potatoes,2005,95169,68.0,74.0,28.09,9.5169
Qatar,Potatoes,2006,103333,68.0,74.0,28.12,10.3333
Qatar,Potatoes,2007,100000,68.0,74.0,28.23,10.0
Qatar,Potatoes,2008,100000,68.0,74.0,27.92,10.0
Qatar,Potatoes,2009,110000,68.0,74.0,28.17,11.0
Qatar,Potatoes,2010,92000,68.0,74.0,28.93,9.2
Qatar,Potatoes,2011,180000,68.0,74.0,28.23,18.0
Qatar,Potatoes,2012,120000,68.0,74.0,28.54,12.0
Qatar,Potatoes,2013,109298,68.0,74.0,28.68,10.9298
Qatar,Wheat,1990,22996,3.0,74.0,27.38,2.2996
Qatar,Wheat,1991,23048,3.0,74.0,26.77,2.3048
Qatar,Wheat,1992,23088,3.0,74.0,26.22,2.3088
Qatar,Wheat,1993,23103,3.0,74.0,27.1,2.3103
Qatar,Wheat,1994,23065,3.0,74.0,27.59,2.3065
Qatar,Wheat,1995,22969,4.0,74.0,27.16,2.2969
Qatar,Wheat,1996,22881,6.0,74.0,27.66,2.2881
Qatar,Wheat,1997,23077,21.5,74.0,27.23,2.3077
Qatar,Wheat,1998,22951,37.0,74.0,28.48,2.2951
Qatar,Wheat,1999,23056,52.5,74.0,28.62,2.3056
Qatar,Wheat,2000,23056,68.0,74.0,28.06,2.3056
Qatar,Wheat,2001,23333,68.0,74.0,28.36,2.3333
Qatar,Wheat,2002,22727,68.0,74.0,28.25,2.2727
Qatar,Wheat,2004,24444,68.0,74.0,28.2,2.4444
Qatar,Wheat,2005,23333,68.0,74.0,28.09,2.3333
Qatar,Wheat,2006,20000,68.0,74.0,28.12,2.0
Qatar,Wheat,2007,23188,68.0,74.0,28.23,2.3188
Qatar,Wheat,2008,30000,68.0,74.0,27.92,3.0
Qatar,Wheat,2009,23333,68.0,74.0,28.17,2.3333
Qatar,Wheat,2010,22500,68.0,74.0,28.93,2.25
Qatar,Wheat,2011,23636,68.0,74.0,28.23,2.3636
Qatar,Wheat,2012,22857,68.0,74.0,28.54,2.2857
Qatar,Wheat,2013,22632,68.0,74.0,28.68,2.2632
Romania,Maize,1990,27606,25255.0,637.0,12.26,2.7606
Romania,Maize,1991,40766,19898.0,637.0,10.55,4.0766
Romania,Maize,1992,20469,15134.0,637.0,11.55,2.0469
Romania,Maize,1993,26054,24252.0,637.0,10.78,2.6054
Romania,Maize,1994,31317,21811.0,637.0,12.7,3.1317
Romania,Maize,1995,31915,20113.0,637.0,11.21,3.1915
Romania,Maize,1996,29319,17425.0,637.0,10.71,2.9319
Romania,Maize,1997,42171,15349.0,637.0,10.46,4.2171
Romania,Maize,1998,27892,13979.0,637.0,11.37,2.7892
Romania,Maize,1999,36403,11280.0,637.0,12.34,3.6403
Romania,Maize,2000,17128,9427.4,637.0,12.44,1.7128
Romania,Maize,2001,31232,7871.1,637.0,11.9,3.1232
Romania,Maize,2002,30421,7875.7,637.0,12.24,3.0421
Romania,Maize,2004,45497,6778.2,637.0,11.63,4.5497
Romania,Maize,2005,39816,7565.7,637.0,11.25,3.9816
Romania,Maize,2006,35754,6733.2,637.0,11.63,3.5754
Romania,Maize,2007,17030,6314.0,637.0,12.99,1.703
Romania,Maize,2008,32271,7193.7,637.0,12.5,3.2271
Romania,Maize,2009,34169,6548.7,637.0,12.47,3.4169
Romania,Maize,2010,43176,7249.2,637.0,11.94,4.3176
Romania,Maize,2011,45292,6582.9,637.0,11.26,4.5292
Romania,Maize,2012,21870,6418.7,637.0,12.33,2.187
Romania,Maize,2013,44941,6947.9,637.0,13.94,4.4941
Romania,Potatoes,1990,109996,25255.0,637.0,12.26,10.9996
Romania,Potatoes,1991,79732,19898.0,637.0,10.55,7.9732
Romania,Potatoes,1992,118962,15134.0,637.0,11.55,11.8962
Romania,Potatoes,1993,148950,24252.0,637.0,10.78,14.895
Romania,Potatoes,1994,118525,21811.0,637.0,12.7,11.8525
Romania,Potatoes,1995,123608,20113.0,637.0,11.21,12.3608
Romania,Potatoes,1996,139763,17425.0,637.0,10.71,13.9763
Romania,Potatoes,1997,126636,15349.0,637.0,10.46,12.6636
Romania,Potatoes,1998,128302,13979.0,637.0,11.37,12.8302
Romania,Potatoes,1999,144957,11280.0,637.0,12.34,14.4957
Romania,Potatoes,2000,123276,9427.4,637.0,12.44,12.3276
Romania,Potatoes,2001,144769,7871.1,637.0,11.9,14.4769
Romania,Potatoes,2002,144401,7875.7,637.0,12.24,14.4401
Romania,Potatoes,2004,166540,6778.2,637.0,11.63,16.654
Romania,Potatoes,2005,131035,7565.7,637.0,11.25,13.1035
Romania,Potatoes,2006,141860,6733.2,637.0,11.63,14.186
Romania,Potatoes,2007,136211,6314.0,637.0,12.99,13.6211
Romania,Potatoes,2008,140485,7193.7,637.0,12.5,14.0485
Romania,Potatoes,2009,153812,6548.7,637.0,12.47,15.3812
Romania,Potatoes,2010,132960,7249.2,637.0,11.94,13.296
Romania,Potatoes,2011,164154,6582.9,637.0,11.26,16.4154
Romania,Potatoes,2012,107623,6418.7,637.0,12.33,10.7623
Romania,Potatoes,2013,158462,6947.9,637.0,13.94,15.8462
Romania,"Rice, paddy",1990,16667,25255.0,637.0,12.26,1.6667
Romania,"Rice, paddy",1991,14560,19898.0,637.0,10.55,1.456
Romania,"Rice, paddy",1992,23742,15134.0,637.0,11.55,2.3742
Romania,"Rice, paddy",1993,30351,24252.0,637.0,10.78,3.0351
Romania,"Rice, paddy",1994,32835,21811.0,637.0,12.7,3.2835
Romania,"Rice, paddy",1995,39030,20113.0,637.0,11.21,3.903
Romania,"Rice, paddy",1996,27075,17425.0,637.0,10.71,2.7075
Romania,"Rice, paddy",1997,26766,15349.0,637.0,10.46,2.6766
Romania,"Rice, paddy",1998,29791,13979.0,637.0,11.37,2.9791
Romania,"Rice, paddy",1999,24427,11280.0,637.0,12.34,2.4427
Romania,"Rice, paddy",2000,26441,9427.4,637.0,12.44,2.6441
Romania,"Rice, paddy",2001,12632,7871.1,637.0,11.9,1.2632
Romania,"Rice, paddy",2002,12839,7875.7,637.0,12.24,1.2839
Romania,"Rice, paddy",2004,40056,6778.2,637.0,11.63,4.0056
Romania,"Rice, paddy",2005,41989,7565.7,637.0,11.25,4.1989
Romania,"Rice, paddy",2006,32993,6733.2,637.0,11.63,3.2993
Romania,"Rice, paddy",2007,34023,6314.0,637.0,12.99,3.4023
Romania,"Rice, paddy",2008,49326,7193.7,637.0,12.5,4.9326
Romania,"Rice, paddy",2009,54262,6548.7,637.0,12.47,5.4262
Romania,"Rice, paddy",2010,49656,7249.2,637.0,11.94,4.9656
Romania,"Rice, paddy",2011,51504,6582.9,637.0,11.26,5.1504
Romania,"Rice, paddy",2012,44995,6418.7,637.0,12.33,4.4995
Romania,"Rice, paddy",2013,47194,6947.9,637.0,13.94,4.7194
Romania,Sorghum,1990,6731,25255.0,637.0,12.26,0.6731
Romania,Sorghum,1991,15750,19898.0,637.0,10.55,1.575
Romania,Sorghum,1992,5500,15134.0,637.0,11.55,0.55
Romania,Sorghum,1993,9788,24252.0,637.0,10.78,0.9788
Romania,Sorghum,1994,9406,21811.0,637.0,12.7,0.9406
Romania,Sorghum,1995,7633,20113.0,637.0,11.21,0.7633
Romania,Sorghum,1996,5875,17425.0,637.0,10.71,0.5875
Romania,Sorghum,1997,19258,15349.0,637.0,10.46,1.9258
Romania,Sorghum,1998,16636,13979.0,637.0,11.37,1.6636
Romania,Sorghum,1999,16414,11280.0,637.0,12.34,1.6414
Romania,Sorghum,2000,13874,9427.4,637.0,12.44,1.3874
Romania,Sorghum,2001,13381,7871.1,637.0,11.9,1.3381
Romania,Sorghum,2002,14190,7875.7,637.0,12.24,1.419
Romania,Sorghum,2004,37611,6778.2,637.0,11.63,3.7611
Romania,Sorghum,2005,25291,7565.7,637.0,11.25,2.5291
Romania,Sorghum,2006,17986,6733.2,637.0,11.63,1.7986
Romania,Sorghum,2007,13345,6314.0,637.0,12.99,1.3345
Romania,Sorghum,2008,26348,7193.7,637.0,12.5,2.6348
Romania,Sorghum,2009,23758,6548.7,637.0,12.47,2.3758
Romania,Sorghum,2010,19918,7249.2,637.0,11.94,1.9918
Romania,Sorghum,2011,31313,6582.9,637.0,11.26,3.1313
Romania,Sorghum,2012,19335,6418.7,637.0,12.33,1.9335
Romania,Sorghum,2013,23726,6947.9,637.0,13.94,2.3726
Romania,Soybeans,1990,7421,25255.0,637.0,12.26,0.7421
Romania,Soybeans,1991,16544,19898.0,637.0,10.55,1.6544
Romania,Soybeans,1992,7619,15134.0,637.0,11.55,0.7619
Romania,Soybeans,1993,12698,24252.0,637.0,10.78,1.2698
Romania,Soybeans,1994,15525,21811.0,637.0,12.7,1.5525
Romania,Soybeans,1995,14701,20113.0,637.0,11.21,1.4701
Romania,Soybeans,1996,14104,17425.0,637.0,10.71,1.4104
Romania,Soybeans,1997,20032,15349.0,637.0,10.46,2.0032
Romania,Soybeans,1998,13913,13979.0,637.0,11.37,1.3913
Romania,Soybeans,1999,18724,11280.0,637.0,12.34,1.8724
Romania,Soybeans,2000,7659,9427.4,637.0,12.44,0.7659
Romania,Soybeans,2001,16721,7871.1,637.0,11.9,1.6721
Romania,Soybeans,2002,20909,7875.7,637.0,12.24,2.0909
Romania,Soybeans,2004,26595,6778.2,637.0,11.63,2.6595
Romania,Soybeans,2005,23922,7565.7,637.0,11.25,2.3922
Romania,Soybeans,2006,19434,6733.2,637.0,11.63,1.9434
Romania,Soybeans,2007,12450,6314.0,637.0,12.99,1.245
Romania,Soybeans,2008,19633,7193.7,637.0,12.5,1.9633
Romania,Soybeans,2009,17465,6548.7,637.0,12.47,1.7465
Romania,Soybeans,2010,23641,7249.2,637.0,11.94,2.3641
Romania,Soybeans,2011,19849,6582.9,637.0,11.26,1.9849
Romania,Soybeans,2012,13388,6418.7,637.0,12.33,1.3388
Romania,Soybeans,2013,22242,6947.9,637.0,13.94,2.2242
Romania,Wheat,1990,32351,25255.0,637.0,12.26,3.2351
Romania,Wheat,1991,25406,19898.0,637.0,10.55,2.5406
Romania,Wheat,1992,21950,15134.0,637.0,11.55,2.195
Romania,Wheat,1993,23291,24252.0,637.0,10.78,2.3291
Romania,Wheat,1994,25435,21811.0,637.0,12.7,2.5435
Romania,Wheat,1995,30903,20113.0,637.0,11.21,3.0903
Romania,Wheat,1996,17645,17425.0,637.0,10.71,1.7645
Romania,Wheat,1997,30103,15349.0,637.0,10.46,3.0103
Romania,Wheat,1998,25963,13979.0,637.0,11.37,2.5963
Romania,Wheat,1999,27993,11280.0,637.0,12.34,2.7993
Romania,Wheat,2000,22996,9427.4,637.0,12.44,2.2996
Romania,Wheat,2001,30449,7871.1,637.0,11.9,3.0449
Romania,Wheat,2002,20580,7875.7,637.0,12.24,2.058
Romania,Wheat,2004,34775,6778.2,637.0,11.63,3.4775
Romania,Wheat,2005,29985,7565.7,637.0,11.25,2.9985
Romania,Wheat,2006,27737,6733.2,637.0,11.63,2.7737
Romania,Wheat,2007,16100,6314.0,637.0,12.99,1.61
Romania,Wheat,2008,34222,7193.7,637.0,12.5,3.4222
Romania,Wheat,2009,24305,6548.7,637.0,12.47,2.4305
Romania,Wheat,2010,27000,7249.2,637.0,11.94,2.7
Romania,Wheat,2011,36650,6582.9,637.0,11.26,3.665
Romania,Wheat,2012,26593,6418.7,637.0,12.33,2.6593
Romania,Wheat,2013,34786,6947.9,637.0,13.94,3.4786
Rwanda,Cassava,1990,20126,157.0,1212.0,19.39,2.0126
Rwanda,Cassava,1991,26400,107.0,1212.0,19.22,2.64
Rwanda,Cassava,1992,26100,97.0,1212.0,19.54,2.61
Rwanda,Cassava,1993,24250,127.4,1212.0,19.53,2.425
Rwanda,Cassava,1994,11778,157.8,1212.0,19.55,1.1778
Rwanda,Cassava,1995,24667,188.2,1212.0,19.81,2.4667
Rwanda,Cassava,1996,27580,218.6,1212.0,19.31,2.758
Rwanda,Cassava,1997,24699,249.0,1212.0,19.78,2.4699
Rwanda,Cassava,1998,24659,157.0,1212.0,19.79,2.4659
Rwanda,Cassava,1999,26747,152.0,1212.0,19.35,2.6747
Rwanda,Cassava,2000,68153,147.0,1212.0,19.59,6.8153
Rwanda,Cassava,2001,57907,72.0,1212.0,19.5,5.7907
Rwanda,Cassava,2002,79036,106.34,1212.0,19.77,7.9036
Rwanda,Cassava,2004,57198,159.54,1212.0,19.93,5.7198
Rwanda,Cassava,2005,67561,222.92,1212.0,20.29,6.7561
Rwanda,Cassava,2006,64378,288.72,1212.0,20.02,6.4378
Rwanda,Cassava,2007,54550,398.11,1212.0,19.6,5.455
Rwanda,Cassava,2008,103117,321.75,1212.0,19.56,10.3117
Rwanda,Cassava,2009,112077,1187.6,1212.0,19.84,11.2077
Rwanda,Cassava,2010,120430,953.85,1212.0,20.12,12.043
Rwanda,Cassava,2011,122765,181.6,1212.0,19.59,12.2765
Rwanda,Cassava,2012,149026,925.52,1212.0,19.79,14.9026
Rwanda,Cassava,2013,157657,1841.5,1212.0,19.93,15.7657
Rwanda,Maize,1990,10252,157.0,1212.0,19.39,1.0252
Rwanda,Maize,1991,11556,107.0,1212.0,19.22,1.1556
Rwanda,Maize,1992,12250,97.0,1212.0,19.54,1.225
Rwanda,Maize,1993,17400,127.4,1212.0,19.53,1.74
Rwanda,Maize,1994,16750,157.8,1212.0,19.55,1.675
Rwanda,Maize,1995,11200,188.2,1212.0,19.81,1.12
Rwanda,Maize,1996,11099,218.6,1212.0,19.31,1.1099
Rwanda,Maize,1997,10908,249.0,1212.0,19.78,1.0908
Rwanda,Maize,1998,8231,157.0,1212.0,19.79,0.8231
Rwanda,Maize,1999,7556,152.0,1212.0,19.35,0.7556
Rwanda,Maize,2000,7018,147.0,1212.0,19.59,0.7018
Rwanda,Maize,2001,7671,72.0,1212.0,19.5,0.7671
Rwanda,Maize,2002,8763,106.34,1212.0,19.77,0.8763
Rwanda,Maize,2004,7670,159.54,1212.0,19.93,0.767
Rwanda,Maize,2005,8889,222.92,1212.0,20.29,0.8889
Rwanda,Maize,2006,8531,288.72,1212.0,20.02,0.8531
Rwanda,Maize,2007,7201,398.11,1212.0,19.6,0.7201
Rwanda,Maize,2008,11515,321.75,1212.0,19.56,1.1515
Rwanda,Maize,2009,19503,1187.6,1212.0,19.84,1.9503
Rwanda,Maize,2010,23416,953.85,1212.0,20.12,2.3416
Rwanda,Maize,2011,23529,181.6,1212.0,19.59,2.3529
Rwanda,Maize,2012,22587,925.52,1212.0,19.79,2.2587
Rwanda,Maize,2013,22845,1841.5,1212.0,19.93,2.2845
Rwanda,Potatoes,1990,67453,157.0,1212.0,19.39,6.7453
Rwanda,Potatoes,1991,68462,107.0,1212.0,19.22,6.8462
Rwanda,Potatoes,1992,66731,97.0,1212.0,19.54,6.6731
Rwanda,Potatoes,1993,68053,127.4,1212.0,19.53,6.8053
Rwanda,Potatoes,1994,67588,157.8,1212.0,19.55,6.7588
Rwanda,Potatoes,1995,68850,188.2,1212.0,19.81,6.885
Rwanda,Potatoes,1996,55823,218.6,1212.0,19.31,5.5823
Rwanda,Potatoes,1997,54673,249.0,1212.0,19.78,5.4673
Rwanda,Potatoes,1998,64088,157.0,1212.0,19.79,6.4088
Rwanda,Potatoes,1999,59083,152.0,1212.0,19.35,5.9083
Rwanda,Potatoes,2000,87830,147.0,1212.0,19.59,8.783
Rwanda,Potatoes,2001,86222,72.0,1212.0,19.5,8.6222
Rwanda,Potatoes,2002,83133,106.34,1212.0,19.77,8.3133
Rwanda,Potatoes,2004,80407,159.54,1212.0,19.93,8.0407
Rwanda,Potatoes,2005,96891,222.92,1212.0,20.29,9.6891
Rwanda,Potatoes,2006,91740,288.72,1212.0,20.02,9.174
Rwanda,Potatoes,2007,77618,398.11,1212.0,19.6,7.7618
Rwanda,Potatoes,2008,91329,321.75,1212.0,19.56,9.1329
Rwanda,Potatoes,2009,102216,1187.6,1212.0,19.84,10.2216
Rwanda,Potatoes,2010,118679,953.85,1212.0,20.12,11.8679
Rwanda,Potatoes,2011,128118,181.6,1212.0,19.59,12.8118
Rwanda,Potatoes,2012,141869,925.52,1212.0,19.79,14.1869
Rwanda,Potatoes,2013,136056,1841.5,1212.0,19.93,13.6056
Rwanda,"Rice, paddy",1990,13652,157.0,1212.0,19.39,1.3652
Rwanda,"Rice, paddy",1991,24118,107.0,1212.0,19.22,2.4118
Rwanda,"Rice, paddy",1992,24030,97.0,1212.0,19.54,2.403
Rwanda,"Rice, paddy",1993,26400,127.4,1212.0,19.53,2.64
Rwanda,"Rice, paddy",1994,26471,157.8,1212.0,19.55,2.6471
Rwanda,"Rice, paddy",1995,36508,188.2,1212.0,19.81,3.6508
Rwanda,"Rice, paddy",1996,32980,218.6,1212.0,19.31,3.298
Rwanda,"Rice, paddy",1997,30328,249.0,1212.0,19.78,3.0328
Rwanda,"Rice, paddy",1998,19148,157.0,1212.0,19.79,1.9148
Rwanda,"Rice, paddy",1999,18132,152.0,1212.0,19.35,1.8132
Rwanda,"Rice, paddy",2000,27318,147.0,1212.0,19.59,2.7318
Rwanda,"Rice, paddy",2001,30668,72.0,1212.0,19.5,3.0668
Rwanda,"Rice, paddy",2002,32658,106.34,1212.0,19.77,3.2658
Rwanda,"Rice, paddy",2004,37964,159.54,1212.0,19.93,3.7964
Rwanda,"Rice, paddy",2005,44673,222.92,1212.0,20.29,4.4673
Rwanda,"Rice, paddy",2006,44843,288.72,1212.0,20.02,4.4843
Rwanda,"Rice, paddy",2007,41320,398.11,1212.0,19.6,4.132
Rwanda,"Rice, paddy",2008,44432,321.75,1212.0,19.56,4.4432
Rwanda,"Rice, paddy",2009,56178,1187.6,1212.0,19.84,5.6178
Rwanda,"Rice, paddy",2010,51833,953.85,1212.0,20.12,5.1833
Rwanda,"Rice, paddy",2011,55195,181.6,1212.0,19.59,5.5195
Rwanda,"Rice, paddy",2012,57193,925.52,1212.0,19.79,5.7193
Rwanda,"Rice, paddy",2013,53362,1841.5,1212.0,19.93,5.3362
Rwanda,Sorghum,1990,10688,157.0,1212.0,19.39,1.0688
Rwanda,Sorghum,1991,12813,107.0,1212.0,19.22,1.2813
Rwanda,Sorghum,1992,7507,97.0,1212.0,19.54,0.7507
Rwanda,Sorghum,1993,12810,127.4,1212.0,19.53,1.281
Rwanda,Sorghum,1994,6850,157.8,1212.0,19.55,0.685
Rwanda,Sorghum,1995,11521,188.2,1212.0,19.81,1.1521
Rwanda,Sorghum,1996,13610,218.6,1212.0,19.31,1.361
Rwanda,Sorghum,1997,11222,249.0,1212.0,19.78,1.1222
Rwanda,Sorghum,1998,10514,157.0,1212.0,19.79,1.0514
Rwanda,Sorghum,1999,8322,152.0,1212.0,19.35,0.8322
Rwanda,Sorghum,2000,8904,147.0,1212.0,19.59,0.8904
Rwanda,Sorghum,2001,9486,72.0,1212.0,19.5,0.9486
Rwanda,Sorghum,2002,10730,106.34,1212.0,19.77,1.073
Rwanda,Sorghum,2004,9134,159.54,1212.0,19.93,0.9134
Rwanda,Sorghum,2005,11586,222.92,1212.0,20.29,1.1586
Rwanda,Sorghum,2006,11003,288.72,1212.0,20.02,1.1003
Rwanda,Sorghum,2007,10103,398.11,1212.0,19.6,1.0103
Rwanda,Sorghum,2008,10055,321.75,1212.0,19.56,1.0055
Rwanda,Sorghum,2009,11928,1187.6,1212.0,19.84,1.1928
Rwanda,Sorghum,2010,12088,953.85,1212.0,20.12,1.2088
Rwanda,Sorghum,2011,12714,181.6,1212.0,19.59,1.2714
Rwanda,Sorghum,2012,14277,925.52,1212.0,19.79,1.4277
Rwanda,Sorghum,2013,14433,1841.5,1212.0,19.93,1.4433
Rwanda,Soybeans,1990,6735,157.0,1212.0,19.39,0.6735
Rwanda,Soybeans,1991,7200,107.0,1212.0,19.22,0.72
Rwanda,Soybeans,1992,8095,97.0,1212.0,19.54,0.8095
Rwanda,Soybeans,1993,6667,127.4,1212.0,19.53,0.6667
Rwanda,Soybeans,1994,8894,157.8,1212.0,19.55,0.8894
Rwanda,Soybeans,1995,10346,188.2,1212.0,19.81,1.0346
Rwanda,Soybeans,1996,4856,218.6,1212.0,19.31,0.4856
Rwanda,Soybeans,1997,4928,249.0,1212.0,19.78,0.4928
Rwanda,Soybeans,1998,5505,157.0,1212.0,19.79,0.5505
Rwanda,Soybeans,1999,4665,152.0,1212.0,19.35,0.4665
Rwanda,Soybeans,2000,4712,147.0,1212.0,19.59,0.4712
Rwanda,Soybeans,2001,5527,72.0,1212.0,19.5,0.5527
Rwanda,Soybeans,2002,5461,106.34,1212.0,19.77,0.5461
Rwanda,Soybeans,2004,4972,159.54,1212.0,19.93,0.4972
Rwanda,Soybeans,2005,5627,222.92,1212.0,20.29,0.5627
Rwanda,Soybeans,2006,6406,288.72,1212.0,20.02,0.6406
Rwanda,Soybeans,2007,7926,398.11,1212.0,19.6,0.7926
Rwanda,Soybeans,2008,8248,321.75,1212.0,19.56,0.8248
Rwanda,Soybeans,2009,8215,1187.6,1212.0,19.84,0.8215
Rwanda,Soybeans,2010,7890,953.85,1212.0,20.12,0.789
Rwanda,Soybeans,2011,7800,181.6,1212.0,19.59,0.78
Rwanda,Soybeans,2012,5862,925.52,1212.0,19.79,0.5862
Rwanda,Soybeans,2013,6755,1841.5,1212.0,19.93,0.6755
Rwanda,Sweet potatoes,1990,46491,157.0,1212.0,19.39,4.6491
Rwanda,Sweet potatoes,1991,50000,107.0,1212.0,19.22,5.0
Rwanda,Sweet potatoes,1992,50248,97.0,1212.0,19.54,5.0248
Rwanda,Sweet potatoes,1993,49855,127.4,1212.0,19.53,4.9855
Rwanda,Sweet potatoes,1994,49953,157.8,1212.0,19.55,4.9953
Rwanda,Sweet potatoes,1995,50045,188.2,1212.0,19.81,5.0045
Rwanda,Sweet potatoes,1996,51123,218.6,1212.0,19.31,5.1123
Rwanda,Sweet potatoes,1997,49659,249.0,1212.0,19.78,4.9659
Rwanda,Sweet potatoes,1998,50463,157.0,1212.0,19.79,5.0463
Rwanda,Sweet potatoes,1999,47936,152.0,1212.0,19.35,4.7936
Rwanda,Sweet potatoes,2000,59138,147.0,1212.0,19.59,5.9138
Rwanda,Sweet potatoes,2001,60000,72.0,1212.0,19.5,6.0
Rwanda,Sweet potatoes,2002,66149,106.34,1212.0,19.77,6.6149
Rwanda,Sweet potatoes,2004,55700,159.54,1212.0,19.93,5.57
Rwanda,Sweet potatoes,2005,59629,222.92,1212.0,20.29,5.9629
Rwanda,Sweet potatoes,2006,57251,288.72,1212.0,20.02,5.7251
Rwanda,Sweet potatoes,2007,56993,398.11,1212.0,19.6,5.6993
Rwanda,Sweet potatoes,2008,55168,321.75,1212.0,19.56,5.5168
Rwanda,Sweet potatoes,2009,65099,1187.6,1212.0,19.84,6.5099
Rwanda,Sweet potatoes,2010,74877,953.85,1212.0,20.12,7.4877
Rwanda,Sweet potatoes,2011,80541,181.6,1212.0,19.59,8.0541
Rwanda,Sweet potatoes,2012,91903,925.52,1212.0,19.79,9.1903
Rwanda,Sweet potatoes,2013,96163,1841.5,1212.0,19.93,9.6163
Rwanda,Wheat,1990,11811,157.0,1212.0,19.39,1.1811
Rwanda,Wheat,1991,12333,107.0,1212.0,19.22,1.2333
Rwanda,Wheat,1992,11455,97.0,1212.0,19.54,1.1455
Rwanda,Wheat,1993,12000,127.4,1212.0,19.53,1.2
Rwanda,Wheat,1994,11852,157.8,1212.0,19.55,1.1852
Rwanda,Wheat,1995,10442,188.2,1212.0,19.81,1.0442
Rwanda,Wheat,1996,11357,218.6,1212.0,19.31,1.1357
Rwanda,Wheat,1997,9557,249.0,1212.0,19.78,0.9557
Rwanda,Wheat,1998,7263,157.0,1212.0,19.79,0.7263
Rwanda,Wheat,1999,6974,152.0,1212.0,19.35,0.6974
Rwanda,Wheat,2000,6416,147.0,1212.0,19.59,0.6416
Rwanda,Wheat,2001,7694,72.0,1212.0,19.5,0.7694
Rwanda,Wheat,2002,6171,106.34,1212.0,19.77,0.6171
Rwanda,Wheat,2004,7987,159.54,1212.0,19.93,0.7987
Rwanda,Wheat,2005,9083,222.92,1212.0,20.29,0.9083
Rwanda,Wheat,2006,8510,288.72,1212.0,20.02,0.851
Rwanda,Wheat,2007,8948,398.11,1212.0,19.6,0.8948
Rwanda,Wheat,2008,12968,321.75,1212.0,19.56,1.2968
Rwanda,Wheat,2009,17079,1187.6,1212.0,19.84,1.7079
Rwanda,Wheat,2010,15631,953.85,1212.0,20.12,1.5631
Rwanda,Wheat,2011,20478,181.6,1212.0,19.59,2.0478
Rwanda,Wheat,2012,21680,925.52,1212.0,19.79,2.168
Rwanda,Wheat,2013,19924,1841.5,1212.0,19.93,1.9924
Rwanda,Yams,1990,40000,157.0,1212.0,19.39,4.0
Rwanda,Yams,1991,30769,107.0,1212.0,19.22,3.0769
Rwanda,Yams,1992,50000,97.0,1212.0,19.54,5.0
Rwanda,Yams,1993,53333,127.4,1212.0,19.53,5.3333
Rwanda,Yams,1994,30769,157.8,1212.0,19.55,3.0769
Rwanda,Yams,1995,36227,188.2,1212.0,19.81,3.6227
Rwanda,Yams,1996,38151,218.6,1212.0,19.31,3.8151
Rwanda,Yams,1997,38157,249.0,1212.0,19.78,3.8157
Rwanda,Yams,1998,37940,157.0,1212.0,19.79,3.794
Rwanda,Yams,1999,29412,152.0,1212.0,19.35,2.9412
Rwanda,Yams,2000,33333,147.0,1212.0,19.59,3.3333
Rwanda,Yams,2001,36842,72.0,1212.0,19.5,3.6842
Rwanda,Yams,2002,40000,106.34,1212.0,19.77,4.0
Rwanda,Yams,2004,45455,159.54,1212.0,19.93,4.5455
Rwanda,Yams,2005,47826,222.92,1212.0,20.29,4.7826
Rwanda,Yams,2006,49419,288.72,1212.0,20.02,4.9419
Rwanda,Yams,2007,48020,398.11,1212.0,19.6,4.802
Rwanda,Yams,2008,45817,321.75,1212.0,19.56,4.5817
Rwanda,Yams,2009,52001,1187.6,1212.0,19.84,5.2001
Rwanda,Yams,2010,71523,953.85,1212.0,20.12,7.1523
Rwanda,Yams,2011,66757,181.6,1212.0,19.59,6.6757
Rwanda,Yams,2012,77498,925.52,1212.0,19.79,7.7498
Rwanda,Yams,2013,154700,1841.5,1212.0,19.93,15.47
Saudi Arabia,Maize,1990,17992,994.0,59.0,25.78,1.7992
Saudi Arabia,Maize,1991,21166,994.0,59.0,25.685000000000002,2.1166
Saudi Arabia,Maize,1992,20733,994.0,59.0,24.555,2.0733
Saudi Arabia,Maize,1993,21725,994.0,59.0,25.66,2.1725
Saudi Arabia,Maize,1994,19523,994.0,59.0,26.17,1.9523
Saudi Arabia,Maize,1995,19522,994.0,59.0,25.985,1.9522
Saudi Arabia,Maize,1996,19583,994.0,59.0,26.325000000000003,1.9583
Saudi Arabia,Maize,1997,17531,2513.0,59.0,25.685,1.7531
Saudi Arabia,Maize,1998,20519,2683.37,59.0,26.605,2.0519
Saudi Arabia,Maize,1999,18723,2853.74,59.0,26.835,1.8723
Saudi Arabia,Maize,2000,62820,3024.11,59.0,26.585,6.282
Saudi Arabia,Maize,2001,40612,3194.48,59.0,26.635,4.0612
Saudi Arabia,Maize,2002,36432,3364.86,59.0,26.535,3.6432
Saudi Arabia,Maize,2004,38514,3705.6,59.0,26.365000000000002,3.8514
Saudi Arabia,Maize,2005,37301,3875.97,59.0,26.369999999999997,3.7301
Saudi Arabia,Maize,2006,58203,4046.34,59.0,26.33,5.8203
Saudi Arabia,Maize,2007,56250,4216.71,59.0,26.534999999999997,5.625
Saudi Arabia,Maize,2008,56427,4372.61,59.0,26.425,5.6427
Saudi Arabia,Maize,2009,54742,4528.51,59.0,26.805,5.4742
Saudi Arabia,Maize,2010,53096,4684.4,59.0,27.335,5.3096
Saudi Arabia,Maize,2011,59958,4840.3,59.0,26.485,5.9958
Saudi Arabia,Maize,2012,60135,4996.2,59.0,26.924999999999997,6.0135
Saudi Arabia,Maize,2013,61024,5412.5,59.0,27.675,6.1024
Saudi Arabia,Potatoes,1990,198311,994.0,59.0,25.78,19.8311
Saudi Arabia,Potatoes,1991,175355,994.0,59.0,25.685000000000002,17.5355
Saudi Arabia,Potatoes,1992,160109,994.0,59.0,24.555,16.0109
Saudi Arabia,Potatoes,1993,182880,994.0,59.0,25.66,18.288
Saudi Arabia,Potatoes,1994,189468,994.0,59.0,26.17,18.9468
Saudi Arabia,Potatoes,1995,196769,994.0,59.0,25.985,19.6769
Saudi Arabia,Potatoes,1996,196701,994.0,59.0,26.325000000000003,19.6701
Saudi Arabia,Potatoes,1997,173596,2513.0,59.0,25.685,17.3596
Saudi Arabia,Potatoes,1998,180428,2683.37,59.0,26.605,18.0428
Saudi Arabia,Potatoes,1999,250876,2853.74,59.0,26.835,25.0876
Saudi Arabia,Potatoes,2000,262035,3024.11,59.0,26.585,26.2035
Saudi Arabia,Potatoes,2001,240917,3194.48,59.0,26.635,24.0917
Saudi Arabia,Potatoes,2002,228648,3364.86,59.0,26.535,22.8648
Saudi Arabia,Potatoes,2004,260589,3705.6,59.0,26.365000000000002,26.0589
Saudi Arabia,Potatoes,2005,243565,3875.97,59.0,26.369999999999997,24.3565
Saudi Arabia,Potatoes,2006,242031,4046.34,59.0,26.33,24.2031
Saudi Arabia,Potatoes,2007,235025,4216.71,59.0,26.534999999999997,23.5025
Saudi Arabia,Potatoes,2008,249332,4372.61,59.0,26.425,24.9332
Saudi Arabia,Potatoes,2009,251423,4528.51,59.0,26.805,25.1423
Saudi Arabia,Potatoes,2010,260575,4684.4,59.0,27.335,26.0575
Saudi Arabia,Potatoes,2011,248330,4840.3,59.0,26.485,24.833
Saudi Arabia,Potatoes,2012,253233,4996.2,59.0,26.924999999999997,25.3233
Saudi Arabia,Potatoes,2013,256547,5412.5,59.0,27.675,25.6547
Saudi Arabia,Sorghum,1990,12369,994.0,59.0,25.78,1.2369
Saudi Arabia,Sorghum,1991,9519,994.0,59.0,25.685000000000002,0.9519
Saudi Arabia,Sorghum,1992,11577,994.0,59.0,24.555,1.1577
Saudi Arabia,Sorghum,1993,12034,994.0,59.0,25.66,1.2034
Saudi Arabia,Sorghum,1994,11477,994.0,59.0,26.17,1.1477
Saudi Arabia,Sorghum,1995,11477,994.0,59.0,25.985,1.1477
Saudi Arabia,Sorghum,1996,11513,994.0,59.0,26.325000000000003,1.1513
Saudi Arabia,Sorghum,1997,11469,2513.0,59.0,25.685,1.1469
Saudi Arabia,Sorghum,1998,11049,2683.37,59.0,26.605,1.1049
Saudi Arabia,Sorghum,1999,13192,2853.74,59.0,26.835,1.3192
Saudi Arabia,Sorghum,2000,13384,3024.11,59.0,26.585,1.3384
Saudi Arabia,Sorghum,2001,13971,3194.48,59.0,26.635,1.3971
Saudi Arabia,Sorghum,2002,14482,3364.86,59.0,26.535,1.4482
Saudi Arabia,Sorghum,2004,21858,3705.6,59.0,26.365000000000002,2.1858
Saudi Arabia,Sorghum,2005,19751,3875.97,59.0,26.369999999999997,1.9751
Saudi Arabia,Sorghum,2006,23933,4046.34,59.0,26.33,2.3933
Saudi Arabia,Sorghum,2007,24271,4216.71,59.0,26.534999999999997,2.4271
Saudi Arabia,Sorghum,2008,24325,4372.61,59.0,26.425,2.4325
Saudi Arabia,Sorghum,2009,26312,4528.51,59.0,26.805,2.6312
Saudi Arabia,Sorghum,2010,25974,4684.4,59.0,27.335,2.5974
Saudi Arabia,Sorghum,2011,26372,4840.3,59.0,26.485,2.6372
Saudi Arabia,Sorghum,2012,26056,4996.2,59.0,26.924999999999997,2.6056
Saudi Arabia,Sorghum,2013,26199,5412.5,59.0,27.675,2.6199
Saudi Arabia,Wheat,1990,46461,994.0,59.0,25.78,4.6461
Saudi Arabia,Wheat,1991,45030,994.0,59.0,25.685000000000002,4.503
Saudi Arabia,Wheat,1992,44609,994.0,59.0,24.555,4.4609
Saudi Arabia,Wheat,1993,44886,994.0,59.0,25.66,4.4886
Saudi Arabia,Wheat,1994,45503,994.0,59.0,26.17,4.5503
Saudi Arabia,Wheat,1995,44720,994.0,59.0,25.985,4.472
Saudi Arabia,Wheat,1996,43821,994.0,59.0,26.325000000000003,4.3821
Saudi Arabia,Wheat,1997,44497,2513.0,59.0,25.685,4.4497
Saudi Arabia,Wheat,1998,44999,2683.37,59.0,26.605,4.4999
Saudi Arabia,Wheat,1999,42526,2853.74,59.0,26.835,4.2526
Saudi Arabia,Wheat,2000,42640,3024.11,59.0,26.585,4.264
Saudi Arabia,Wheat,2001,49081,3194.48,59.0,26.635,4.9081
Saudi Arabia,Wheat,2002,48875,3364.86,59.0,26.535,4.8875
Saudi Arabia,Wheat,2004,53066,3705.6,59.0,26.365000000000002,5.3066
Saudi Arabia,Wheat,2005,54175,3875.97,59.0,26.369999999999997,5.4175
Saudi Arabia,Wheat,2006,56172,4046.34,59.0,26.33,5.6172
Saudi Arabia,Wheat,2007,56844,4216.71,59.0,26.534999999999997,5.6844
Saudi Arabia,Wheat,2008,60877,4372.61,59.0,26.425,6.0877
Saudi Arabia,Wheat,2009,58833,4528.51,59.0,26.805,5.8833
Saudi Arabia,Wheat,2010,61474,4684.4,59.0,27.335,6.1474
Saudi Arabia,Wheat,2011,61429,4840.3,59.0,26.485,6.1429
Saudi Arabia,Wheat,2012,59254,4996.2,59.0,26.924999999999997,5.9254
Saudi Arabia,Wheat,2013,64333,5412.5,59.0,27.675,6.4333
Senegal,Cassava,1990,35159,384.0,686.0,25.13,3.5159
Senegal,Cassava,1991,24752,384.0,686.0,25.0,2.4752
Senegal,Cassava,1992,21496,384.0,686.0,25.09,2.1496
Senegal,Cassava,1993,27673,357.55,686.0,24.99,2.7673
Senegal,Cassava,1994,24925,547.3,686.0,24.94,2.4925
Senegal,Cassava,1995,31801,435.31,686.0,25.33,3.1801
Senegal,Cassava,1996,26397,411.33,686.0,25.49,2.6397
Senegal,Cassava,1997,23356,437.23,686.0,25.87,2.3356
Senegal,Cassava,1998,49527,450.71,686.0,26.03,4.9527
Senegal,Cassava,1999,51000,470.87,686.0,24.93,5.1
Senegal,Cassava,2000,48883,491.03,686.0,25.26,4.8883
Senegal,Cassava,2001,49613,282.02,686.0,25.79,4.9613
Senegal,Cassava,2002,49963,328.0,686.0,25.4,4.9963
Senegal,Cassava,2004,67374,419.97,686.0,25.38,6.7374
Senegal,Cassava,2005,108083,465.95,686.0,25.78,10.8083
Senegal,Cassava,2006,61673,511.93,686.0,25.32,6.1673
Senegal,Cassava,2007,50338,557.92,686.0,25.34,5.0338
Senegal,Cassava,2008,81345,603.9,686.0,25.5,8.1345
Senegal,Cassava,2009,81909,649.88,686.0,25.01,8.1909
Senegal,Cassava,2010,71902,695.86,686.0,26.1,7.1902
Senegal,Cassava,2011,74922,741.85,686.0,25.41,7.4922
Senegal,Cassava,2012,80283,787.83,686.0,25.47,8.0283
Senegal,Cassava,2013,69978,722.53,686.0,24.7,6.9978
Senegal,Maize,1990,11411,384.0,686.0,25.13,1.1411
Senegal,Maize,1991,11324,384.0,686.0,25.0,1.1324
Senegal,Maize,1992,10907,384.0,686.0,25.09,1.0907
Senegal,Maize,1993,12694,357.55,686.0,24.99,1.2694
Senegal,Maize,1994,10133,547.3,686.0,24.94,1.0133
Senegal,Maize,1995,10881,435.31,686.0,25.33,1.0881
Senegal,Maize,1996,10438,411.33,686.0,25.49,1.0438
Senegal,Maize,1997,12911,437.23,686.0,25.87,1.2911
Senegal,Maize,1998,8255,450.71,686.0,26.03,0.8255
Senegal,Maize,1999,9388,470.87,686.0,24.93,0.9388
Senegal,Maize,2000,11114,491.03,686.0,25.26,1.1114
Senegal,Maize,2001,12279,282.02,686.0,25.79,1.2279
Senegal,Maize,2002,7434,328.0,686.0,25.4,0.7434
Senegal,Maize,2004,27194,419.97,686.0,25.38,2.7194
Senegal,Maize,2005,27961,465.95,686.0,25.78,2.7961
Senegal,Maize,2006,13919,511.93,686.0,25.32,1.3919
Senegal,Maize,2007,11008,557.92,686.0,25.34,1.1008
Senegal,Maize,2008,18351,603.9,686.0,25.5,1.8351
Senegal,Maize,2009,16300,649.88,686.0,25.01,1.63
Senegal,Maize,2010,15384,695.86,686.0,26.1,1.5384
Senegal,Maize,2011,11331,741.85,686.0,25.41,1.1331
Senegal,Maize,2012,15465,787.83,686.0,25.47,1.5465
Senegal,Maize,2013,14428,722.53,686.0,24.7,1.4428
Senegal,Potatoes,1990,145518,384.0,686.0,25.13,14.5518
Senegal,Potatoes,1991,168760,384.0,686.0,25.0,16.876
Senegal,Potatoes,1992,165247,384.0,686.0,25.09,16.5247
Senegal,Potatoes,1993,159492,357.55,686.0,24.99,15.9492
Senegal,Potatoes,1994,154545,547.3,686.0,24.94,15.4545
Senegal,Potatoes,1995,213833,435.31,686.0,25.33,21.3833
Senegal,Potatoes,1996,200000,411.33,686.0,25.49,20.0
Senegal,Potatoes,1997,187500,437.23,686.0,25.87,18.75
Senegal,Potatoes,1998,162731,450.71,686.0,26.03,16.2731
Senegal,Potatoes,1999,157460,470.87,686.0,24.93,15.746
Senegal,Potatoes,2000,111628,491.03,686.0,25.26,11.1628
Senegal,Potatoes,2001,157460,282.02,686.0,25.79,15.746
Senegal,Potatoes,2002,258305,328.0,686.0,25.4,25.8305
Senegal,Potatoes,2004,149835,419.97,686.0,25.38,14.9835
Senegal,Potatoes,2005,136536,465.95,686.0,25.78,13.6536
Senegal,Potatoes,2006,200382,511.93,686.0,25.32,20.0382
Senegal,Potatoes,2007,200000,557.92,686.0,25.34,20.0
Senegal,Potatoes,2008,113000,603.9,686.0,25.5,11.3
Senegal,Potatoes,2009,200000,649.88,686.0,25.01,20.0
Senegal,Potatoes,2010,200000,695.86,686.0,26.1,20.0
Senegal,Potatoes,2011,215517,741.85,686.0,25.41,21.5517
Senegal,Potatoes,2012,267857,787.83,686.0,25.47,26.7857
Senegal,Potatoes,2013,225885,722.53,686.0,24.7,22.5885
Senegal,"Rice, paddy",1990,24825,384.0,686.0,25.13,2.4825
Senegal,"Rice, paddy",1991,23497,384.0,686.0,25.0,2.3497
Senegal,"Rice, paddy",1992,24065,384.0,686.0,25.09,2.4065
Senegal,"Rice, paddy",1993,24809,357.55,686.0,24.99,2.4809
Senegal,"Rice, paddy",1994,20869,547.3,686.0,24.94,2.0869
Senegal,"Rice, paddy",1995,22497,435.31,686.0,25.33,2.2497
Senegal,"Rice, paddy",1996,20157,411.33,686.0,25.49,2.0157
Senegal,"Rice, paddy",1997,23254,437.23,686.0,25.87,2.3254
Senegal,"Rice, paddy",1998,27204,450.71,686.0,26.03,2.7204
Senegal,"Rice, paddy",1999,28000,470.87,686.0,24.93,2.8
Senegal,"Rice, paddy",2000,23454,491.03,686.0,25.26,2.3454
Senegal,"Rice, paddy",2001,23729,282.02,686.0,25.79,2.3729
Senegal,"Rice, paddy",2002,22676,328.0,686.0,25.4,2.2676
Senegal,"Rice, paddy",2004,24758,419.97,686.0,25.38,2.4758
Senegal,"Rice, paddy",2005,28542,465.95,686.0,25.78,2.8542
Senegal,"Rice, paddy",2006,22401,511.93,686.0,25.32,2.2401
Senegal,"Rice, paddy",2007,24078,557.92,686.0,25.34,2.4078
Senegal,"Rice, paddy",2008,32572,603.9,686.0,25.5,3.2572
Senegal,"Rice, paddy",2009,36022,649.88,686.0,25.01,3.6022
Senegal,"Rice, paddy",2010,41033,695.86,686.0,26.1,4.1033
Senegal,"Rice, paddy",2011,37171,741.85,686.0,25.41,3.7171
Senegal,"Rice, paddy",2012,39892,787.83,686.0,25.47,3.9892
Senegal,"Rice, paddy",2013,40181,722.53,686.0,24.7,4.0181
Senegal,Sorghum,1990,9101,384.0,686.0,25.13,0.9101
Senegal,Sorghum,1991,7838,384.0,686.0,25.0,0.7838
Senegal,Sorghum,1992,8884,384.0,686.0,25.09,0.8884
Senegal,Sorghum,1993,7841,357.55,686.0,24.99,0.7841
Senegal,Sorghum,1994,8672,547.3,686.0,24.94,0.8672
Senegal,Sorghum,1995,8579,435.31,686.0,25.33,0.8579
Senegal,Sorghum,1996,8948,411.33,686.0,25.49,0.8948
Senegal,Sorghum,1997,7658,437.23,686.0,25.87,0.7658
Senegal,Sorghum,1998,5927,450.71,686.0,26.03,0.5927
Senegal,Sorghum,1999,6405,470.87,686.0,24.93,0.6405
Senegal,Sorghum,2000,8691,491.03,686.0,25.26,0.8691
Senegal,Sorghum,2001,8565,282.02,686.0,25.79,0.8565
Senegal,Sorghum,2002,5854,328.0,686.0,25.4,0.5854
Senegal,Sorghum,2004,7754,419.97,686.0,25.38,0.7754
Senegal,Sorghum,2005,9652,465.95,686.0,25.78,0.9652
Senegal,Sorghum,2006,7607,511.93,686.0,25.32,0.7607
Senegal,Sorghum,2007,6459,557.92,686.0,25.34,0.6459
Senegal,Sorghum,2008,10089,603.9,686.0,25.5,1.0089
Senegal,Sorghum,2009,9357,649.88,686.0,25.01,0.9357
Senegal,Sorghum,2010,9331,695.86,686.0,26.1,0.9331
Senegal,Sorghum,2011,6389,741.85,686.0,25.41,0.6389
Senegal,Sorghum,2012,9602,787.83,686.0,25.47,0.9602
Senegal,Sorghum,2013,8458,722.53,686.0,24.7,0.8458
Senegal,Sweet potatoes,1990,57380,384.0,686.0,25.13,5.738
Senegal,Sweet potatoes,1991,50951,384.0,686.0,25.0,5.0951
Senegal,Sweet potatoes,1992,54350,384.0,686.0,25.09,5.435
Senegal,Sweet potatoes,1993,60372,357.55,686.0,24.99,6.0372
Senegal,Sweet potatoes,1994,85778,547.3,686.0,24.94,8.5778
Senegal,Sweet potatoes,1995,69468,435.31,686.0,25.33,6.9468
Senegal,Sweet potatoes,1996,56359,411.33,686.0,25.49,5.6359
Senegal,Sweet potatoes,1997,41773,437.23,686.0,25.87,4.1773
Senegal,Sweet potatoes,1998,73470,450.71,686.0,26.03,7.347
Senegal,Sweet potatoes,1999,87926,470.87,686.0,24.93,8.7926
Senegal,Sweet potatoes,2000,100092,491.03,686.0,25.26,10.0092
Senegal,Sweet potatoes,2001,107470,282.02,686.0,25.79,10.747
Senegal,Sweet potatoes,2002,107470,328.0,686.0,25.4,10.747
Senegal,Sweet potatoes,2004,250094,419.97,686.0,25.38,25.0094
Senegal,Sweet potatoes,2005,250081,465.95,686.0,25.78,25.0081
Senegal,Sweet potatoes,2006,250252,511.93,686.0,25.32,25.0252
Senegal,Sweet potatoes,2007,253333,557.92,686.0,25.34,25.3333
Senegal,Sweet potatoes,2008,250000,603.9,686.0,25.5,25.0
Senegal,Sweet potatoes,2009,400000,649.88,686.0,25.01,40.0
Senegal,Sweet potatoes,2010,333333,695.86,686.0,26.1,33.3333
Senegal,Sweet potatoes,2011,263979,741.85,686.0,25.41,26.3979
Senegal,Sweet potatoes,2012,288175,787.83,686.0,25.47,28.8175
Senegal,Sweet potatoes,2013,352871,722.53,686.0,24.7,35.2871
Slovenia,Maize,1992,28150,1309.0,1162.0,10.78,2.815
Slovenia,Maize,1993,40210,1112.0,1162.0,10.19,4.021
Slovenia,Maize,1994,63200,944.0,1162.0,11.33,6.32
Slovenia,Maize,1995,63380,987.0,1162.0,10.14,6.338
Slovenia,Maize,1996,63000,953.0,1162.0,9.24,6.3
Slovenia,Maize,1997,74811,1245.0,1162.0,10.18,7.4811
Slovenia,Maize,1998,73139,1091.0,1162.0,10.42,7.3139
Slovenia,Maize,1999,69368,1133.0,1162.0,10.51,6.9368
Slovenia,Maize,2000,58821,1468.0,1162.0,11.45,5.8821
Slovenia,Maize,2001,54139,1387.0,1162.0,10.74,5.4139
Slovenia,Maize,2002,81574,1164.1,1162.0,11.18,8.1574
Slovenia,Maize,2004,77750,1557.98,1162.0,10.06,7.775
Slovenia,Maize,2005,82883,1383.88,1162.0,9.62,8.2883
Slovenia,Maize,2006,69305,1280.98,1162.0,10.56,6.9305
Slovenia,Maize,2007,75358,1155.23,1162.0,11.31,7.5358
Slovenia,Maize,2008,73207,1218.15,1162.0,11.09,7.3207
Slovenia,Maize,2009,78371,1162.87,1162.0,11.06,7.8371
Slovenia,Maize,2010,85394,1134.37,1162.0,10.0,8.5394
Slovenia,Maize,2011,86856,1121.91,1162.0,11.02,8.6856
Slovenia,Maize,2012,70816,1016.08,1162.0,11.12,7.0816
Slovenia,Maize,2013,54145,917.49,1162.0,11.58,5.4145
Slovenia,Potatoes,1992,121000,1309.0,1162.0,10.78,12.1
Slovenia,Potatoes,1993,125740,1112.0,1162.0,10.19,12.574
Slovenia,Potatoes,1994,172680,944.0,1162.0,11.33,17.268
Slovenia,Potatoes,1995,189910,987.0,1162.0,10.14,18.991
Slovenia,Potatoes,1996,193000,953.0,1162.0,9.24,19.3
Slovenia,Potatoes,1997,204781,1245.0,1162.0,10.18,20.4781
Slovenia,Potatoes,1998,212682,1091.0,1162.0,10.42,21.2682
Slovenia,Potatoes,1999,197257,1133.0,1162.0,10.51,19.7257
Slovenia,Potatoes,2000,207950,1468.0,1162.0,11.45,20.795
Slovenia,Potatoes,2001,190468,1387.0,1162.0,10.74,19.0468
Slovenia,Potatoes,2002,233322,1164.1,1162.0,11.18,23.3322
Slovenia,Potatoes,2004,250951,1557.98,1162.0,10.06,25.0951
Slovenia,Potatoes,2005,229486,1383.88,1162.0,9.62,22.9486
Slovenia,Potatoes,2006,181312,1280.98,1162.0,10.56,18.1312
Slovenia,Potatoes,2007,228469,1155.23,1162.0,11.31,22.8469
Slovenia,Potatoes,2008,226607,1218.15,1162.0,11.09,22.6607
Slovenia,Potatoes,2009,247725,1162.87,1162.0,11.06,24.7725
Slovenia,Potatoes,2010,245353,1134.37,1162.0,10.0,24.5353
Slovenia,Potatoes,2011,264228,1121.91,1162.0,11.02,26.4228
Slovenia,Potatoes,2012,234061,1016.08,1162.0,11.12,23.4061
Slovenia,Potatoes,2013,187950,917.49,1162.0,11.58,18.795
Slovenia,Soybeans,1992,20000,1309.0,1162.0,10.78,2.0
Slovenia,Soybeans,1993,13571,1112.0,1162.0,10.19,1.3571
Slovenia,Soybeans,1994,11000,944.0,1162.0,11.33,1.1
Slovenia,Soybeans,1995,27857,987.0,1162.0,10.14,2.7857
Slovenia,Soybeans,1996,27500,953.0,1162.0,9.24,2.75
Slovenia,Soybeans,1997,25000,1245.0,1162.0,10.18,2.5
Slovenia,Soybeans,1998,22500,1091.0,1162.0,10.42,2.25
Slovenia,Soybeans,1999,25357,1133.0,1162.0,10.51,2.5357
Slovenia,Soybeans,2000,24643,1468.0,1162.0,11.45,2.4643
Slovenia,Soybeans,2001,27368,1387.0,1162.0,10.74,2.7368
Slovenia,Soybeans,2002,24030,1164.1,1162.0,11.18,2.403
Slovenia,Soybeans,2004,28974,1557.98,1162.0,10.06,2.8974
Slovenia,Soybeans,2005,19360,1383.88,1162.0,9.62,1.936
Slovenia,Soybeans,2006,23319,1280.98,1162.0,10.56,2.3319
Slovenia,Soybeans,2007,27619,1155.23,1162.0,11.31,2.7619
Slovenia,Soybeans,2008,27959,1218.15,1162.0,11.09,2.7959
Slovenia,Soybeans,2009,29242,1162.87,1162.0,11.06,2.9242
Slovenia,Soybeans,2010,26606,1134.37,1162.0,10.0,2.6606
Slovenia,Soybeans,2011,27290,1121.91,1162.0,11.02,2.729
Slovenia,Soybeans,2012,24500,1016.08,1162.0,11.12,2.45
Slovenia,Soybeans,2013,16655,917.49,1162.0,11.58,1.6655
Slovenia,Wheat,1992,41937,1309.0,1162.0,10.78,4.1937
Slovenia,Wheat,1993,38430,1112.0,1162.0,10.19,3.843
Slovenia,Wheat,1994,43300,944.0,1162.0,11.33,4.33
Slovenia,Wheat,1995,42300,987.0,1162.0,10.14,4.23
Slovenia,Wheat,1996,39000,953.0,1162.0,9.24,3.9
Slovenia,Wheat,1997,41557,1245.0,1162.0,10.18,4.1557
Slovenia,Wheat,1998,48279,1091.0,1162.0,10.42,4.8279
Slovenia,Wheat,1999,37087,1133.0,1162.0,10.51,3.7087
Slovenia,Wheat,2000,42492,1468.0,1162.0,11.45,4.2492
Slovenia,Wheat,2001,46036,1387.0,1162.0,10.74,4.6036
Slovenia,Wheat,2002,48943,1164.1,1162.0,11.18,4.8943
Slovenia,Wheat,2004,45339,1557.98,1162.0,10.06,4.5339
Slovenia,Wheat,2005,47005,1383.88,1162.0,9.62,4.7005
Slovenia,Wheat,2006,41907,1280.98,1162.0,10.56,4.1907
Slovenia,Wheat,2007,41616,1155.23,1162.0,11.31,4.1616
Slovenia,Wheat,2008,45265,1218.15,1162.0,11.09,4.5265
Slovenia,Wheat,2009,39643,1162.87,1162.0,11.06,3.9643
Slovenia,Wheat,2010,48044,1134.37,1162.0,10.0,4.8044
Slovenia,Wheat,2011,51770,1121.91,1162.0,11.02,5.177
Slovenia,Wheat,2012,54376,1016.08,1162.0,11.12,5.4376
Slovenia,Wheat,2013,43528,917.49,1162.0,11.58,4.3528
South Africa,Maize,1990,22051,16582.0,495.0,17.6475,2.2051
South Africa,Maize,1991,22573,16582.0,495.0,17.759999999999998,2.2573
South Africa,Maize,1992,7853,16582.0,495.0,18.61,0.7853
South Africa,Maize,1993,22840,16582.0,495.0,18.165,2.284
South Africa,Maize,1994,28481,16582.0,495.0,17.3325,2.8481
South Africa,Maize,1995,13800,18025.0,495.0,17.875,1.38
South Africa,Maize,1996,27043,19508.0,495.0,17.36,2.7043
South Africa,Maize,1997,25195,21596.0,495.0,17.4925,2.5195
South Africa,Maize,1998,21611,24304.0,495.0,18.215,2.1611
South Africa,Maize,1999,22274,26098.8,495.0,18.2725,2.2274
South Africa,Maize,2000,28492,26857.0,495.0,17.315,2.8492
South Africa,Maize,2001,24371,26857.0,495.0,17.8825,2.4371
South Africa,Maize,2002,28516,26857.0,495.0,18.0275,2.8516
South Africa,Maize,2004,30305,26857.0,495.0,17.71,3.0305
South Africa,Maize,2005,36351,26857.0,495.0,18.365,3.6351
South Africa,Maize,2006,34122,26857.0,495.0,17.45,3.4122
South Africa,Maize,2007,27921,26857.0,495.0,17.962500000000002,2.7921
South Africa,Maize,2008,45373,26857.0,495.0,17.825,4.5373
South Africa,Maize,2009,49640,26857.0,495.0,17.565,4.964
South Africa,Maize,2010,46736,26857.0,495.0,18.2675,4.6736
South Africa,Maize,2011,43671,26857.0,495.0,17.6125,4.3671
South Africa,Maize,2012,44905,26857.0,495.0,18.04,4.4905
South Africa,Maize,2013,42466,26857.0,495.0,17.3175,4.2466
South Africa,Potatoes,1990,200263,16582.0,495.0,17.6475,20.0263
South Africa,Potatoes,1991,200188,16582.0,495.0,17.759999999999998,20.0188
South Africa,Potatoes,1992,178455,16582.0,495.0,18.61,17.8455
South Africa,Potatoes,1993,228678,16582.0,495.0,18.165,22.8678
South Africa,Potatoes,1994,232625,16582.0,495.0,17.3325,23.2625
South Africa,Potatoes,1995,257634,18025.0,495.0,17.875,25.7634
South Africa,Potatoes,1996,261054,19508.0,495.0,17.36,26.1054
South Africa,Potatoes,1997,282462,21596.0,495.0,17.4925,28.2462
South Africa,Potatoes,1998,307667,24304.0,495.0,18.215,30.7667
South Africa,Potatoes,1999,315545,26098.8,495.0,18.2725,31.5545
South Africa,Potatoes,2000,316536,26857.0,495.0,17.315,31.6536
South Africa,Potatoes,2001,311961,26857.0,495.0,17.8825,31.1961
South Africa,Potatoes,2002,324147,26857.0,495.0,18.0275,32.4147
South Africa,Potatoes,2004,346081,26857.0,495.0,17.71,34.6081
South Africa,Potatoes,2005,333534,26857.0,495.0,18.365,33.3534
South Africa,Potatoes,2006,331650,26857.0,495.0,17.45,33.165
South Africa,Potatoes,2007,330590,26857.0,495.0,17.962500000000002,33.059
South Africa,Potatoes,2008,340000,26857.0,495.0,17.825,34.0
South Africa,Potatoes,2009,339378,26857.0,495.0,17.565,33.9378
South Africa,Potatoes,2010,342609,26857.0,495.0,18.2675,34.2609
South Africa,Potatoes,2011,349826,26857.0,495.0,17.6125,34.9826
South Africa,Potatoes,2012,351066,26857.0,495.0,18.04,35.1066
South Africa,Potatoes,2013,353546,26857.0,495.0,17.3175,35.3546
South Africa,"Rice, paddy",1990,18976,16582.0,495.0,17.6475,1.8976
South Africa,"Rice, paddy",1991,21297,16582.0,495.0,17.759999999999998,2.1297
South Africa,"Rice, paddy",1992,21503,16582.0,495.0,18.61,2.1503
South Africa,"Rice, paddy",1993,21710,16582.0,495.0,18.165,2.171
South Africa,"Rice, paddy",1994,21917,16582.0,495.0,17.3325,2.1917
South Africa,"Rice, paddy",1995,22124,18025.0,495.0,17.875,2.2124
South Africa,"Rice, paddy",1996,22331,19508.0,495.0,17.36,2.2331
South Africa,"Rice, paddy",1997,22537,21596.0,495.0,17.4925,2.2537
South Africa,"Rice, paddy",1998,22744,24304.0,495.0,18.215,2.2744
South Africa,"Rice, paddy",1999,22949,26098.8,495.0,18.2725,2.2949
South Africa,"Rice, paddy",2000,22962,26857.0,495.0,17.315,2.2962
South Africa,"Rice, paddy",2001,22857,26857.0,495.0,17.8825,2.2857
South Africa,"Rice, paddy",2002,23517,26857.0,495.0,18.0275,2.3517
South Africa,"Rice, paddy",2004,24139,26857.0,495.0,17.71,2.4139
South Africa,"Rice, paddy",2005,24452,26857.0,495.0,18.365,2.4452
South Africa,"Rice, paddy",2006,24755,26857.0,495.0,17.45,2.4755
South Africa,"Rice, paddy",2007,25048,26857.0,495.0,17.962500000000002,2.5048
South Africa,"Rice, paddy",2008,25334,26857.0,495.0,17.825,2.5334
South Africa,"Rice, paddy",2009,25612,26857.0,495.0,17.565,2.5612
South Africa,"Rice, paddy",2010,25885,26857.0,495.0,18.2675,2.5885
South Africa,"Rice, paddy",2011,26151,26857.0,495.0,17.6125,2.6151
South Africa,"Rice, paddy",2012,27273,26857.0,495.0,18.04,2.7273
South Africa,"Rice, paddy",2013,26087,26857.0,495.0,17.3175,2.6087
South Africa,Sorghum,1990,17398,16582.0,495.0,17.6475,1.7398
South Africa,Sorghum,1991,18193,16582.0,495.0,17.759999999999998,1.8193
South Africa,Sorghum,1992,6178,16582.0,495.0,18.61,0.6178
South Africa,Sorghum,1993,21564,16582.0,495.0,18.165,2.1564
South Africa,Sorghum,1994,22916,16582.0,495.0,17.3325,2.2916
South Africa,Sorghum,1995,20319,18025.0,495.0,17.875,2.0319
South Africa,Sorghum,1996,30774,19508.0,495.0,17.36,3.0774
South Africa,Sorghum,1997,26917,21596.0,495.0,17.4925,2.6917
South Africa,Sorghum,1998,27306,24304.0,495.0,18.215,2.7306
South Africa,Sorghum,1999,22602,26098.8,495.0,18.2725,2.2602
South Africa,Sorghum,2000,33246,26857.0,495.0,17.315,3.3246
South Africa,Sorghum,2001,23429,26857.0,495.0,17.8825,2.3429
South Africa,Sorghum,2002,34286,26857.0,495.0,18.0275,3.4286
South Africa,Sorghum,2004,28692,26857.0,495.0,17.71,2.8692
South Africa,Sorghum,2005,30058,26857.0,495.0,18.365,3.0058
South Africa,Sorghum,2006,25841,26857.0,495.0,17.45,2.5841
South Africa,Sorghum,2007,25507,26857.0,495.0,17.962500000000002,2.5507
South Africa,Sorghum,2008,29378,26857.0,495.0,17.825,2.9378
South Africa,Sorghum,2009,32339,26857.0,495.0,17.565,3.2339
South Africa,Sorghum,2010,22671,26857.0,495.0,18.2675,2.2671
South Africa,Sorghum,2011,22399,26857.0,495.0,17.6125,2.2399
South Africa,Sorghum,2012,27806,26857.0,495.0,18.04,2.7806
South Africa,Sorghum,2013,23507,26857.0,495.0,17.3175,2.3507
South Africa,Soybeans,1990,19377,16582.0,495.0,17.6475,1.9377
South Africa,Soybeans,1991,14483,16582.0,495.0,17.759999999999998,1.4483
South Africa,Soybeans,1992,7578,16582.0,495.0,18.61,0.7578
South Africa,Soybeans,1993,14913,16582.0,495.0,18.165,1.4913
South Africa,Soybeans,1994,11473,16582.0,495.0,17.3325,1.1473
South Africa,Soybeans,1995,8954,18025.0,495.0,17.875,0.8954
South Africa,Soybeans,1996,11765,19508.0,495.0,17.36,1.1765
South Africa,Soybeans,1997,13803,21596.0,495.0,17.4925,1.3803
South Africa,Soybeans,1998,17200,24304.0,495.0,18.215,1.72
South Africa,Soybeans,1999,15249,26098.8,495.0,18.2725,1.5249
South Africa,Soybeans,2000,16412,26857.0,495.0,17.315,1.6412
South Africa,Soybeans,2001,16862,26857.0,495.0,17.8825,1.6862
South Africa,Soybeans,2002,17962,26857.0,495.0,18.0275,1.7962
South Africa,Soybeans,2004,16296,26857.0,495.0,17.71,1.6296
South Africa,Soybeans,2005,18167,26857.0,495.0,18.365,1.8167
South Africa,Soybeans,2006,17625,26857.0,495.0,17.45,1.7625
South Africa,Soybeans,2007,11202,26857.0,495.0,17.962500000000002,1.1202
South Africa,Soybeans,2008,17050,26857.0,495.0,17.825,1.705
South Africa,Soybeans,2009,21703,26857.0,495.0,17.565,2.1703
South Africa,Soybeans,2010,18173,26857.0,495.0,18.2675,1.8173
South Africa,Soybeans,2011,16986,26857.0,495.0,17.6125,1.6986
South Africa,Soybeans,2012,13771,26857.0,495.0,18.04,1.3771
South Africa,Soybeans,2013,15189,26857.0,495.0,17.3175,1.5189
South Africa,Sweet potatoes,1990,35872,16582.0,495.0,17.6475,3.5872
South Africa,Sweet potatoes,1991,36715,16582.0,495.0,17.759999999999998,3.6715
South Africa,Sweet potatoes,1992,36324,16582.0,495.0,18.61,3.6324
South Africa,Sweet potatoes,1993,37333,16582.0,495.0,18.165,3.7333
South Africa,Sweet potatoes,1994,36093,16582.0,495.0,17.3325,3.6093
South Africa,Sweet potatoes,1995,36048,18025.0,495.0,17.875,3.6048
South Africa,Sweet potatoes,1996,32037,19508.0,495.0,17.36,3.2037
South Africa,Sweet potatoes,1997,38431,21596.0,495.0,17.4925,3.8431
South Africa,Sweet potatoes,1998,35722,24304.0,495.0,18.215,3.5722
South Africa,Sweet potatoes,1999,35182,26098.8,495.0,18.2725,3.5182
South Africa,Sweet potatoes,2000,35174,26857.0,495.0,17.315,3.5174
South Africa,Sweet potatoes,2001,34804,26857.0,495.0,17.8825,3.4804
South Africa,Sweet potatoes,2002,34918,26857.0,495.0,18.0275,3.4918
South Africa,Sweet potatoes,2004,34248,26857.0,495.0,17.71,3.4248
South Africa,Sweet potatoes,2005,33690,26857.0,495.0,18.365,3.369
South Africa,Sweet potatoes,2006,31329,26857.0,495.0,17.45,3.1329
South Africa,Sweet potatoes,2007,32644,26857.0,495.0,17.962500000000002,3.2644
South Africa,Sweet potatoes,2008,31960,26857.0,495.0,17.825,3.196
South Africa,Sweet potatoes,2009,30010,26857.0,495.0,17.565,3.001
South Africa,Sweet potatoes,2010,30877,26857.0,495.0,18.2675,3.0877
South Africa,Sweet potatoes,2011,30706,26857.0,495.0,17.6125,3.0706
South Africa,Sweet potatoes,2012,30138,26857.0,495.0,18.04,3.0138
South Africa,Sweet potatoes,2013,29812,26857.0,495.0,17.3175,2.9812
South Africa,Wheat,1990,10934,16582.0,495.0,17.6475,1.0934
South Africa,Wheat,1991,14916,16582.0,495.0,17.759999999999998,1.4916
South Africa,Wheat,1992,17653,16582.0,495.0,18.61,1.7653
South Africa,Wheat,1993,18454,16582.0,495.0,18.165,1.8454
South Africa,Wheat,1994,17561,16582.0,495.0,17.3325,1.7561
South Africa,Wheat,1995,14507,18025.0,495.0,17.875,1.4507
South Africa,Wheat,1996,20961,19508.0,495.0,17.36,2.0961
South Africa,Wheat,1997,17575,21596.0,495.0,17.4925,1.7575
South Africa,Wheat,1998,25295,24304.0,495.0,18.215,2.5295
South Africa,Wheat,1999,24137,26098.8,495.0,18.2725,2.4137
South Africa,Wheat,2000,25997,26857.0,495.0,17.315,2.5997
South Africa,Wheat,2001,25708,26857.0,495.0,17.8825,2.5708
South Africa,Wheat,2002,25906,26857.0,495.0,18.0275,2.5906
South Africa,Wheat,2004,20325,26857.0,495.0,17.71,2.0325
South Africa,Wheat,2005,23665,26857.0,495.0,18.365,2.3665
South Africa,Wheat,2006,27516,26857.0,495.0,17.45,2.7516
South Africa,Wheat,2007,30142,26857.0,495.0,17.962500000000002,3.0142
South Africa,Wheat,2008,28476,26857.0,495.0,17.825,2.8476
South Africa,Wheat,2009,30475,26857.0,495.0,17.565,3.0475
South Africa,Wheat,2010,25623,26857.0,495.0,18.2675,2.5623
South Africa,Wheat,2011,33157,26857.0,495.0,17.6125,3.3157
South Africa,Wheat,2012,37476,26857.0,495.0,18.04,3.7476
South Africa,Wheat,2013,36993,26857.0,495.0,17.3175,3.6993
Spain,Maize,1990,64256,39562.0,636.0,15.780000000000001,6.4256
Spain,Maize,1991,66692,39147.0,636.0,14.956666666666665,6.6692
Spain,Maize,1992,70170,31839.0,636.0,14.963333333333333,7.017
Spain,Maize,1993,61736,29408.0,636.0,14.6,6.1736
Spain,Maize,1994,68566,31244.0,636.0,15.876666666666667,6.8566
Spain,Maize,1995,72459,27852.0,636.0,15.993333333333332,7.2459
Spain,Maize,1996,85308,33236.0,636.0,15.229999999999999,8.5308
Spain,Maize,1997,91501,34023.0,636.0,16.16333333333333,9.1501
Spain,Maize,1998,94731,35070.0,636.0,15.67,9.4731
Spain,Maize,1999,94808,33614.0,636.0,15.553333333333333,9.4808
Spain,Maize,2000,92157,34597.0,636.0,15.606666666666664,9.2157
Spain,Maize,2001,97208,35700.0,636.0,15.813333333333333,9.7208
Spain,Maize,2002,95142,40727.0,636.0,15.729999999999999,9.5142
Spain,Maize,2004,100691,47445.0,636.0,15.566666666666668,10.0691
Spain,Maize,2005,96099,41017.0,636.0,15.306666666666667,9.6099
Spain,Maize,2006,97437,39767.0,636.0,16.279999999999998,9.7437
Spain,Maize,2007,100027,39286.0,636.0,15.513333333333334,10.0027
Spain,Maize,2008,99061,40719.0,636.0,15.350000000000001,9.9061
Spain,Maize,2009,100749,35199.0,636.0,16.006666666666664,10.0749
Spain,Maize,2010,105553,39043.0,636.0,15.116666666666667,10.5553
Spain,Maize,2011,113738,53549.0,636.0,16.386666666666667,11.3738
Spain,Maize,2012,109164,48668.0,636.0,15.83,10.9164
Spain,Maize,2013,110445,54197.0,636.0,15.713333333333333,11.0445
Spain,Potatoes,1990,196487,39562.0,636.0,15.780000000000001,19.6487
Spain,Potatoes,1991,194673,39147.0,636.0,14.956666666666665,19.4673
Spain,Potatoes,1992,201457,31839.0,636.0,14.963333333333333,20.1457
Spain,Potatoes,1993,183745,29408.0,636.0,14.6,18.3745
Spain,Potatoes,1994,192339,31244.0,636.0,15.876666666666667,19.2339
Spain,Potatoes,1995,189990,27852.0,636.0,15.993333333333332,18.999
Spain,Potatoes,1996,211919,33236.0,636.0,15.229999999999999,21.1919
Spain,Potatoes,1997,216815,34023.0,636.0,16.16333333333333,21.6815
Spain,Potatoes,1998,234388,35070.0,636.0,15.67,23.4388
Spain,Potatoes,1999,247421,33614.0,636.0,15.553333333333333,24.7421
Spain,Potatoes,2000,259196,34597.0,636.0,15.606666666666664,25.9196
Spain,Potatoes,2001,259926,35700.0,636.0,15.813333333333333,25.9926
Spain,Potatoes,2002,279460,40727.0,636.0,15.729999999999999,27.946
Spain,Potatoes,2004,271599,47445.0,636.0,15.566666666666668,27.1599
Spain,Potatoes,2005,269844,41017.0,636.0,15.306666666666667,26.9844
Spain,Potatoes,2006,288421,39767.0,636.0,16.279999999999998,28.8421
Spain,Potatoes,2007,289238,39286.0,636.0,15.513333333333334,28.9238
Spain,Potatoes,2008,262166,40719.0,636.0,15.350000000000001,26.2166
Spain,Potatoes,2009,318545,35199.0,636.0,16.006666666666664,31.8545
Spain,Potatoes,2010,293910,39043.0,636.0,15.116666666666667,29.391
Spain,Potatoes,2011,307406,53549.0,636.0,16.386666666666667,30.7406
Spain,Potatoes,2012,304387,48668.0,636.0,15.83,30.4387
Spain,Potatoes,2013,309367,54197.0,636.0,15.713333333333333,30.9367
Spain,"Rice, paddy",1990,63209,39562.0,636.0,15.780000000000001,6.3209
Spain,"Rice, paddy",1991,62082,39147.0,636.0,14.956666666666665,6.2082
Spain,"Rice, paddy",1992,64481,31839.0,636.0,14.963333333333333,6.4481
Spain,"Rice, paddy",1993,66694,29408.0,636.0,14.6,6.6694
Spain,"Rice, paddy",1994,61109,31244.0,636.0,15.876666666666667,6.1109
Spain,"Rice, paddy",1995,60459,27852.0,636.0,15.993333333333332,6.0459
Spain,"Rice, paddy",1996,69838,33236.0,636.0,15.229999999999999,6.9838
Spain,"Rice, paddy",1997,68295,34023.0,636.0,16.16333333333333,6.8295
Spain,"Rice, paddy",1998,70657,35070.0,636.0,15.67,7.0657
Spain,"Rice, paddy",1999,75388,33614.0,636.0,15.553333333333333,7.5388
Spain,"Rice, paddy",2000,70661,34597.0,636.0,15.606666666666664,7.0661
Spain,"Rice, paddy",2001,75795,35700.0,636.0,15.813333333333333,7.5795
Spain,"Rice, paddy",2002,72172,40727.0,636.0,15.729999999999999,7.2172
Spain,"Rice, paddy",2004,72015,47445.0,636.0,15.566666666666668,7.2015
Spain,"Rice, paddy",2005,69166,41017.0,636.0,15.306666666666667,6.9166
Spain,"Rice, paddy",2006,67992,39767.0,636.0,16.279999999999998,6.7992
Spain,"Rice, paddy",2007,71228,39286.0,636.0,15.513333333333334,7.1228
Spain,"Rice, paddy",2008,69220,40719.0,636.0,15.350000000000001,6.922
Spain,"Rice, paddy",2009,76593,35199.0,636.0,16.006666666666664,7.6593
Spain,"Rice, paddy",2010,75936,39043.0,636.0,15.116666666666667,7.5936
Spain,"Rice, paddy",2011,75800,53549.0,636.0,16.386666666666667,7.58
Spain,"Rice, paddy",2012,79739,48668.0,636.0,15.83,7.9739
Spain,"Rice, paddy",2013,77902,54197.0,636.0,15.713333333333333,7.7902
Spain,Sorghum,1990,53234,39562.0,636.0,15.780000000000001,5.3234
Spain,Sorghum,1991,55615,39147.0,636.0,14.956666666666665,5.5615
Spain,Sorghum,1992,56207,31839.0,636.0,14.963333333333333,5.6207
Spain,Sorghum,1993,45660,29408.0,636.0,14.6,4.566
Spain,Sorghum,1994,37951,31244.0,636.0,15.876666666666667,3.7951
Spain,Sorghum,1995,42969,27852.0,636.0,15.993333333333332,4.2969
Spain,Sorghum,1996,47204,33236.0,636.0,15.229999999999999,4.7204
Spain,Sorghum,1997,47633,34023.0,636.0,16.16333333333333,4.7633
Spain,Sorghum,1998,45317,35070.0,636.0,15.67,4.5317
Spain,Sorghum,1999,50000,33614.0,636.0,15.553333333333333,5.0
Spain,Sorghum,2000,47033,34597.0,636.0,15.606666666666664,4.7033
Spain,Sorghum,2001,38704,35700.0,636.0,15.813333333333333,3.8704
Spain,Sorghum,2002,37970,40727.0,636.0,15.729999999999999,3.797
Spain,Sorghum,2004,34355,47445.0,636.0,15.566666666666668,3.4355
Spain,Sorghum,2005,33972,41017.0,636.0,15.306666666666667,3.3972
Spain,Sorghum,2006,37858,39767.0,636.0,16.279999999999998,3.7858
Spain,Sorghum,2007,36620,39286.0,636.0,15.513333333333334,3.662
Spain,Sorghum,2008,32797,40719.0,636.0,15.350000000000001,3.2797
Spain,Sorghum,2009,43472,35199.0,636.0,16.006666666666664,4.3472
Spain,Sorghum,2010,51206,39043.0,636.0,15.116666666666667,5.1206
Spain,Sorghum,2011,43201,53549.0,636.0,16.386666666666667,4.3201
Spain,Sorghum,2012,35584,48668.0,636.0,15.83,3.5584
Spain,Sorghum,2013,50111,54197.0,636.0,15.713333333333333,5.0111
Spain,Soybeans,1990,24253,39562.0,636.0,15.780000000000001,2.4253
Spain,Soybeans,1991,26222,39147.0,636.0,14.956666666666665,2.6222
Spain,Soybeans,1992,20184,31839.0,636.0,14.963333333333333,2.0184
Spain,Soybeans,1993,15456,29408.0,636.0,14.6,1.5456
Spain,Soybeans,1994,18048,31244.0,636.0,15.876666666666667,1.8048
Spain,Soybeans,1995,17982,27852.0,636.0,15.993333333333332,1.7982
Spain,Soybeans,1996,19741,33236.0,636.0,15.229999999999999,1.9741
Spain,Soybeans,1997,21982,34023.0,636.0,16.16333333333333,2.1982
Spain,Soybeans,1998,20731,35070.0,636.0,15.67,2.0731
Spain,Soybeans,1999,22857,33614.0,636.0,15.553333333333333,2.2857
Spain,Soybeans,2000,21870,34597.0,636.0,15.606666666666664,2.187
Spain,Soybeans,2001,26795,35700.0,636.0,15.813333333333333,2.6795
Spain,Soybeans,2002,26667,40727.0,636.0,15.729999999999999,2.6667
Spain,Soybeans,2004,26622,47445.0,636.0,15.566666666666668,2.6622
Spain,Soybeans,2005,24907,41017.0,636.0,15.306666666666667,2.4907
Spain,Soybeans,2006,24111,39767.0,636.0,16.279999999999998,2.4111
Spain,Soybeans,2007,26744,39286.0,636.0,15.513333333333334,2.6744
Spain,Soybeans,2008,29801,40719.0,636.0,15.350000000000001,2.9801
Spain,Soybeans,2009,22189,35199.0,636.0,16.006666666666664,2.2189
Spain,Soybeans,2010,23655,39043.0,636.0,15.116666666666667,2.3655
Spain,Soybeans,2011,24893,53549.0,636.0,16.386666666666667,2.4893
Spain,Soybeans,2012,27713,48668.0,636.0,15.83,2.7713
Spain,Soybeans,2013,28000,54197.0,636.0,15.713333333333333,2.8
Spain,Sweet potatoes,1990,170608,39562.0,636.0,15.780000000000001,17.0608
Spain,Sweet potatoes,1991,174323,39147.0,636.0,14.956666666666665,17.4323
Spain,Sweet potatoes,1992,170506,31839.0,636.0,14.963333333333333,17.0506
Spain,Sweet potatoes,1993,185053,29408.0,636.0,14.6,18.5053
Spain,Sweet potatoes,1994,191059,31244.0,636.0,15.876666666666667,19.1059
Spain,Sweet potatoes,1995,181389,27852.0,636.0,15.993333333333332,18.1389
Spain,Sweet potatoes,1996,158147,33236.0,636.0,15.229999999999999,15.8147
Spain,Sweet potatoes,1997,166805,34023.0,636.0,16.16333333333333,16.6805
Spain,Sweet potatoes,1998,169231,35070.0,636.0,15.67,16.9231
Spain,Sweet potatoes,1999,160726,33614.0,636.0,15.553333333333333,16.0726
Spain,Sweet potatoes,2000,149938,34597.0,636.0,15.606666666666664,14.9938
Spain,Sweet potatoes,2001,195766,35700.0,636.0,15.813333333333333,19.5766
Spain,Sweet potatoes,2002,171349,40727.0,636.0,15.729999999999999,17.1349
Spain,Sweet potatoes,2004,165915,47445.0,636.0,15.566666666666668,16.5915
Spain,Sweet potatoes,2005,161439,41017.0,636.0,15.306666666666667,16.1439
Spain,Sweet potatoes,2006,168349,39767.0,636.0,16.279999999999998,16.8349
Spain,Sweet potatoes,2007,168802,39286.0,636.0,15.513333333333334,16.8802
Spain,Sweet potatoes,2008,171052,40719.0,636.0,15.350000000000001,17.1052
Spain,Sweet potatoes,2009,172128,35199.0,636.0,16.006666666666664,17.2128
Spain,Sweet potatoes,2010,187394,39043.0,636.0,15.116666666666667,18.7394
Spain,Sweet potatoes,2011,179410,53549.0,636.0,16.386666666666667,17.941
Spain,Sweet potatoes,2012,164267,48668.0,636.0,15.83,16.4267
Spain,Sweet potatoes,2013,161919,54197.0,636.0,15.713333333333333,16.1919
Spain,Wheat,1990,23789,39562.0,636.0,15.780000000000001,2.3789
Spain,Wheat,1991,24592,39147.0,636.0,14.956666666666665,2.4592
Spain,Wheat,1992,19426,31839.0,636.0,14.963333333333333,1.9426
Spain,Wheat,1993,24492,29408.0,636.0,14.6,2.4492
Spain,Wheat,1994,21843,31244.0,636.0,15.876666666666667,2.1843
Spain,Wheat,1995,14761,27852.0,636.0,15.993333333333332,1.4761
Spain,Wheat,1996,30016,33236.0,636.0,15.229999999999999,3.0016
Spain,Wheat,1997,22498,34023.0,636.0,16.16333333333333,2.2498
Spain,Wheat,1998,28424,35070.0,636.0,15.67,2.8424
Spain,Wheat,1999,20987,33614.0,636.0,15.553333333333333,2.0987
Spain,Wheat,2000,30997,34597.0,636.0,15.606666666666664,3.0997
Spain,Wheat,2001,23003,35700.0,636.0,15.813333333333333,2.3003
Spain,Wheat,2002,28347,40727.0,636.0,15.729999999999999,2.8347
Spain,Wheat,2004,32628,47445.0,636.0,15.566666666666668,3.2628
Spain,Wheat,2005,17707,41017.0,636.0,15.306666666666667,1.7707
Spain,Wheat,2006,28755,39767.0,636.0,16.279999999999998,2.8755
Spain,Wheat,2007,35692,39286.0,636.0,15.513333333333334,3.5692
Spain,Wheat,2008,32483,40719.0,636.0,15.350000000000001,3.2483
Spain,Wheat,2009,27103,35199.0,636.0,16.006666666666664,2.7103
Spain,Wheat,2010,30498,39043.0,636.0,15.116666666666667,3.0498
Spain,Wheat,2011,34475,53549.0,636.0,16.386666666666667,3.4475
Spain,Wheat,2012,23718,48668.0,636.0,15.83,2.3718
Spain,Wheat,2013,36447,54197.0,636.0,15.713333333333333,3.6447
Sri Lanka,Cassava,1990,87717,1571.33,1712.0,26.53,8.7717
Sri Lanka,Cassava,1991,92373,1409.15,1712.0,26.53,9.2373
Sri Lanka,Cassava,1992,88453,2144.31,1712.0,26.26,8.8453
Sri Lanka,Cassava,1993,93405,1753.2,1712.0,26.37,9.3405
Sri Lanka,Cassava,1994,89267,1860.7,1712.0,26.34,8.9267
Sri Lanka,Cassava,1995,90241,1735.5,1712.0,26.59,9.0241
Sri Lanka,Cassava,1996,87529,1654.41,1712.0,26.38,8.7529
Sri Lanka,Cassava,1997,86564,1622.4,1712.0,26.66,8.6564
Sri Lanka,Cassava,1998,85535,1532.41,1712.0,27.13,8.5535
Sri Lanka,Cassava,1999,85460,1766.91,1712.0,26.32,8.546
Sri Lanka,Cassava,2000,84330,1695.71,1712.0,26.43,8.433
Sri Lanka,Cassava,2001,85560,1705.05,1712.0,26.63,8.556
Sri Lanka,Cassava,2002,85284,1714.39,1712.0,26.74,8.5284
Sri Lanka,Cassava,2004,95411,1733.07,1712.0,26.64,9.5411
Sri Lanka,Cassava,2005,95186,1742.41,1712.0,26.73,9.5186
Sri Lanka,Cassava,2006,95959,1751.75,1712.0,26.56,9.5959
Sri Lanka,Cassava,2007,97487,1439.8,1712.0,26.57,9.7487
Sri Lanka,Cassava,2008,100556,1152.39,1712.0,26.42,10.0556
Sri Lanka,Cassava,2009,116401,1170.36,1712.0,26.67,11.6401
Sri Lanka,Cassava,2010,120631,1450.54,1712.0,26.83,12.0631
Sri Lanka,Cassava,2011,120967,1290.31,1712.0,26.65,12.0967
Sri Lanka,Cassava,2012,121660,1112.8,1712.0,26.88,12.166
Sri Lanka,Cassava,2013,126527,1235.31,1712.0,27.03,12.6527
Sri Lanka,Maize,1990,11227,1571.33,1712.0,26.53,1.1227
Sri Lanka,Maize,1991,11916,1409.15,1712.0,26.53,1.1916
Sri Lanka,Maize,1992,10390,2144.31,1712.0,26.26,1.039
Sri Lanka,Maize,1993,9712,1753.2,1712.0,26.37,0.9712
Sri Lanka,Maize,1994,10032,1860.7,1712.0,26.34,1.0032
Sri Lanka,Maize,1995,9695,1735.5,1712.0,26.59,0.9695
Sri Lanka,Maize,1996,10669,1654.41,1712.0,26.38,1.0669
Sri Lanka,Maize,1997,9959,1622.4,1712.0,26.66,0.9959
Sri Lanka,Maize,1998,11371,1532.41,1712.0,27.13,1.1371
Sri Lanka,Maize,1999,10897,1766.91,1712.0,26.32,1.0897
Sri Lanka,Maize,2000,10838,1695.71,1712.0,26.43,1.0838
Sri Lanka,Maize,2001,11182,1705.05,1712.0,26.63,1.1182
Sri Lanka,Maize,2002,11282,1714.39,1712.0,26.74,1.1282
Sri Lanka,Maize,2004,15023,1733.07,1712.0,26.64,1.5023
Sri Lanka,Maize,2005,14713,1742.41,1712.0,26.73,1.4713
Sri Lanka,Maize,2006,14853,1751.75,1712.0,26.56,1.4853
Sri Lanka,Maize,2007,16508,1439.8,1712.0,26.57,1.6508
Sri Lanka,Maize,2008,26337,1152.39,1712.0,26.42,2.6337
Sri Lanka,Maize,2009,25515,1170.36,1712.0,26.67,2.5515
Sri Lanka,Maize,2010,28061,1450.54,1712.0,26.83,2.8061
Sri Lanka,Maize,2011,27262,1290.31,1712.0,26.65,2.7262
Sri Lanka,Maize,2012,34187,1112.8,1712.0,26.88,3.4187
Sri Lanka,Maize,2013,30868,1235.31,1712.0,27.03,3.0868
Sri Lanka,Plantains and others,1990,140381,1571.33,1712.0,26.53,14.0381
Sri Lanka,Plantains and others,1991,129648,1409.15,1712.0,26.53,12.9648
Sri Lanka,Plantains and others,1992,131963,2144.31,1712.0,26.26,13.1963
Sri Lanka,Plantains and others,1993,136250,1753.2,1712.0,26.37,13.625
Sri Lanka,Plantains and others,1994,136905,1860.7,1712.0,26.34,13.6905
Sri Lanka,Plantains and others,1995,131818,1735.5,1712.0,26.59,13.1818
Sri Lanka,Plantains and others,1996,128883,1654.41,1712.0,26.38,12.8883
Sri Lanka,Plantains and others,1997,124786,1622.4,1712.0,26.66,12.4786
Sri Lanka,Plantains and others,1998,119608,1532.41,1712.0,27.13,11.9608
Sri Lanka,Plantains and others,1999,118269,1766.91,1712.0,26.32,11.8269
Sri Lanka,Plantains and others,2000,119608,1695.71,1712.0,26.43,11.9608
Sri Lanka,Plantains and others,2001,118178,1705.05,1712.0,26.63,11.8178
Sri Lanka,Plantains and others,2002,118000,1714.39,1712.0,26.74,11.8
Sri Lanka,Plantains and others,2004,107185,1733.07,1712.0,26.64,10.7185
Sri Lanka,Plantains and others,2005,106604,1742.41,1712.0,26.73,10.6604
Sri Lanka,Plantains and others,2006,103250,1751.75,1712.0,26.56,10.325
Sri Lanka,Plantains and others,2007,104962,1439.8,1712.0,26.57,10.4962
Sri Lanka,Plantains and others,2008,111141,1152.39,1712.0,26.42,11.1141
Sri Lanka,Plantains and others,2009,106511,1170.36,1712.0,26.67,10.6511
Sri Lanka,Plantains and others,2010,109294,1450.54,1712.0,26.83,10.9294
Sri Lanka,Plantains and others,2011,112892,1290.31,1712.0,26.65,11.2892
Sri Lanka,Plantains and others,2012,120475,1112.8,1712.0,26.88,12.0475
Sri Lanka,Plantains and others,2013,114222,1235.31,1712.0,27.03,11.4222
Sri Lanka,Potatoes,1990,110520,1571.33,1712.0,26.53,11.052
Sri Lanka,Potatoes,1991,104522,1409.15,1712.0,26.53,10.4522
Sri Lanka,Potatoes,1992,110108,2144.31,1712.0,26.26,11.0108
Sri Lanka,Potatoes,1993,112006,1753.2,1712.0,26.37,11.2006
Sri Lanka,Potatoes,1994,110104,1860.7,1712.0,26.34,11.0104
Sri Lanka,Potatoes,1995,109931,1735.5,1712.0,26.59,10.9931
Sri Lanka,Potatoes,1996,127136,1654.41,1712.0,26.38,12.7136
Sri Lanka,Potatoes,1997,102773,1622.4,1712.0,26.66,10.2773
Sri Lanka,Potatoes,1998,111254,1532.41,1712.0,27.13,11.1254
Sri Lanka,Potatoes,1999,125207,1766.91,1712.0,26.32,12.5207
Sri Lanka,Potatoes,2000,132921,1695.71,1712.0,26.43,13.2921
Sri Lanka,Potatoes,2001,135718,1705.05,1712.0,26.63,13.5718
Sri Lanka,Potatoes,2002,134206,1714.39,1712.0,26.74,13.4206
Sri Lanka,Potatoes,2004,148033,1733.07,1712.0,26.64,14.8033
Sri Lanka,Potatoes,2005,141622,1742.41,1712.0,26.73,14.1622
Sri Lanka,Potatoes,2006,148094,1751.75,1712.0,26.56,14.8094
Sri Lanka,Potatoes,2007,145197,1439.8,1712.0,26.57,14.5197
Sri Lanka,Potatoes,2008,145282,1152.39,1712.0,26.42,14.5282
Sri Lanka,Potatoes,2009,149034,1170.36,1712.0,26.67,14.9034
Sri Lanka,Potatoes,2010,135234,1450.54,1712.0,26.83,13.5234
Sri Lanka,Potatoes,2011,132500,1290.31,1712.0,26.65,13.25
Sri Lanka,Potatoes,2012,155269,1112.8,1712.0,26.88,15.5269
Sri Lanka,Potatoes,2013,153210,1235.31,1712.0,27.03,15.321
Sri Lanka,"Rice, paddy",1990,30643,1571.33,1712.0,26.53,3.0643
Sri Lanka,"Rice, paddy",1991,30215,1409.15,1712.0,26.53,3.0215
Sri Lanka,"Rice, paddy",1992,30544,2144.31,1712.0,26.26,3.0544
Sri Lanka,"Rice, paddy",1993,31350,1753.2,1712.0,26.37,3.135
Sri Lanka,"Rice, paddy",1994,29933,1860.7,1712.0,26.34,2.9933
Sri Lanka,"Rice, paddy",1995,31586,1735.5,1712.0,26.59,3.1586
Sri Lanka,"Rice, paddy",1996,31231,1654.41,1712.0,26.38,3.1231
Sri Lanka,"Rice, paddy",1997,32451,1622.4,1712.0,26.66,3.2451
Sri Lanka,"Rice, paddy",1998,35102,1532.41,1712.0,27.13,3.5102
Sri Lanka,"Rice, paddy",1999,32810,1766.91,1712.0,26.32,3.281
Sri Lanka,"Rice, paddy",2000,34374,1695.71,1712.0,26.43,3.4374
Sri Lanka,"Rice, paddy",2001,35228,1705.05,1712.0,26.63,3.5228
Sri Lanka,"Rice, paddy",2002,34889,1714.39,1712.0,26.74,3.4889
Sri Lanka,"Rice, paddy",2004,36516,1733.07,1712.0,26.64,3.6516
Sri Lanka,"Rice, paddy",2005,35465,1742.41,1712.0,26.73,3.5465
Sri Lanka,"Rice, paddy",2006,36705,1751.75,1712.0,26.56,3.6705
Sri Lanka,"Rice, paddy",2007,38337,1439.8,1712.0,26.57,3.8337
Sri Lanka,"Rice, paddy",2008,36800,1152.39,1712.0,26.42,3.68
Sri Lanka,"Rice, paddy",2009,38748,1170.36,1712.0,26.67,3.8748
Sri Lanka,"Rice, paddy",2010,40558,1450.54,1712.0,26.83,4.0558
Sri Lanka,"Rice, paddy",2011,35699,1290.31,1712.0,26.65,3.5699
Sri Lanka,"Rice, paddy",2012,36057,1112.8,1712.0,26.88,3.6057
Sri Lanka,"Rice, paddy",2013,38897,1235.31,1712.0,27.03,3.8897
Sri Lanka,Sorghum,1990,7143,1571.33,1712.0,26.53,0.7143
Sri Lanka,Sorghum,1991,6911,1409.15,1712.0,26.53,0.6911
Sri Lanka,Sorghum,1992,7034,2144.31,1712.0,26.26,0.7034
Sri Lanka,Sorghum,1993,6154,1753.2,1712.0,26.37,0.6154
Sri Lanka,Sorghum,1994,7132,1860.7,1712.0,26.34,0.7132
Sri Lanka,Sorghum,1995,9212,1735.5,1712.0,26.59,0.9212
Sri Lanka,Sorghum,1996,9510,1654.41,1712.0,26.38,0.951
Sri Lanka,Sorghum,1997,9078,1622.4,1712.0,26.66,0.9078
Sri Lanka,Sorghum,1998,7000,1532.41,1712.0,27.13,0.7
Sri Lanka,Sorghum,1999,7000,1766.91,1712.0,26.32,0.7
Sri Lanka,Sorghum,2000,7500,1695.71,1712.0,26.43,0.75
Sri Lanka,Sorghum,2001,7143,1705.05,1712.0,26.63,0.7143
Sri Lanka,Sorghum,2002,6818,1714.39,1712.0,26.74,0.6818
Sri Lanka,Sorghum,2004,7714,1733.07,1712.0,26.64,0.7714
Sri Lanka,Sorghum,2005,9583,1742.41,1712.0,26.73,0.9583
Sri Lanka,Sorghum,2006,8500,1751.75,1712.0,26.56,0.85
Sri Lanka,Sorghum,2007,10000,1439.8,1712.0,26.57,1.0
Sri Lanka,Sorghum,2008,12353,1152.39,1712.0,26.42,1.2353
Sri Lanka,Sorghum,2009,12857,1170.36,1712.0,26.67,1.2857
Sri Lanka,Sorghum,2010,12500,1450.54,1712.0,26.83,1.25
Sri Lanka,Sorghum,2011,12857,1290.31,1712.0,26.65,1.2857
Sri Lanka,Sorghum,2012,12857,1112.8,1712.0,26.88,1.2857
Sri Lanka,Sorghum,2013,14227,1235.31,1712.0,27.03,1.4227
Sri Lanka,Soybeans,1990,8040,1571.33,1712.0,26.53,0.804
Sri Lanka,Soybeans,1991,9747,1409.15,1712.0,26.53,0.9747
Sri Lanka,Soybeans,1992,9905,2144.31,1712.0,26.26,0.9905
Sri Lanka,Soybeans,1993,9389,1753.2,1712.0,26.37,0.9389
Sri Lanka,Soybeans,1994,10167,1860.7,1712.0,26.34,1.0167
Sri Lanka,Soybeans,1995,10034,1735.5,1712.0,26.59,1.0034
Sri Lanka,Soybeans,1996,8551,1654.41,1712.0,26.38,0.8551
Sri Lanka,Soybeans,1997,8451,1622.4,1712.0,26.66,0.8451
Sri Lanka,Soybeans,1998,9345,1532.41,1712.0,27.13,0.9345
Sri Lanka,Soybeans,1999,9756,1766.91,1712.0,26.32,0.9756
Sri Lanka,Soybeans,2000,9275,1695.71,1712.0,26.43,0.9275
Sri Lanka,Soybeans,2001,9688,1705.05,1712.0,26.63,0.9688
Sri Lanka,Soybeans,2002,9206,1714.39,1712.0,26.74,0.9206
Sri Lanka,Soybeans,2004,14538,1733.07,1712.0,26.64,1.4538
Sri Lanka,Soybeans,2005,16201,1742.41,1712.0,26.73,1.6201
Sri Lanka,Soybeans,2006,16873,1751.75,1712.0,26.56,1.6873
Sri Lanka,Soybeans,2007,16783,1439.8,1712.0,26.57,1.6783
Sri Lanka,Soybeans,2008,24048,1152.39,1712.0,26.42,2.4048
Sri Lanka,Soybeans,2009,22831,1170.36,1712.0,26.67,2.2831
Sri Lanka,Soybeans,2010,16711,1450.54,1712.0,26.83,1.6711
Sri Lanka,Soybeans,2011,15673,1290.31,1712.0,26.65,1.5673
Sri Lanka,Soybeans,2012,10987,1112.8,1712.0,26.88,1.0987
Sri Lanka,Soybeans,2013,16955,1235.31,1712.0,27.03,1.6955
Sri Lanka,Sweet potatoes,1990,64750,1571.33,1712.0,26.53,6.475
Sri Lanka,Sweet potatoes,1991,65460,1409.15,1712.0,26.53,6.546
Sri Lanka,Sweet potatoes,1992,60568,2144.31,1712.0,26.26,6.0568
Sri Lanka,Sweet potatoes,1993,68502,1753.2,1712.0,26.37,6.8502
Sri Lanka,Sweet potatoes,1994,68593,1860.7,1712.0,26.34,6.8593
Sri Lanka,Sweet potatoes,1995,67751,1735.5,1712.0,26.59,6.7751
Sri Lanka,Sweet potatoes,1996,65106,1654.41,1712.0,26.38,6.5106
Sri Lanka,Sweet potatoes,1997,60379,1622.4,1712.0,26.66,6.0379
Sri Lanka,Sweet potatoes,1998,60640,1532.41,1712.0,27.13,6.064
Sri Lanka,Sweet potatoes,1999,61575,1766.91,1712.0,26.32,6.1575
Sri Lanka,Sweet potatoes,2000,62724,1695.71,1712.0,26.43,6.2724
Sri Lanka,Sweet potatoes,2001,61834,1705.05,1712.0,26.63,6.1834
Sri Lanka,Sweet potatoes,2002,61636,1714.39,1712.0,26.74,6.1636
Sri Lanka,Sweet potatoes,2004,61869,1733.07,1712.0,26.64,6.1869
Sri Lanka,Sweet potatoes,2005,62205,1742.41,1712.0,26.73,6.2205
Sri Lanka,Sweet potatoes,2006,62586,1751.75,1712.0,26.56,6.2586
Sri Lanka,Sweet potatoes,2007,75283,1439.8,1712.0,26.57,7.5283
Sri Lanka,Sweet potatoes,2008,81252,1152.39,1712.0,26.42,8.1252
Sri Lanka,Sweet potatoes,2009,78783,1170.36,1712.0,26.67,7.8783
Sri Lanka,Sweet potatoes,2010,79014,1450.54,1712.0,26.83,7.9014
Sri Lanka,Sweet potatoes,2011,81641,1290.31,1712.0,26.65,8.1641
Sri Lanka,Sweet potatoes,2012,78499,1112.8,1712.0,26.88,7.8499
Sri Lanka,Sweet potatoes,2013,93002,1235.31,1712.0,27.03,9.3002
Sudan,Maize,2012,16634,2469.47,1712.0,28.19,1.6634
Sudan,Maize,2013,15997,2469.47,1712.0,28.744999999999997,1.5997
Sudan,Potatoes,2012,166663,2469.47,1712.0,28.19,16.6663
Sudan,Potatoes,2013,166669,2469.47,1712.0,28.744999999999997,16.6669
Sudan,"Rice, paddy",2012,31746,2469.47,1712.0,28.19,3.1746
Sudan,"Rice, paddy",2013,33060,2469.47,1712.0,28.744999999999997,3.306
Sudan,Sorghum,2012,5481,2469.47,1712.0,28.19,0.5481
Sudan,Sorghum,2013,6390,2469.47,1712.0,28.744999999999997,0.639
Sudan,Sweet potatoes,2012,214286,2469.47,1712.0,28.19,21.4286
Sudan,Sweet potatoes,2013,213626,2469.47,1712.0,28.744999999999997,21.3626
Sudan,Wheat,2012,17297,2469.47,1712.0,28.19,1.7297
Sudan,Wheat,2013,19534,2469.47,1712.0,28.744999999999997,1.9534
Sudan,Yams,2012,19737,2469.47,1712.0,28.19,1.9737
Sudan,Yams,2013,21053,2469.47,1712.0,28.744999999999997,2.1053
Suriname,Cassava,1990,125641,217.0,2331.0,26.87,12.5641
Suriname,Cassava,1991,154444,207.0,2331.0,26.93,15.4444
Suriname,Cassava,1992,144139,197.5,2331.0,27.04,14.4139
Suriname,Cassava,1993,130082,188.0,2331.0,26.83,13.0082
Suriname,Cassava,1994,135039,178.5,2331.0,26.82,13.5039
Suriname,Cassava,1995,149460,169.0,2331.0,27.33,14.946
Suriname,Cassava,1996,169764,142.0,2331.0,27.09,16.9764
Suriname,Cassava,1997,162653,139.0,2331.0,27.27,16.2653
Suriname,Cassava,1998,110084,151.33,2331.0,27.65,11.0084
Suriname,Cassava,1999,167798,163.67,2331.0,27.07,16.7798
Suriname,Cassava,2000,158385,176.0,2331.0,26.86,15.8385
Suriname,Cassava,2001,197585,581.12,2331.0,27.12,19.7585
Suriname,Cassava,2002,187244,986.25,2331.0,27.14,18.7244
Suriname,Cassava,2004,204878,1214.83,2331.0,27.47,20.4878
Suriname,Cassava,2005,197619,1426.37,2331.0,27.7,19.7619
Suriname,Cassava,2006,200000,1483.84,2331.0,27.34,20.0
Suriname,Cassava,2007,254710,1847.86,2331.0,27.19,25.471
Suriname,Cassava,2008,251652,2108.66,2331.0,27.22,25.1652
Suriname,Cassava,2009,276831,2191.37,2331.0,27.45,27.6831
Suriname,Cassava,2010,252560,1286.65,2331.0,27.7,25.256
Suriname,Cassava,2011,228356,936.24,2331.0,27.42,22.8356
Suriname,Cassava,2012,241965,633.92,2331.0,27.4,24.1965
Suriname,Cassava,2013,298608,537.49,2331.0,27.17,29.8608
Suriname,Maize,1990,21575,217.0,2331.0,26.87,2.1575
Suriname,Maize,1991,22289,207.0,2331.0,26.93,2.2289
Suriname,Maize,1992,18706,197.5,2331.0,27.04,1.8706
Suriname,Maize,1993,20651,188.0,2331.0,26.83,2.0651
Suriname,Maize,1994,18162,178.5,2331.0,26.82,1.8162
Suriname,Maize,1995,22553,169.0,2331.0,27.33,2.2553
Suriname,Maize,1996,22267,142.0,2331.0,27.09,2.2267
Suriname,Maize,1997,22833,139.0,2331.0,27.27,2.2833
Suriname,Maize,1998,22000,151.33,2331.0,27.65,2.2
Suriname,Maize,1999,10000,163.67,2331.0,27.07,1.0
Suriname,Maize,2000,19048,176.0,2331.0,26.86,1.9048
Suriname,Maize,2001,19444,581.12,2331.0,27.12,1.9444
Suriname,Maize,2002,19677,986.25,2331.0,27.14,1.9677
Suriname,Maize,2004,28077,1214.83,2331.0,27.47,2.8077
Suriname,Maize,2005,18421,1426.37,2331.0,27.7,1.8421
Suriname,Maize,2006,23000,1483.84,2331.0,27.34,2.3
Suriname,Maize,2007,27222,1847.86,2331.0,27.19,2.7222
Suriname,Maize,2008,22500,2108.66,2331.0,27.22,2.25
Suriname,Maize,2009,24000,2191.37,2331.0,27.45,2.4
Suriname,Maize,2010,23333,1286.65,2331.0,27.7,2.3333
Suriname,Maize,2011,22857,936.24,2331.0,27.42,2.2857
Suriname,Maize,2012,26364,633.92,2331.0,27.4,2.6364
Suriname,Maize,2013,24737,537.49,2331.0,27.17,2.4737
Suriname,Plantains and others,1990,206853,217.0,2331.0,26.87,20.6853
Suriname,Plantains and others,1991,257647,207.0,2331.0,26.93,25.7647
Suriname,Plantains and others,1992,212170,197.5,2331.0,27.04,21.217
Suriname,Plantains and others,1993,192946,188.0,2331.0,26.83,19.2946
Suriname,Plantains and others,1994,201869,178.5,2331.0,26.82,20.1869
Suriname,Plantains and others,1995,253471,169.0,2331.0,27.33,25.3471
Suriname,Plantains and others,1996,245380,142.0,2331.0,27.09,24.538
Suriname,Plantains and others,1997,238532,139.0,2331.0,27.27,23.8532
Suriname,Plantains and others,1998,227338,151.33,2331.0,27.65,22.7338
Suriname,Plantains and others,1999,236391,163.67,2331.0,27.07,23.6391
Suriname,Plantains and others,2000,217379,176.0,2331.0,26.86,21.7379
Suriname,Plantains and others,2001,232854,581.12,2331.0,27.12,23.2854
Suriname,Plantains and others,2002,237531,986.25,2331.0,27.14,23.7531
Suriname,Plantains and others,2004,306667,1214.83,2331.0,27.47,30.6667
Suriname,Plantains and others,2005,285275,1426.37,2331.0,27.7,28.5275
Suriname,Plantains and others,2006,200476,1483.84,2331.0,27.34,20.0476
Suriname,Plantains and others,2007,254652,1847.86,2331.0,27.19,25.4652
Suriname,Plantains and others,2008,282651,2108.66,2331.0,27.22,28.2651
Suriname,Plantains and others,2009,341816,2191.37,2331.0,27.45,34.1816
Suriname,Plantains and others,2010,280227,1286.65,2331.0,27.7,28.0227
Suriname,Plantains and others,2011,312350,936.24,2331.0,27.42,31.235
Suriname,Plantains and others,2012,309336,633.92,2331.0,27.4,30.9336
Suriname,Plantains and others,2013,307428,537.49,2331.0,27.17,30.7428
Suriname,"Rice, paddy",1990,37691,217.0,2331.0,26.87,3.7691
Suriname,"Rice, paddy",1991,38156,207.0,2331.0,26.93,3.8156
Suriname,"Rice, paddy",1992,37975,197.5,2331.0,27.04,3.7975
Suriname,"Rice, paddy",1993,36987,188.0,2331.0,26.83,3.6987
Suriname,"Rice, paddy",1994,36325,178.5,2331.0,26.82,3.6325
Suriname,"Rice, paddy",1995,35186,169.0,2331.0,27.33,3.5186
Suriname,"Rice, paddy",1996,37025,142.0,2331.0,27.09,3.7025
Suriname,"Rice, paddy",1997,39827,139.0,2331.0,27.27,3.9827
Suriname,"Rice, paddy",1998,37581,151.33,2331.0,27.65,3.7581
Suriname,"Rice, paddy",1999,37205,163.67,2331.0,27.07,3.7205
Suriname,"Rice, paddy",2000,38970,176.0,2331.0,26.86,3.897
Suriname,"Rice, paddy",2001,37671,581.12,2331.0,27.12,3.7671
Suriname,"Rice, paddy",2002,39227,986.25,2331.0,27.14,3.9227
Suriname,"Rice, paddy",2004,35596,1214.83,2331.0,27.47,3.5596
Suriname,"Rice, paddy",2005,35984,1426.37,2331.0,27.7,3.5984
Suriname,"Rice, paddy",2006,41296,1483.84,2331.0,27.34,4.1296
Suriname,"Rice, paddy",2007,42534,1847.86,2331.0,27.19,4.2534
Suriname,"Rice, paddy",2008,41892,2108.66,2331.0,27.22,4.1892
Suriname,"Rice, paddy",2009,42092,2191.37,2331.0,27.45,4.2092
Suriname,"Rice, paddy",2010,42329,1286.65,2331.0,27.7,4.2329
Suriname,"Rice, paddy",2011,41331,936.24,2331.0,27.42,4.1331
Suriname,"Rice, paddy",2012,43622,633.92,2331.0,27.4,4.3622
Suriname,"Rice, paddy",2013,44965,537.49,2331.0,27.17,4.4965
Suriname,Soybeans,1990,5323,217.0,2331.0,26.87,0.5323
Suriname,Soybeans,1991,8587,207.0,2331.0,26.93,0.8587
Suriname,Soybeans,1992,7805,197.5,2331.0,27.04,0.7805
Suriname,Soybeans,1993,7857,188.0,2331.0,26.83,0.7857
Suriname,Soybeans,1994,7458,178.5,2331.0,26.82,0.7458
Suriname,Soybeans,1995,6667,169.0,2331.0,27.33,0.6667
Suriname,Soybeans,1996,9500,142.0,2331.0,27.09,0.95
Suriname,Soybeans,1997,8200,139.0,2331.0,27.27,0.82
Suriname,Soybeans,1998,9000,151.33,2331.0,27.65,0.9
Suriname,Soybeans,1999,8000,163.67,2331.0,27.07,0.8
Suriname,Soybeans,2000,7353,176.0,2331.0,26.86,0.7353
Suriname,Soybeans,2001,8333,581.12,2331.0,27.12,0.8333
Suriname,Soybeans,2002,9051,986.25,2331.0,27.14,0.9051
Suriname,Soybeans,2004,10000,1214.83,2331.0,27.47,1.0
Suriname,Soybeans,2005,10000,1426.37,2331.0,27.7,1.0
Suriname,Soybeans,2006,10000,1483.84,2331.0,27.34,1.0
Suriname,Soybeans,2007,10000,1847.86,2331.0,27.19,1.0
Suriname,Soybeans,2008,8571,2108.66,2331.0,27.22,0.8571
Suriname,Soybeans,2009,13750,2191.37,2331.0,27.45,1.375
Suriname,Soybeans,2010,14000,1286.65,2331.0,27.7,1.4
Suriname,Soybeans,2011,8462,936.24,2331.0,27.42,0.8462
Suriname,Soybeans,2012,10000,633.92,2331.0,27.4,1.0
Suriname,Soybeans,2013,10000,537.49,2331.0,27.17,1.0
Suriname,Sweet potatoes,1990,90667,217.0,2331.0,26.87,9.0667
Suriname,Sweet potatoes,1991,33846,207.0,2331.0,26.93,3.3846
Suriname,Sweet potatoes,1992,88846,197.5,2331.0,27.04,8.8846
Suriname,Sweet potatoes,1993,61774,188.0,2331.0,26.83,6.1774
Suriname,Sweet potatoes,1994,58873,178.5,2331.0,26.82,5.8873
Suriname,Sweet potatoes,1995,68750,169.0,2331.0,27.33,6.875
Suriname,Sweet potatoes,1996,115833,142.0,2331.0,27.09,11.5833
Suriname,Sweet potatoes,1997,116667,139.0,2331.0,27.27,11.6667
Suriname,Sweet potatoes,1998,95000,151.33,2331.0,27.65,9.5
Suriname,Sweet potatoes,1999,122500,163.67,2331.0,27.07,12.25
Suriname,Sweet potatoes,2000,128000,176.0,2331.0,26.86,12.8
Suriname,Sweet potatoes,2001,128462,581.12,2331.0,27.12,12.8462
Suriname,Sweet potatoes,2002,142308,986.25,2331.0,27.14,14.2308
Suriname,Sweet potatoes,2004,126875,1214.83,2331.0,27.47,12.6875
Suriname,Sweet potatoes,2005,148367,1426.37,2331.0,27.7,14.8367
Suriname,Sweet potatoes,2006,191628,1483.84,2331.0,27.34,19.1628
Suriname,Sweet potatoes,2007,161556,1847.86,2331.0,27.19,16.1556
Suriname,Sweet potatoes,2008,191220,2108.66,2331.0,27.22,19.122
Suriname,Sweet potatoes,2009,140000,2191.37,2331.0,27.45,14.0
Suriname,Sweet potatoes,2010,190417,1286.65,2331.0,27.7,19.0417
Suriname,Sweet potatoes,2011,179630,936.24,2331.0,27.42,17.963
Suriname,Sweet potatoes,2012,185926,633.92,2331.0,27.4,18.5926
Suriname,Sweet potatoes,2013,169487,537.49,2331.0,27.17,16.9487
Sweden,Potatoes,1990,348034,2310.0,624.0,8.43,34.8034
Sweden,Potatoes,1991,291612,1841.0,624.0,7.49,29.1612
Sweden,Potatoes,1992,331543,1497.0,624.0,7.94,33.1543
Sweden,Potatoes,1993,375096,1466.0,624.0,6.98,37.5096
Sweden,Potatoes,1994,322178,1962.0,624.0,7.23,32.2178
Sweden,Potatoes,1995,306791,1225.0,624.0,7.17,30.6791
Sweden,Potatoes,1996,328115,1529.0,624.0,6.15,32.8115
Sweden,Potatoes,1997,339011,1534.0,624.0,7.66,33.9011
Sweden,Potatoes,1998,355757,1555.0,624.0,6.89,35.5757
Sweden,Potatoes,1999,301953,1602.0,624.0,8.02,30.1953
Sweden,Potatoes,2000,297876,1721.0,624.0,8.42,29.7876
Sweden,Potatoes,2001,286946,1789.0,624.0,7.48,28.6946
Sweden,Potatoes,2002,287905,2198.0,624.0,7.96,28.7905
Sweden,Potatoes,2004,309147,1353.0,624.0,7.53,30.9147
Sweden,Potatoes,2005,311070,2132.0,624.0,7.72,31.107
Sweden,Potatoes,2006,276011,2220.0,624.0,8.3,27.6011
Sweden,Potatoes,2007,276629,2157.0,624.0,8.16,27.6629
Sweden,Potatoes,2008,317175,2352.0,624.0,8.49,31.7175
Sweden,Potatoes,2009,318212,1935.0,624.0,7.54,31.8212
Sweden,Potatoes,2010,301218,1982.0,624.0,6.01,30.1218
Sweden,Potatoes,2011,319681,1781.0,624.0,8.18,31.9681
Sweden,Potatoes,2012,325809,1814.0,624.0,7.21,32.5809
Sweden,Potatoes,2013,337563,1620.0,624.0,7.1,33.7563
Sweden,Wheat,1990,64494,2310.0,624.0,8.43,6.4494
Sweden,Wheat,1991,58591,1841.0,624.0,7.49,5.8591
Sweden,Wheat,1992,53249,1497.0,624.0,7.94,5.3249
Sweden,Wheat,1993,58993,1466.0,624.0,6.98,5.8993
Sweden,Wheat,1994,53403,1962.0,624.0,7.23,5.3403
Sweden,Wheat,1995,59441,1225.0,624.0,7.17,5.9441
Sweden,Wheat,1996,60597,1529.0,624.0,6.15,6.0597
Sweden,Wheat,1997,59742,1534.0,624.0,7.66,5.9742
Sweden,Wheat,1998,56494,1555.0,624.0,6.89,5.6494
Sweden,Wheat,1999,60236,1602.0,624.0,8.02,6.0236
Sweden,Wheat,2000,59066,1721.0,624.0,8.42,5.9066
Sweden,Wheat,2001,59412,1789.0,624.0,7.48,5.9412
Sweden,Wheat,2002,61487,2198.0,624.0,7.96,6.1487
Sweden,Wheat,2004,59798,1353.0,624.0,7.53,5.9798
Sweden,Wheat,2005,63334,2132.0,624.0,7.72,6.3334
Sweden,Wheat,2006,54627,2220.0,624.0,8.3,5.4627
Sweden,Wheat,2007,62571,2157.0,624.0,8.16,6.2571
Sweden,Wheat,2008,61087,2352.0,624.0,8.49,6.1087
Sweden,Wheat,2009,60776,1935.0,624.0,7.54,6.0776
Sweden,Wheat,2010,53966,1982.0,624.0,6.01,5.3966
Sweden,Wheat,2011,53786,1781.0,624.0,8.18,5.3786
Sweden,Wheat,2012,62379,1814.0,624.0,7.21,6.2379
Sweden,Wheat,2013,57792,1620.0,624.0,7.1,5.7792
Switzerland,Maize,1990,85102,2282.0,1537.0,8.19,8.5102
Switzerland,Maize,1991,80510,2055.9,1537.0,7.24,8.051
Switzerland,Maize,1992,83130,2018.7,1537.0,7.98,8.313
Switzerland,Maize,1993,89050,1934.5,1537.0,7.48,8.905
Switzerland,Maize,1994,87490,1922.5,1537.0,8.78,8.749
Switzerland,Maize,1995,83614,1826.3,1537.0,7.65,8.3614
Switzerland,Maize,1996,85748,1746.3,1537.0,6.66,8.5748
Switzerland,Maize,1997,92732,1644.3,1537.0,7.96,9.2732
Switzerland,Maize,1998,91140,1563.6,1537.0,7.81,9.114
Switzerland,Maize,1999,88852,1526.6,1537.0,7.76,8.8852
Switzerland,Maize,2000,96519,1576.9,1537.0,8.54,9.6519
Switzerland,Maize,2001,89441,1561.9,1537.0,7.82,8.9441
Switzerland,Maize,2002,92168,1526.6,1537.0,8.42,9.2168
Switzerland,Maize,2004,96142,1390.7,1537.0,7.67,9.6142
Switzerland,Maize,2005,96497,1388.3,1537.0,7.49,9.6497
Switzerland,Maize,2006,84488,1359.04,1537.0,8.19,8.4488
Switzerland,Maize,2007,101695,2099.3,1537.0,8.43,10.1695
Switzerland,Maize,2008,97027,2011.47,1537.0,7.98,9.7027
Switzerland,Maize,2009,104132,2170.4,1537.0,8.15,10.4132
Switzerland,Maize,2010,84922,2059.6,1537.0,7.06,8.4922
Switzerland,Maize,2011,114447,2132.14,1537.0,8.68,11.4447
Switzerland,Maize,2012,108279,2077.9,1537.0,7.96,10.8279
Switzerland,Maize,2013,100837,2098.5,1537.0,7.94,10.0837
Switzerland,Potatoes,1990,379017,2282.0,1537.0,8.19,37.9017
Switzerland,Potatoes,1991,398785,2055.9,1537.0,7.24,39.8785
Switzerland,Potatoes,1992,422849,2018.7,1537.0,7.98,42.2849
Switzerland,Potatoes,1993,439261,1934.5,1537.0,7.48,43.9261
Switzerland,Potatoes,1994,331744,1922.5,1537.0,8.78,33.1744
Switzerland,Potatoes,1995,352941,1826.3,1537.0,7.65,35.2941
Switzerland,Potatoes,1996,487219,1746.3,1537.0,6.66,48.7219
Switzerland,Potatoes,1997,459163,1644.3,1537.0,7.96,45.9163
Switzerland,Potatoes,1998,403371,1563.6,1537.0,7.81,40.3371
Switzerland,Potatoes,1999,352256,1526.6,1537.0,7.76,35.2256
Switzerland,Potatoes,2000,424362,1576.9,1537.0,8.54,42.4362
Switzerland,Potatoes,2001,375698,1561.9,1537.0,7.82,37.5698
Switzerland,Potatoes,2002,390936,1526.6,1537.0,8.42,39.0936
Switzerland,Potatoes,2004,394976,1390.7,1537.0,7.67,39.4976
Switzerland,Potatoes,2005,387450,1388.3,1537.0,7.49,38.745
Switzerland,Potatoes,2006,326986,1359.04,1537.0,8.19,32.6986
Switzerland,Potatoes,2007,417029,2099.3,1537.0,8.43,41.7029
Switzerland,Potatoes,2008,427835,2011.47,1537.0,7.98,42.7835
Switzerland,Potatoes,2009,465002,2170.4,1537.0,8.15,46.5002
Switzerland,Potatoes,2010,386978,2059.6,1537.0,7.06,38.6978
Switzerland,Potatoes,2011,457778,2132.14,1537.0,8.68,45.7778
Switzerland,Potatoes,2012,411034,2077.9,1537.0,7.96,41.1034
Switzerland,Potatoes,2013,325935,2098.5,1537.0,7.94,32.5935
Switzerland,Soybeans,1990,24266,2282.0,1537.0,8.19,2.4266
Switzerland,Soybeans,1991,23437,2055.9,1537.0,7.24,2.3437
Switzerland,Soybeans,1992,26335,2018.7,1537.0,7.98,2.6335
Switzerland,Soybeans,1993,22818,1934.5,1537.0,7.48,2.2818
Switzerland,Soybeans,1994,27575,1922.5,1537.0,8.78,2.7575
Switzerland,Soybeans,1995,27750,1826.3,1537.0,7.65,2.775
Switzerland,Soybeans,1996,25723,1746.3,1537.0,6.66,2.5723
Switzerland,Soybeans,1997,26472,1644.3,1537.0,7.96,2.6472
Switzerland,Soybeans,1998,26054,1563.6,1537.0,7.81,2.6054
Switzerland,Soybeans,1999,33229,1526.6,1537.0,7.76,3.3229
Switzerland,Soybeans,2000,39391,1576.9,1537.0,8.54,3.9391
Switzerland,Soybeans,2001,30713,1561.9,1537.0,7.82,3.0713
Switzerland,Soybeans,2002,30243,1526.6,1537.0,8.42,3.0243
Switzerland,Soybeans,2004,28446,1390.7,1537.0,7.67,2.8446
Switzerland,Soybeans,2005,26350,1388.3,1537.0,7.49,2.635
Switzerland,Soybeans,2006,26667,1359.04,1537.0,8.19,2.6667
Switzerland,Soybeans,2007,26052,2099.3,1537.0,8.43,2.6052
Switzerland,Soybeans,2008,29087,2011.47,1537.0,7.98,2.9087
Switzerland,Soybeans,2009,27076,2170.4,1537.0,8.15,2.7076
Switzerland,Soybeans,2010,28298,2059.6,1537.0,7.06,2.8298
Switzerland,Soybeans,2011,29386,2132.14,1537.0,8.68,2.9386
Switzerland,Soybeans,2012,28111,2077.9,1537.0,7.96,2.8111
Switzerland,Soybeans,2013,25252,2098.5,1537.0,7.94,2.5252
Switzerland,Wheat,1990,56376,2282.0,1537.0,8.19,5.6376
Switzerland,Wheat,1991,59471,2055.9,1537.0,7.24,5.9471
Switzerland,Wheat,1992,55114,2018.7,1537.0,7.98,5.5114
Switzerland,Wheat,1993,59382,1934.5,1537.0,7.48,5.9382
Switzerland,Wheat,1994,54925,1922.5,1537.0,8.78,5.4925
Switzerland,Wheat,1995,59798,1826.3,1537.0,7.65,5.9798
Switzerland,Wheat,1996,66149,1746.3,1537.0,6.66,6.6149
Switzerland,Wheat,1997,59787,1644.3,1537.0,7.96,5.9787
Switzerland,Wheat,1998,61811,1563.6,1537.0,7.81,6.1811
Switzerland,Wheat,1999,52609,1526.6,1537.0,7.76,5.2609
Switzerland,Wheat,2000,59477,1576.9,1537.0,8.54,5.9477
Switzerland,Wheat,2001,55116,1561.9,1537.0,7.82,5.5116
Switzerland,Wheat,2002,56340,1526.6,1537.0,8.42,5.634
Switzerland,Wheat,2004,61177,1390.7,1537.0,7.67,6.1177
Switzerland,Wheat,2005,57316,1388.3,1537.0,7.49,5.7316
Switzerland,Wheat,2006,58130,1359.04,1537.0,8.19,5.813
Switzerland,Wheat,2007,59803,2099.3,1537.0,8.43,5.9803
Switzerland,Wheat,2008,60014,2011.47,1537.0,7.98,6.0014
Switzerland,Wheat,2009,60214,2170.4,1537.0,8.15,6.0214
Switzerland,Wheat,2010,57490,2059.6,1537.0,7.06,5.749
Switzerland,Wheat,2011,62952,2132.14,1537.0,8.68,6.2952
Switzerland,Wheat,2012,57763,2077.9,1537.0,7.96,5.7763
Switzerland,Wheat,2013,53834,2098.5,1537.0,7.94,5.3834
Tajikistan,Maize,1992,29613,2280.0,691.0,7.9,2.9613
Tajikistan,Maize,1993,30455,2280.0,691.0,7.29,3.0455
Tajikistan,Maize,1994,18000,714.0,691.0,8.01,1.8
Tajikistan,Maize,1995,19372,54.0,691.0,8.49,1.9372
Tajikistan,Maize,1996,37520,826.0,691.0,7.55,3.752
Tajikistan,Maize,1997,27501,751.31,691.0,8.69,2.7501
Tajikistan,Maize,1998,29816,676.63,691.0,8.34,2.9816
Tajikistan,Maize,1999,28100,601.94,691.0,8.74,2.81
Tajikistan,Maize,2000,27011,527.25,691.0,8.78,2.7011
Tajikistan,Maize,2001,29515,452.56,691.0,9.16,2.9515
Tajikistan,Maize,2002,35117,377.88,691.0,8.63,3.5117
Tajikistan,Maize,2004,46811,228.5,691.0,9.24,4.6811
Tajikistan,Maize,2005,40471,235.4,691.0,8.61,4.0471
Tajikistan,Maize,2006,37740,241.9,691.0,8.97,3.774
Tajikistan,Maize,2007,40109,247.9,691.0,8.69,4.0109
Tajikistan,Maize,2008,93985,253.5,691.0,8.29,9.3985
Tajikistan,Maize,2009,98893,258.1,691.0,8.42,9.8893
Tajikistan,Maize,2010,120521,262.1,691.0,8.98,12.0521
Tajikistan,Maize,2011,121228,264.6,691.0,8.45,12.1228
Tajikistan,Maize,2012,125670,264.6,691.0,7.71,12.567
Tajikistan,Maize,2013,124827,264.6,691.0,10.1,12.4827
Tajikistan,Potatoes,1992,128769,2280.0,691.0,7.9,12.8769
Tajikistan,Potatoes,1993,120492,2280.0,691.0,7.29,12.0492
Tajikistan,Potatoes,1994,111667,714.0,691.0,8.01,11.1667
Tajikistan,Potatoes,1995,279000,54.0,691.0,8.49,27.9
Tajikistan,Potatoes,1996,107700,826.0,691.0,7.55,10.77
Tajikistan,Potatoes,1997,100289,751.31,691.0,8.69,10.0289
Tajikistan,Potatoes,1998,104926,676.63,691.0,8.34,10.4926
Tajikistan,Potatoes,1999,117128,601.94,691.0,8.74,11.7128
Tajikistan,Potatoes,2000,119046,527.25,691.0,8.78,11.9046
Tajikistan,Potatoes,2001,132600,452.56,691.0,9.16,13.26
Tajikistan,Potatoes,2002,158022,377.88,691.0,8.63,15.8022
Tajikistan,Potatoes,2004,183006,228.5,691.0,9.24,18.3006
Tajikistan,Potatoes,2005,196227,235.4,691.0,8.61,19.6227
Tajikistan,Potatoes,2006,198508,241.9,691.0,8.97,19.8508
Tajikistan,Potatoes,2007,218368,247.9,691.0,8.69,21.8368
Tajikistan,Potatoes,2008,237053,253.5,691.0,8.29,23.7053
Tajikistan,Potatoes,2009,231535,258.1,691.0,8.42,23.1535
Tajikistan,Potatoes,2010,239308,262.1,691.0,8.98,23.9308
Tajikistan,Potatoes,2011,235049,264.6,691.0,8.45,23.5049
Tajikistan,Potatoes,2012,237444,264.6,691.0,7.71,23.7444
Tajikistan,Potatoes,2013,251396,264.6,691.0,10.1,25.1396
Tajikistan,"Rice, paddy",1992,20184,2280.0,691.0,7.9,2.0184
Tajikistan,"Rice, paddy",1993,18306,2280.0,691.0,7.29,1.8306
Tajikistan,"Rice, paddy",1994,15385,714.0,691.0,8.01,1.5385
Tajikistan,"Rice, paddy",1995,18000,54.0,691.0,8.49,1.8
Tajikistan,"Rice, paddy",1996,17268,826.0,691.0,7.55,1.7268
Tajikistan,"Rice, paddy",1997,27093,751.31,691.0,8.69,2.7093
Tajikistan,"Rice, paddy",1998,24566,676.63,691.0,8.34,2.4566
Tajikistan,"Rice, paddy",1999,24908,601.94,691.0,8.74,2.4908
Tajikistan,"Rice, paddy",2000,37900,527.25,691.0,8.78,3.79
Tajikistan,"Rice, paddy",2001,26100,452.56,691.0,9.16,2.61
Tajikistan,"Rice, paddy",2002,28523,377.88,691.0,8.63,2.8523
Tajikistan,"Rice, paddy",2004,36408,228.5,691.0,9.24,3.6408
Tajikistan,"Rice, paddy",2005,32844,235.4,691.0,8.61,3.2844
Tajikistan,"Rice, paddy",2006,31415,241.9,691.0,8.97,3.1415
Tajikistan,"Rice, paddy",2007,30707,247.9,691.0,8.69,3.0707
Tajikistan,"Rice, paddy",2008,52616,253.5,691.0,8.29,5.2616
Tajikistan,"Rice, paddy",2009,43558,258.1,691.0,8.42,4.3558
Tajikistan,"Rice, paddy",2010,51740,262.1,691.0,8.98,5.174
Tajikistan,"Rice, paddy",2011,58186,264.6,691.0,8.45,5.8186
Tajikistan,"Rice, paddy",2012,62517,264.6,691.0,7.71,6.2517
Tajikistan,"Rice, paddy",2013,66592,264.6,691.0,10.1,6.6592
Tajikistan,Sorghum,1992,11720,2280.0,691.0,7.9,1.172
Tajikistan,Sorghum,1993,13716,2280.0,691.0,7.29,1.3716
Tajikistan,Sorghum,1994,14087,714.0,691.0,8.01,1.4087
Tajikistan,Sorghum,1995,19182,54.0,691.0,8.49,1.9182
Tajikistan,Sorghum,1996,7338,826.0,691.0,7.55,0.7338
Tajikistan,Sorghum,1997,8883,751.31,691.0,8.69,0.8883
Tajikistan,Sorghum,1998,20704,676.63,691.0,8.34,2.0704
Tajikistan,Sorghum,1999,11327,601.94,691.0,8.74,1.1327
Tajikistan,Sorghum,2000,14588,527.25,691.0,8.78,1.4588
Tajikistan,Sorghum,2001,13444,452.56,691.0,9.16,1.3444
Tajikistan,Sorghum,2002,12353,377.88,691.0,8.63,1.2353
Tajikistan,Sorghum,2004,17786,228.5,691.0,9.24,1.7786
Tajikistan,Sorghum,2005,12140,235.4,691.0,8.61,1.214
Tajikistan,Sorghum,2006,14240,241.9,691.0,8.97,1.424
Tajikistan,Sorghum,2007,16316,247.9,691.0,8.69,1.6316
Tajikistan,Sorghum,2008,10687,253.5,691.0,8.29,1.0687
Tajikistan,Sorghum,2009,8889,258.1,691.0,8.42,0.8889
Tajikistan,Sorghum,2010,17840,262.1,691.0,8.98,1.784
Tajikistan,Sorghum,2011,7981,264.6,691.0,8.45,0.7981
Tajikistan,Sorghum,2012,29444,264.6,691.0,7.71,2.9444
Tajikistan,Sorghum,2013,34000,264.6,691.0,10.1,3.4
Tajikistan,Soybeans,1992,50,2280.0,691.0,7.9,0.005
Tajikistan,Soybeans,1993,80,2280.0,691.0,7.29,0.008
Tajikistan,Soybeans,1994,111,714.0,691.0,8.01,0.0111
Tajikistan,Soybeans,1995,117,54.0,691.0,8.49,0.0117
Tajikistan,Soybeans,1996,227,826.0,691.0,7.55,0.0227
Tajikistan,Soybeans,1997,200,751.31,691.0,8.69,0.02
Tajikistan,Soybeans,1998,383,676.63,691.0,8.34,0.0383
Tajikistan,Soybeans,1999,260,601.94,691.0,8.74,0.026
Tajikistan,Soybeans,2000,525,527.25,691.0,8.78,0.0525
Tajikistan,Soybeans,2001,540,452.56,691.0,9.16,0.054
Tajikistan,Soybeans,2002,230,377.88,691.0,8.63,0.023
Tajikistan,Soybeans,2004,100,228.5,691.0,9.24,0.01
Tajikistan,Soybeans,2006,500,241.9,691.0,8.97,0.05
Tajikistan,Soybeans,2007,824,247.9,691.0,8.69,0.0824
Tajikistan,Soybeans,2008,112,253.5,691.0,8.29,0.0112
Tajikistan,Soybeans,2009,2459,258.1,691.0,8.42,0.2459
Tajikistan,Soybeans,2010,2156,262.1,691.0,8.98,0.2156
Tajikistan,Soybeans,2011,2688,264.6,691.0,8.45,0.2688
Tajikistan,Soybeans,2012,4000,264.6,691.0,7.71,0.4
Tajikistan,Soybeans,2013,3273,264.6,691.0,10.1,0.3273
Tajikistan,Wheat,1992,9073,2280.0,691.0,7.9,0.9073
Tajikistan,Wheat,1993,8513,2280.0,691.0,7.29,0.8513
Tajikistan,Wheat,1994,8409,714.0,691.0,8.01,0.8409
Tajikistan,Wheat,1995,8882,54.0,691.0,8.49,0.8882
Tajikistan,Wheat,1996,8566,826.0,691.0,7.55,0.8566
Tajikistan,Wheat,1997,12687,751.31,691.0,8.69,1.2687
Tajikistan,Wheat,1998,11448,676.63,691.0,8.34,1.1448
Tajikistan,Wheat,1999,11486,601.94,691.0,8.74,1.1486
Tajikistan,Wheat,2000,11839,527.25,691.0,8.78,1.1839
Tajikistan,Wheat,2001,13098,452.56,691.0,9.16,1.3098
Tajikistan,Wheat,2002,17898,377.88,691.0,8.63,1.7898
Tajikistan,Wheat,2004,19897,228.5,691.0,9.24,1.9897
Tajikistan,Wheat,2005,19603,235.4,691.0,8.61,1.9603
Tajikistan,Wheat,2006,19967,241.9,691.0,8.97,1.9967
Tajikistan,Wheat,2007,23500,247.9,691.0,8.69,2.35
Tajikistan,Wheat,2008,19866,253.5,691.0,8.29,1.9866
Tajikistan,Wheat,2009,30343,258.1,691.0,8.42,3.0343
Tajikistan,Wheat,2010,30159,262.1,691.0,8.98,3.0159
Tajikistan,Wheat,2011,23359,264.6,691.0,8.45,2.3359
Tajikistan,Wheat,2012,26758,264.6,691.0,7.71,2.6758
Tajikistan,Wheat,2013,29735,264.6,691.0,10.1,2.9735
Thailand,Cassava,1990,139159,18849.0,1622.0,27.96,13.9159
Thailand,Cassava,1991,137453,18849.0,1622.0,27.85,13.7453
Thailand,Cassava,1992,140332,18849.0,1622.0,27.55,14.0332
Thailand,Cassava,1993,140491,18849.0,1622.0,27.58,14.0491
Thailand,Cassava,1994,138073,20448.0,1622.0,27.76,13.8073
Thailand,Cassava,1995,130244,24062.0,1622.0,27.68,13.0244
Thailand,Cassava,1996,141581,21901.0,1622.0,27.37,14.1581
Thailand,Cassava,1997,146976,23960.0,1622.0,28.01,14.6976
Thailand,Cassava,1998,149280,19212.0,1622.0,28.44,14.928
Thailand,Cassava,1999,154929,22761.0,1622.0,27.34,15.4929
Thailand,Cassava,2000,168570,20334.0,1622.0,27.52,16.857
Thailand,Cassava,2001,175324,30629.67,1622.0,27.81,17.5324
Thailand,Cassava,2002,170694,40925.33,1622.0,27.98,17.0694
Thailand,Cassava,2004,202778,88548.0,1622.0,27.8,20.2778
Thailand,Cassava,2005,171804,43831.0,1622.0,27.92,17.1804
Thailand,Cassava,2006,210910,41220.0,1622.0,27.92,21.091
Thailand,Cassava,2007,229223,66858.0,1622.0,27.79,22.9223
Thailand,Cassava,2008,212548,65423.0,1622.0,27.48,21.2548
Thailand,Cassava,2009,226781,67933.0,1622.0,27.79,22.6781
Thailand,Cassava,2010,185730,68986.0,1622.0,28.54,18.573
Thailand,Cassava,2011,192995,87191.0,1622.0,27.56,19.2995
Thailand,Cassava,2012,219133,69921.0,1622.0,28.48,21.9133
Thailand,Cassava,2013,218232,8136.0,1622.0,28.98,21.8232
Thailand,Maize,1990,24090,18849.0,1622.0,27.96,2.409
Thailand,Maize,1991,27117,18849.0,1622.0,27.85,2.7117
Thailand,Maize,1992,29709,18849.0,1622.0,27.55,2.9709
Thailand,Maize,1993,27333,18849.0,1622.0,27.58,2.7333
Thailand,Maize,1994,29344,20448.0,1622.0,27.76,2.9344
Thailand,Maize,1995,32884,24062.0,1622.0,27.68,3.2884
Thailand,Maize,1996,34478,21901.0,1622.0,27.37,3.4478
Thailand,Maize,1997,31982,23960.0,1622.0,28.01,3.1982
Thailand,Maize,1998,33448,19212.0,1622.0,28.44,3.3448
Thailand,Maize,1999,35526,22761.0,1622.0,27.34,3.5526
Thailand,Maize,2000,36715,20334.0,1622.0,27.52,3.6715
Thailand,Maize,2001,37329,30629.67,1622.0,27.81,3.7329
Thailand,Maize,2002,37145,40925.33,1622.0,27.98,3.7145
Thailand,Maize,2004,38587,88548.0,1622.0,27.8,3.8587
Thailand,Maize,2005,38161,43831.0,1622.0,27.92,3.8161
Thailand,Maize,2006,39356,41220.0,1622.0,27.92,3.9356
Thailand,Maize,2007,39295,66858.0,1622.0,27.79,3.9295
Thailand,Maize,2008,40748,65423.0,1622.0,27.48,4.0748
Thailand,Maize,2009,41780,67933.0,1622.0,27.79,4.178
Thailand,Maize,2010,41799,68986.0,1622.0,28.54,4.1799
Thailand,Maize,2011,43297,87191.0,1622.0,27.56,4.3297
Thailand,Maize,2012,43225,69921.0,1622.0,28.48,4.3225
Thailand,Maize,2013,42242,8136.0,1622.0,28.98,4.2242
Thailand,Potatoes,1990,90000,18849.0,1622.0,27.96,9.0
Thailand,Potatoes,1991,83333,18849.0,1622.0,27.85,8.3333
Thailand,Potatoes,1992,128571,18849.0,1622.0,27.55,12.8571
Thailand,Potatoes,1993,125000,18849.0,1622.0,27.58,12.5
Thailand,Potatoes,1994,133333,20448.0,1622.0,27.76,13.3333
Thailand,Potatoes,1995,140000,24062.0,1622.0,27.68,14.0
Thailand,Potatoes,1996,171249,21901.0,1622.0,27.37,17.1249
Thailand,Potatoes,1997,166699,23960.0,1622.0,28.01,16.6699
Thailand,Potatoes,1998,123473,19212.0,1622.0,28.44,12.3473
Thailand,Potatoes,1999,130776,22761.0,1622.0,27.34,13.0776
Thailand,Potatoes,2000,130776,20334.0,1622.0,27.52,13.0776
Thailand,Potatoes,2001,120904,30629.67,1622.0,27.81,12.0904
Thailand,Potatoes,2002,120717,40925.33,1622.0,27.98,12.0717
Thailand,Potatoes,2004,143224,88548.0,1622.0,27.8,14.3224
Thailand,Potatoes,2005,151076,43831.0,1622.0,27.92,15.1076
Thailand,Potatoes,2006,152815,41220.0,1622.0,27.92,15.2815
Thailand,Potatoes,2007,157503,66858.0,1622.0,27.79,15.7503
Thailand,Potatoes,2008,150459,65423.0,1622.0,27.48,15.0459
Thailand,Potatoes,2009,165948,67933.0,1622.0,27.79,16.5948
Thailand,Potatoes,2010,142016,68986.0,1622.0,28.54,14.2016
Thailand,Potatoes,2011,146421,87191.0,1622.0,27.56,14.6421
Thailand,Potatoes,2012,153378,69921.0,1622.0,28.48,15.3378
Thailand,Potatoes,2013,150014,8136.0,1622.0,28.98,15.0014
Thailand,"Rice, paddy",1990,19556,18849.0,1622.0,27.96,1.9556
Thailand,"Rice, paddy",1991,22534,18849.0,1622.0,27.85,2.2534
Thailand,"Rice, paddy",1992,21745,18849.0,1622.0,27.55,2.1745
Thailand,"Rice, paddy",1993,20497,18849.0,1622.0,27.58,2.0497
Thailand,"Rice, paddy",1994,23521,20448.0,1622.0,27.76,2.3521
Thailand,"Rice, paddy",1995,24158,24062.0,1622.0,27.68,2.4158
Thailand,"Rice, paddy",1996,24098,21901.0,1622.0,27.37,2.4098
Thailand,"Rice, paddy",1997,23788,23960.0,1622.0,28.01,2.3788
Thailand,"Rice, paddy",1998,24180,19212.0,1622.0,28.44,2.418
Thailand,"Rice, paddy",1999,24244,22761.0,1622.0,27.34,2.4244
Thailand,"Rice, paddy",2000,26128,20334.0,1622.0,27.52,2.6128
Thailand,"Rice, paddy",2001,28739,30629.67,1622.0,27.81,2.8739
Thailand,"Rice, paddy",2002,29338,40925.33,1622.0,27.98,2.9338
Thailand,"Rice, paddy",2004,28895,88548.0,1622.0,27.8,2.8895
Thailand,"Rice, paddy",2005,29974,43831.0,1622.0,27.92,2.9974
Thailand,"Rice, paddy",2006,29503,41220.0,1622.0,27.92,2.9503
Thailand,"Rice, paddy",2007,30441,66858.0,1622.0,27.79,3.0441
Thailand,"Rice, paddy",2008,29974,65423.0,1622.0,27.48,2.9974
Thailand,"Rice, paddy",2009,29079,67933.0,1622.0,27.79,2.9079
Thailand,"Rice, paddy",2010,29921,68986.0,1622.0,28.54,2.9921
Thailand,"Rice, paddy",2011,31867,87191.0,1622.0,27.56,3.1867
Thailand,"Rice, paddy",2012,31865,69921.0,1622.0,28.48,3.1865
Thailand,"Rice, paddy",2013,31463,8136.0,1622.0,28.98,3.1463
Thailand,Sorghum,1990,12590,18849.0,1622.0,27.96,1.259
Thailand,Sorghum,1991,12991,18849.0,1622.0,27.85,1.2991
Thailand,Sorghum,1992,14440,18849.0,1622.0,27.55,1.444
Thailand,Sorghum,1993,14272,18849.0,1622.0,27.58,1.4272
Thailand,Sorghum,1994,13644,20448.0,1622.0,27.76,1.3644
Thailand,Sorghum,1995,15032,24062.0,1622.0,27.68,1.5032
Thailand,Sorghum,1996,16727,21901.0,1622.0,27.37,1.6727
Thailand,Sorghum,1997,14983,23960.0,1622.0,28.01,1.4983
Thailand,Sorghum,1998,13948,19212.0,1622.0,28.44,1.3948
Thailand,Sorghum,1999,16352,22761.0,1622.0,27.34,1.6352
Thailand,Sorghum,2000,17302,20334.0,1622.0,27.52,1.7302
Thailand,Sorghum,2001,17356,30629.67,1622.0,27.81,1.7356
Thailand,Sorghum,2002,18430,40925.33,1622.0,27.98,1.843
Thailand,Sorghum,2004,16770,88548.0,1622.0,27.8,1.677
Thailand,Sorghum,2005,18904,43831.0,1622.0,27.92,1.8904
Thailand,Sorghum,2006,16446,41220.0,1622.0,27.92,1.6446
Thailand,Sorghum,2007,17545,66858.0,1622.0,27.79,1.7545
Thailand,Sorghum,2008,16776,65423.0,1622.0,27.48,1.6776
Thailand,Sorghum,2009,18930,67933.0,1622.0,27.79,1.893
Thailand,Sorghum,2010,19175,68986.0,1622.0,28.54,1.9175
Thailand,Sorghum,2011,18436,87191.0,1622.0,27.56,1.8436
Thailand,Sorghum,2012,18814,69921.0,1622.0,28.48,1.8814
Thailand,Sorghum,2013,19061,8136.0,1622.0,28.98,1.9061
Thailand,Soybeans,1990,12998,18849.0,1622.0,27.96,1.2998
Thailand,Soybeans,1991,13686,18849.0,1622.0,27.85,1.3686
Thailand,Soybeans,1992,13990,18849.0,1622.0,27.55,1.399
Thailand,Soybeans,1993,13508,18849.0,1622.0,27.58,1.3508
Thailand,Soybeans,1994,13344,20448.0,1622.0,27.76,1.3344
Thailand,Soybeans,1995,14017,24062.0,1622.0,27.68,1.4017
Thailand,Soybeans,1996,14053,21901.0,1622.0,27.37,1.4053
Thailand,Soybeans,1997,14315,23960.0,1622.0,28.01,1.4315
Thailand,Soybeans,1998,14652,19212.0,1622.0,28.44,1.4652
Thailand,Soybeans,1999,14201,22761.0,1622.0,27.34,1.4201
Thailand,Soybeans,2000,14531,20334.0,1622.0,27.52,1.4531
Thailand,Soybeans,2001,14775,30629.67,1622.0,27.81,1.4775
Thailand,Soybeans,2002,14863,40925.33,1622.0,27.98,1.4863
Thailand,Soybeans,2004,14905,88548.0,1622.0,27.8,1.4905
Thailand,Soybeans,2005,15838,43831.0,1622.0,27.92,1.5838
Thailand,Soybeans,2006,15787,41220.0,1622.0,27.92,1.5787
Thailand,Soybeans,2007,16114,66858.0,1622.0,27.79,1.6114
Thailand,Soybeans,2008,16180,65423.0,1622.0,27.48,1.618
Thailand,Soybeans,2009,16694,67933.0,1622.0,27.79,1.6694
Thailand,Soybeans,2010,17695,68986.0,1622.0,28.54,1.7695
Thailand,Soybeans,2011,10841,87191.0,1622.0,27.56,1.0841
Thailand,Soybeans,2012,12897,69921.0,1622.0,28.48,1.2897
Thailand,Soybeans,2013,17308,8136.0,1622.0,28.98,1.7308
Thailand,Wheat,1990,6107,18849.0,1622.0,27.96,0.6107
Thailand,Wheat,1991,4861,18849.0,1622.0,27.85,0.4861
Thailand,Wheat,1992,6753,18849.0,1622.0,27.55,0.6753
Thailand,Wheat,1993,6167,18849.0,1622.0,27.58,0.6167
Thailand,Wheat,1994,7000,20448.0,1622.0,27.76,0.7
Thailand,Wheat,1995,6820,24062.0,1622.0,27.68,0.682
Thailand,Wheat,1996,6455,21901.0,1622.0,27.37,0.6455
Thailand,Wheat,1997,6903,23960.0,1622.0,28.01,0.6903
Thailand,Wheat,1998,6951,19212.0,1622.0,28.44,0.6951
Thailand,Wheat,1999,6995,22761.0,1622.0,27.34,0.6995
Thailand,Wheat,2000,7039,20334.0,1622.0,27.52,0.7039
Thailand,Wheat,2001,7087,30629.67,1622.0,27.81,0.7087
Thailand,Wheat,2002,7148,40925.33,1622.0,27.98,0.7148
Thailand,Wheat,2004,7642,88548.0,1622.0,27.8,0.7642
Thailand,Wheat,2005,7816,43831.0,1622.0,27.92,0.7816
Thailand,Wheat,2006,7963,41220.0,1622.0,27.92,0.7963
Thailand,Wheat,2007,8108,66858.0,1622.0,27.79,0.8108
Thailand,Wheat,2008,8256,65423.0,1622.0,27.48,0.8256
Thailand,Wheat,2009,8473,67933.0,1622.0,27.79,0.8473
Thailand,Wheat,2010,8756,68986.0,1622.0,28.54,0.8756
Thailand,Wheat,2011,9085,87191.0,1622.0,27.56,0.9085
Thailand,Wheat,2012,8696,69921.0,1622.0,28.48,0.8696
Thailand,Wheat,2013,12500,8136.0,1622.0,28.98,1.25
Tunisia,Potatoes,1990,136478,909.0,207.0,19.34,13.6478
Tunisia,Potatoes,1991,129412,909.0,207.0,18.41,12.9412
Tunisia,Potatoes,1992,136250,909.0,207.0,18.54,13.625
Tunisia,Potatoes,1993,140141,909.0,207.0,18.9,14.0141
Tunisia,Potatoes,1994,117318,909.0,207.0,19.93,11.7318
Tunisia,Potatoes,1995,137059,909.0,207.0,19.22,13.7059
Tunisia,Potatoes,1996,119469,909.0,207.0,18.88,11.9469
Tunisia,Potatoes,1997,125652,909.0,207.0,19.54,12.5652
Tunisia,Potatoes,1998,137850,868.44,207.0,19.19,13.785
Tunisia,Potatoes,1999,164103,827.87,207.0,19.97,16.4103
Tunisia,Potatoes,2000,140097,787.31,207.0,19.76,14.0097
Tunisia,Potatoes,2001,154930,746.75,207.0,20.04,15.493
Tunisia,Potatoes,2002,140399,706.18,207.0,19.74,14.0399
Tunisia,Potatoes,2004,154959,625.06,207.0,19.37,15.4959
Tunisia,Potatoes,2005,123604,584.49,207.0,19.12,12.3604
Tunisia,Potatoes,2006,146586,543.93,207.0,19.82,14.6586
Tunisia,Potatoes,2007,145418,503.37,207.0,19.71,14.5418
Tunisia,Potatoes,2008,149194,462.8,207.0,19.76,14.9194
Tunisia,Potatoes,2009,144321,422.24,207.0,19.64,14.4321
Tunisia,Potatoes,2010,155462,422.24,207.0,19.76,15.5462
Tunisia,Potatoes,2011,148760,422.24,207.0,19.53,14.876
Tunisia,Potatoes,2012,150215,422.24,207.0,20.12,15.0215
Tunisia,Potatoes,2013,160417,422.24,207.0,20.0,16.0417
Tunisia,Sorghum,1990,4286,909.0,207.0,19.34,0.4286
Tunisia,Sorghum,1991,3333,909.0,207.0,18.41,0.3333
Tunisia,Sorghum,1992,3801,909.0,207.0,18.54,0.3801
Tunisia,Sorghum,1993,3911,909.0,207.0,18.9,0.3911
Tunisia,Sorghum,1994,4000,909.0,207.0,19.93,0.4
Tunisia,Sorghum,1995,4000,909.0,207.0,19.22,0.4
Tunisia,Sorghum,1996,4121,909.0,207.0,18.88,0.4121
Tunisia,Sorghum,1997,4168,909.0,207.0,19.54,0.4168
Tunisia,Sorghum,1998,4217,868.44,207.0,19.19,0.4217
Tunisia,Sorghum,1999,4266,827.87,207.0,19.97,0.4266
Tunisia,Sorghum,2000,4316,787.31,207.0,19.76,0.4316
Tunisia,Sorghum,2001,4366,746.75,207.0,20.04,0.4366
Tunisia,Sorghum,2002,4404,706.18,207.0,19.74,0.4404
Tunisia,Sorghum,2004,4504,625.06,207.0,19.37,0.4504
Tunisia,Sorghum,2005,4551,584.49,207.0,19.12,0.4551
Tunisia,Sorghum,2006,4599,543.93,207.0,19.82,0.4599
Tunisia,Sorghum,2007,4646,503.37,207.0,19.71,0.4646
Tunisia,Sorghum,2008,4691,462.8,207.0,19.76,0.4691
Tunisia,Sorghum,2009,4733,422.24,207.0,19.64,0.4733
Tunisia,Sorghum,2010,4773,422.24,207.0,19.76,0.4773
Tunisia,Sorghum,2011,4810,422.24,207.0,19.53,0.481
Tunisia,Sorghum,2012,5106,422.24,207.0,20.12,0.5106
Tunisia,Sorghum,2013,5106,422.24,207.0,20.0,0.5106
Tunisia,Wheat,1990,12721,909.0,207.0,19.34,1.2721
Tunisia,Wheat,1991,17006,909.0,207.0,18.41,1.7006
Tunisia,Wheat,1992,17030,909.0,207.0,18.54,1.703
Tunisia,Wheat,1993,13700,909.0,207.0,18.9,1.37
Tunisia,Wheat,1994,10694,909.0,207.0,19.93,1.0694
Tunisia,Wheat,1995,12780,909.0,207.0,19.22,1.278
Tunisia,Wheat,1996,16151,909.0,207.0,18.88,1.6151
Tunisia,Wheat,1997,11061,909.0,207.0,19.54,1.1061
Tunisia,Wheat,1998,14248,868.44,207.0,19.19,1.4248
Tunisia,Wheat,1999,14184,827.87,207.0,19.97,1.4184
Tunisia,Wheat,2000,11727,787.31,207.0,19.76,1.1727
Tunisia,Wheat,2001,20000,746.75,207.0,20.04,2.0
Tunisia,Wheat,2002,14144,706.18,207.0,19.74,1.4144
Tunisia,Wheat,2004,16634,625.06,207.0,19.37,1.6634
Tunisia,Wheat,2005,16918,584.49,207.0,19.12,1.6918
Tunisia,Wheat,2006,14941,543.93,207.0,19.82,1.4941
Tunisia,Wheat,2007,18762,503.37,207.0,19.71,1.8762
Tunisia,Wheat,2008,17174,462.8,207.0,19.76,1.7174
Tunisia,Wheat,2009,21038,422.24,207.0,19.64,2.1038
Tunisia,Wheat,2010,18923,422.24,207.0,19.76,1.8923
Tunisia,Wheat,2011,20791,422.24,207.0,19.53,2.0791
Tunisia,Wheat,2012,20203,422.24,207.0,20.12,2.0203
Tunisia,Wheat,2013,14614,422.24,207.0,20.0,1.4614
Turkey,Maize,1990,40803,29918.0,593.0,14.718,4.0803
Turkey,Maize,1991,42489,24343.0,593.0,14.151999999999997,4.2489
Turkey,Maize,1992,42427,27110.0,593.0,13.486,4.2427
Turkey,Maize,1993,45455,28042.0,593.0,14.187999999999999,4.5455
Turkey,Maize,1994,38181,24219.0,593.0,15.504000000000001,3.8181
Turkey,Maize,1995,37322,27328.0,593.0,14.784,3.7322
Turkey,Maize,1996,36396,30286.0,593.0,14.788,3.6396
Turkey,Maize,1997,38247,34431.0,593.0,14.095999999999998,3.8247
Turkey,Maize,1998,42192,30162.0,593.0,15.352,4.2192
Turkey,Maize,1999,44376,33089.0,593.0,15.693999999999999,4.4376
Turkey,Maize,2000,41605,33471.0,593.0,14.801999999999998,4.1605
Turkey,Maize,2001,40063,25539.0,593.0,15.862,4.0063
Turkey,Maize,2002,42163,27915.0,593.0,15.056000000000001,4.2163
Turkey,Maize,2004,55076,28831.0,593.0,14.986,5.5076
Turkey,Maize,2005,70000,40332.0,593.0,14.978,7.0
Turkey,Maize,2006,72139,27421.0,593.0,14.868,7.2139
Turkey,Maize,2007,68381,48715.51,593.0,15.636000000000001,6.8381
Turkey,Maize,2008,71988,37640.2,593.0,15.466,7.1988
Turkey,Maize,2009,71878,37651.15,593.0,15.536000000000001,7.1878
Turkey,Maize,2010,72614,38554.69,593.0,16.592000000000002,7.2614
Turkey,Maize,2011,71707,39534.43,593.0,14.52,7.1707
Turkey,Maize,2012,73884,42610.59,593.0,15.518,7.3884
Turkey,Maize,2013,89499,39440.0,593.0,16.558,8.9499
Turkey,Potatoes,1990,224367,29918.0,593.0,14.718,22.4367
Turkey,Potatoes,1991,230653,24343.0,593.0,14.151999999999997,23.0653
Turkey,Potatoes,1992,236046,27110.0,593.0,13.486,23.6046
Turkey,Potatoes,1993,242315,28042.0,593.0,14.187999999999999,24.2315
Turkey,Potatoes,1994,229189,24219.0,593.0,15.504000000000001,22.9189
Turkey,Potatoes,1995,237707,27328.0,593.0,14.784,23.7707
Turkey,Potatoes,1996,235756,30286.0,593.0,14.788,23.5756
Turkey,Potatoes,1997,241821,34431.0,593.0,14.095999999999998,24.1821
Turkey,Potatoes,1998,258890,30162.0,593.0,15.352,25.889
Turkey,Potatoes,1999,272975,33089.0,593.0,15.693999999999999,27.2975
Turkey,Potatoes,2000,263762,33471.0,593.0,14.801999999999998,26.3762
Turkey,Potatoes,2001,250409,25539.0,593.0,15.862,25.0409
Turkey,Potatoes,2002,262966,27915.0,593.0,15.056000000000001,26.2966
Turkey,Potatoes,2004,268306,28831.0,593.0,14.986,26.8306
Turkey,Potatoes,2005,266540,40332.0,593.0,14.978,26.654
Turkey,Potatoes,2006,276077,27421.0,593.0,14.868,27.6077
Turkey,Potatoes,2007,276422,48715.51,593.0,15.636000000000001,27.6422
Turkey,Potatoes,2008,282947,37640.2,593.0,15.466,28.2947
Turkey,Potatoes,2009,305986,37651.15,593.0,15.536000000000001,30.5986
Turkey,Potatoes,2010,323303,38554.69,593.0,16.592000000000002,32.3303
Turkey,Potatoes,2011,324041,39534.43,593.0,14.52,32.4041
Turkey,Potatoes,2012,280384,42610.59,593.0,15.518,28.0384
Turkey,Potatoes,2013,315329,39440.0,593.0,16.558,31.5329
Turkey,"Rice, paddy",1990,49625,29918.0,593.0,14.718,4.9625
Turkey,"Rice, paddy",1991,49505,24343.0,593.0,14.151999999999997,4.9505
Turkey,"Rice, paddy",1992,50026,27110.0,593.0,13.486,5.0026
Turkey,"Rice, paddy",1993,50176,28042.0,593.0,14.187999999999999,5.0176
Turkey,"Rice, paddy",1994,50554,24219.0,593.0,15.504000000000001,5.0554
Turkey,"Rice, paddy",1995,50045,27328.0,593.0,14.784,5.0045
Turkey,"Rice, paddy",1996,51114,30286.0,593.0,14.788,5.1114
Turkey,"Rice, paddy",1997,50005,34431.0,593.0,14.095999999999998,5.0005
Turkey,"Rice, paddy",1998,52601,30162.0,593.0,15.352,5.2601
Turkey,"Rice, paddy",1999,52321,33089.0,593.0,15.693999999999999,5.2321
Turkey,"Rice, paddy",2000,60492,33471.0,593.0,14.801999999999998,6.0492
Turkey,"Rice, paddy",2001,61017,25539.0,593.0,15.862,6.1017
Turkey,"Rice, paddy",2002,60192,27915.0,593.0,15.056000000000001,6.0192
Turkey,"Rice, paddy",2004,70010,28831.0,593.0,14.986,7.001
Turkey,"Rice, paddy",2005,70664,40332.0,593.0,14.978,7.0664
Turkey,"Rice, paddy",2006,70273,27421.0,593.0,14.868,7.0273
Turkey,"Rice, paddy",2007,69084,48715.51,593.0,15.636000000000001,6.9084
Turkey,"Rice, paddy",2008,75716,37640.2,593.0,15.466,7.5716
Turkey,"Rice, paddy",2009,77765,37651.15,593.0,15.536000000000001,7.7765
Turkey,"Rice, paddy",2010,86899,38554.69,593.0,16.592000000000002,8.6899
Turkey,"Rice, paddy",2011,90559,39534.43,593.0,14.52,9.0559
Turkey,"Rice, paddy",2012,73539,42610.59,593.0,15.518,7.3539
Turkey,"Rice, paddy",2013,81380,39440.0,593.0,16.558,8.138
Turkey,Sorghum,2004,23333,28831.0,593.0,14.986,2.3333
Turkey,Sorghum,2005,23256,40332.0,593.0,14.978,2.3256
Turkey,Sorghum,2006,26023,27421.0,593.0,14.868,2.6023
Turkey,Sorghum,2007,32222,48715.51,593.0,15.636000000000001,3.2222
Turkey,Sorghum,2008,30811,37640.2,593.0,15.466,3.0811
Turkey,Sorghum,2009,51316,37651.15,593.0,15.536000000000001,5.1316
Turkey,Sorghum,2010,70968,38554.69,593.0,16.592000000000002,7.0968
Turkey,Sorghum,2011,69231,39534.43,593.0,14.52,6.9231
Turkey,Sorghum,2012,76000,42610.59,593.0,15.518,7.6
Turkey,Sorghum,2013,26544,39440.0,593.0,16.558,2.6544
Turkey,Soybeans,1990,21892,29918.0,593.0,14.718,2.1892
Turkey,Soybeans,1991,22222,24343.0,593.0,14.151999999999997,2.2222
Turkey,Soybeans,1992,20652,27110.0,593.0,13.486,2.0652
Turkey,Soybeans,1993,23551,28042.0,593.0,14.187999999999999,2.3551
Turkey,Soybeans,1994,24138,24219.0,593.0,15.504000000000001,2.4138
Turkey,Soybeans,1995,24194,27328.0,593.0,14.784,2.4194
Turkey,Soybeans,1996,24390,30286.0,593.0,14.788,2.439
Turkey,Soybeans,1997,21053,34431.0,593.0,14.095999999999998,2.1053
Turkey,Soybeans,1998,26087,30162.0,593.0,15.352,2.6087
Turkey,Soybeans,1999,27500,33089.0,593.0,15.693999999999999,2.75
Turkey,Soybeans,2000,29667,33471.0,593.0,14.801999999999998,2.9667
Turkey,Soybeans,2001,33064,25539.0,593.0,15.862,3.3064
Turkey,Soybeans,2002,29412,27915.0,593.0,15.056000000000001,2.9412
Turkey,Soybeans,2004,35714,28831.0,593.0,14.986,3.5714
Turkey,Soybeans,2005,33721,40332.0,593.0,14.978,3.3721
Turkey,Soybeans,2006,39688,27421.0,593.0,14.868,3.9688
Turkey,Soybeans,2007,35350,48715.51,593.0,15.636000000000001,3.535
Turkey,Soybeans,2008,36490,37640.2,593.0,15.466,3.649
Turkey,Soybeans,2009,36570,37651.15,593.0,15.536000000000001,3.657
Turkey,Soybeans,2010,36869,38554.69,593.0,16.592000000000002,3.6869
Turkey,Soybeans,2011,38704,39534.43,593.0,14.52,3.8704
Turkey,Soybeans,2012,36394,42610.59,593.0,15.518,3.6394
Turkey,Soybeans,2013,41609,39440.0,593.0,16.558,4.1609
Turkey,Wheat,1990,21227,29918.0,593.0,14.718,2.1227
Turkey,Wheat,1991,21288,24343.0,593.0,14.151999999999997,2.1288
Turkey,Wheat,1992,20405,27110.0,593.0,13.486,2.0405
Turkey,Wheat,1993,21642,28042.0,593.0,14.187999999999999,2.1642
Turkey,Wheat,1994,17975,24219.0,593.0,15.504000000000001,1.7975
Turkey,Wheat,1995,19315,27328.0,593.0,14.784,1.9315
Turkey,Wheat,1996,19852,30286.0,593.0,14.788,1.9852
Turkey,Wheat,1997,20174,34431.0,593.0,14.095999999999998,2.0174
Turkey,Wheat,1998,22564,30162.0,593.0,15.352,2.2564
Turkey,Wheat,1999,19409,33089.0,593.0,15.693999999999999,1.9409
Turkey,Wheat,2000,22928,33471.0,593.0,14.801999999999998,2.2928
Turkey,Wheat,2001,20765,25539.0,593.0,15.862,2.0765
Turkey,Wheat,2002,21006,27915.0,593.0,15.056000000000001,2.1006
Turkey,Wheat,2004,22658,28831.0,593.0,14.986,2.2658
Turkey,Wheat,2005,23309,40332.0,593.0,14.978,2.3309
Turkey,Wheat,2006,23595,27421.0,593.0,14.868,2.3595
Turkey,Wheat,2007,21675,48715.51,593.0,15.636000000000001,2.1675
Turkey,Wheat,2008,23451,37640.2,593.0,15.466,2.3451
Turkey,Wheat,2009,25667,37651.15,593.0,15.536000000000001,2.5667
Turkey,Wheat,2010,24400,38554.69,593.0,16.592000000000002,2.44
Turkey,Wheat,2011,27038,39534.43,593.0,14.52,2.7038
Turkey,Wheat,2012,26723,42610.59,593.0,15.518,2.6723
Turkey,Wheat,2013,28451,39440.0,593.0,16.558,2.8451
Uganda,Cassava,1990,83010,72.0,1180.0,23.36,8.301
Uganda,Cassava,1991,83008,72.0,1180.0,23.3,8.3008
Uganda,Cassava,1992,80000,72.0,1180.0,23.46,8.0
Uganda,Cassava,1993,85068,71.0,1180.0,23.62,8.5068
Uganda,Cassava,1994,65000,59.0,1180.0,23.6,6.5
Uganda,Cassava,1995,66988,88.0,1180.0,23.72,6.6988
Uganda,Cassava,1996,67015,88.0,1180.0,23.49,6.7015
Uganda,Cassava,1997,66988,88.0,1180.0,24.04,6.6988
Uganda,Cassava,1998,90000,88.0,1180.0,23.97,9.0
Uganda,Cassava,1999,130000,88.0,1180.0,23.52,13.0
Uganda,Cassava,2000,123840,88.0,1180.0,23.75,12.384
Uganda,Cassava,2001,135000,88.0,1180.0,23.47,13.5
Uganda,Cassava,2002,135000,88.0,1180.0,23.99,13.5
Uganda,Cassava,2004,135135,88.0,1180.0,24.02,13.5135
Uganda,Cassava,2005,144083,88.0,1180.0,24.29,14.4083
Uganda,Cassava,2006,129974,88.0,1180.0,23.95,12.9974
Uganda,Cassava,2007,128834,88.0,1180.0,23.68,12.8834
Uganda,Cassava,2008,72252,88.0,1180.0,23.68,7.2252
Uganda,Cassava,2009,71829,88.0,1180.0,24.18,7.1829
Uganda,Cassava,2010,61120,88.0,1180.0,24.14,6.112
Uganda,Cassava,2011,48728,88.0,1180.0,23.89,4.8728
Uganda,Cassava,2012,32973,88.0,1180.0,24.03,3.2973
Uganda,Cassava,2013,35006,88.0,1180.0,24.13,3.5006
Uganda,Maize,1990,15012,72.0,1180.0,23.36,1.5012
Uganda,Maize,1991,13500,72.0,1180.0,23.3,1.35
Uganda,Maize,1992,15000,72.0,1180.0,23.46,1.5
Uganda,Maize,1993,15984,71.0,1180.0,23.62,1.5984
Uganda,Maize,1994,15098,59.0,1180.0,23.6,1.5098
Uganda,Maize,1995,15989,88.0,1180.0,23.72,1.5989
Uganda,Maize,1996,12997,88.0,1180.0,23.49,1.2997
Uganda,Maize,1997,12375,88.0,1180.0,24.04,1.2375
Uganda,Maize,1998,15000,88.0,1180.0,23.97,1.5
Uganda,Maize,1999,17319,88.0,1180.0,23.52,1.7319
Uganda,Maize,2000,17424,88.0,1180.0,23.75,1.7424
Uganda,Maize,2001,18006,88.0,1180.0,23.47,1.8006
Uganda,Maize,2002,18003,88.0,1180.0,23.99,1.8003
Uganda,Maize,2004,14400,88.0,1180.0,24.02,1.44
Uganda,Maize,2005,15859,88.0,1180.0,24.29,1.5859
Uganda,Maize,2006,15361,88.0,1180.0,23.95,1.5361
Uganda,Maize,2007,14950,88.0,1180.0,23.68,1.495
Uganda,Maize,2008,22005,88.0,1180.0,23.68,2.2005
Uganda,Maize,2009,24996,88.0,1180.0,24.18,2.4996
Uganda,Maize,2010,22999,88.0,1180.0,24.14,2.2999
Uganda,Maize,2011,23999,88.0,1180.0,23.89,2.3999
Uganda,Maize,2012,24996,88.0,1180.0,24.03,2.4996
Uganda,Maize,2013,24949,88.0,1180.0,24.13,2.4949
Uganda,Plantains and others,1990,56499,72.0,1180.0,23.36,5.6499
Uganda,Plantains and others,1991,56503,72.0,1180.0,23.3,5.6503
Uganda,Plantains and others,1992,53502,72.0,1180.0,23.46,5.3502
Uganda,Plantains and others,1993,55255,71.0,1180.0,23.62,5.5255
Uganda,Plantains and others,1994,56667,59.0,1180.0,23.6,5.6667
Uganda,Plantains and others,1995,59603,88.0,1180.0,23.72,5.9603
Uganda,Plantains and others,1996,60000,88.0,1180.0,23.49,6.0
Uganda,Plantains and others,1997,60488,88.0,1180.0,24.04,6.0488
Uganda,Plantains and others,1998,60000,88.0,1180.0,23.97,6.0
Uganda,Plantains and others,1999,57000,88.0,1180.0,23.52,5.7
Uganda,Plantains and others,2000,58999,88.0,1180.0,23.75,5.8999
Uganda,Plantains and others,2001,60000,88.0,1180.0,23.47,6.0
Uganda,Plantains and others,2002,60000,88.0,1180.0,23.99,6.0
Uganda,Plantains and others,2004,58000,88.0,1180.0,24.02,5.8
Uganda,Plantains and others,2005,54000,88.0,1180.0,24.29,5.4
Uganda,Plantains and others,2006,53989,88.0,1180.0,23.95,5.3989
Uganda,Plantains and others,2007,55012,88.0,1180.0,23.68,5.5012
Uganda,Plantains and others,2008,46017,88.0,1180.0,23.68,4.6017
Uganda,Plantains and others,2009,48004,88.0,1180.0,24.18,4.8004
Uganda,Plantains and others,2010,48000,88.0,1180.0,24.14,4.8
Uganda,Plantains and others,2011,48000,88.0,1180.0,23.89,4.8
Uganda,Plantains and others,2012,45999,88.0,1180.0,24.03,4.5999
Uganda,Plantains and others,2013,45000,88.0,1180.0,24.13,4.5
Uganda,Potatoes,1990,70000,72.0,1180.0,23.36,7.0
Uganda,Potatoes,1991,71885,72.0,1180.0,23.3,7.1885
Uganda,Potatoes,1992,72432,72.0,1180.0,23.46,7.2432
Uganda,Potatoes,1993,80000,71.0,1180.0,23.62,8.0
Uganda,Potatoes,1994,83636,59.0,1180.0,23.6,8.3636
Uganda,Potatoes,1995,80400,88.0,1180.0,23.72,8.04
Uganda,Potatoes,1996,60000,88.0,1180.0,23.49,6.0
Uganda,Potatoes,1997,64286,88.0,1180.0,24.04,6.4286
Uganda,Potatoes,1998,64000,88.0,1180.0,23.97,6.4
Uganda,Potatoes,1999,70156,88.0,1180.0,23.52,7.0156
Uganda,Potatoes,2000,70294,88.0,1180.0,23.75,7.0294
Uganda,Potatoes,2001,69589,88.0,1180.0,23.47,6.9589
Uganda,Potatoes,2002,70000,88.0,1180.0,23.99,7.0
Uganda,Potatoes,2004,69036,88.0,1180.0,24.02,6.9036
Uganda,Potatoes,2005,68023,88.0,1180.0,24.29,6.8023
Uganda,Potatoes,2006,69778,88.0,1180.0,23.95,6.9778
Uganda,Potatoes,2007,69892,88.0,1180.0,23.68,6.9892
Uganda,Potatoes,2008,47419,88.0,1180.0,23.68,4.7419
Uganda,Potatoes,2009,46286,88.0,1180.0,24.18,4.6286
Uganda,Potatoes,2010,47714,88.0,1180.0,24.14,4.7714
Uganda,Potatoes,2011,49920,88.0,1180.0,23.89,4.992
Uganda,Potatoes,2012,49440,88.0,1180.0,24.03,4.944
Uganda,Potatoes,2013,45013,88.0,1180.0,24.13,4.5013
Uganda,"Rice, paddy",1990,13846,72.0,1180.0,23.36,1.3846
Uganda,"Rice, paddy",1991,13556,72.0,1180.0,23.3,1.3556
Uganda,"Rice, paddy",1992,13600,72.0,1180.0,23.46,1.36
Uganda,"Rice, paddy",1993,13962,71.0,1180.0,23.62,1.3962
Uganda,"Rice, paddy",1994,14000,59.0,1180.0,23.6,1.4
Uganda,"Rice, paddy",1995,14000,88.0,1180.0,23.72,1.4
Uganda,"Rice, paddy",1996,14138,88.0,1180.0,23.49,1.4138
Uganda,"Rice, paddy",1997,13333,88.0,1180.0,24.04,1.3333
Uganda,"Rice, paddy",1998,14063,88.0,1180.0,23.97,1.4063
Uganda,"Rice, paddy",1999,13971,88.0,1180.0,23.52,1.3971
Uganda,"Rice, paddy",2000,15139,88.0,1180.0,23.75,1.5139
Uganda,"Rice, paddy",2001,15000,88.0,1180.0,23.47,1.5
Uganda,"Rice, paddy",2002,15000,88.0,1180.0,23.99,1.5
Uganda,"Rice, paddy",2004,13011,88.0,1180.0,24.02,1.3011
Uganda,"Rice, paddy",2005,15000,88.0,1180.0,24.29,1.5
Uganda,"Rice, paddy",2006,13628,88.0,1180.0,23.95,1.3628
Uganda,"Rice, paddy",2007,13613,88.0,1180.0,23.68,1.3613
Uganda,"Rice, paddy",2008,13895,88.0,1180.0,23.68,1.3895
Uganda,"Rice, paddy",2009,23926,88.0,1180.0,24.18,2.3926
Uganda,"Rice, paddy",2010,25070,88.0,1180.0,24.14,2.507
Uganda,"Rice, paddy",2011,25889,88.0,1180.0,23.89,2.5889
Uganda,"Rice, paddy",2012,23043,88.0,1180.0,24.03,2.3043
Uganda,"Rice, paddy",2013,23011,88.0,1180.0,24.13,2.3011
Uganda,Sorghum,1990,15000,72.0,1180.0,23.36,1.5
Uganda,Sorghum,1991,14819,72.0,1180.0,23.3,1.4819
Uganda,Sorghum,1992,15000,72.0,1180.0,23.46,1.5
Uganda,Sorghum,1993,15020,71.0,1180.0,23.62,1.502
Uganda,Sorghum,1994,15000,59.0,1180.0,23.6,1.5
Uganda,Sorghum,1995,15000,88.0,1180.0,23.72,1.5
Uganda,Sorghum,1996,10996,88.0,1180.0,23.49,1.0996
Uganda,Sorghum,1997,10652,88.0,1180.0,24.04,1.0652
Uganda,Sorghum,1998,15000,88.0,1180.0,23.97,1.5
Uganda,Sorghum,1999,15018,88.0,1180.0,23.52,1.5018
Uganda,Sorghum,2000,12893,88.0,1180.0,23.75,1.2893
Uganda,Sorghum,2001,15000,88.0,1180.0,23.47,1.5
Uganda,Sorghum,2002,14982,88.0,1180.0,23.99,1.4982
Uganda,Sorghum,2004,14000,88.0,1180.0,24.02,1.4
Uganda,Sorghum,2005,15272,88.0,1180.0,24.29,1.5272
Uganda,Sorghum,2006,14286,88.0,1180.0,23.95,1.4286
Uganda,Sorghum,2007,14573,88.0,1180.0,23.68,1.4573
Uganda,Sorghum,2008,10663,88.0,1180.0,23.68,1.0663
Uganda,Sorghum,2009,11009,88.0,1180.0,24.18,1.1009
Uganda,Sorghum,2010,11008,88.0,1180.0,24.14,1.1008
Uganda,Sorghum,2011,12005,88.0,1180.0,23.89,1.2005
Uganda,Sorghum,2012,9008,88.0,1180.0,24.03,0.9008
Uganda,Sorghum,2013,8016,88.0,1180.0,24.13,0.8016
Uganda,Soybeans,1990,9927,72.0,1180.0,23.36,0.9927
Uganda,Soybeans,1991,10926,72.0,1180.0,23.3,1.0926
Uganda,Soybeans,1992,10000,72.0,1180.0,23.46,1.0
Uganda,Soybeans,1993,10308,71.0,1180.0,23.62,1.0308
Uganda,Soybeans,1994,11029,59.0,1180.0,23.6,1.1029
Uganda,Soybeans,1995,10972,88.0,1180.0,23.72,1.0972
Uganda,Soybeans,1996,11447,88.0,1180.0,23.49,1.1447
Uganda,Soybeans,1997,11053,88.0,1180.0,24.04,1.1053
Uganda,Soybeans,1998,11500,88.0,1180.0,23.97,1.15
Uganda,Soybeans,1999,12024,88.0,1180.0,23.52,1.2024
Uganda,Soybeans,2000,12075,88.0,1180.0,23.75,1.2075
Uganda,Soybeans,2001,11339,88.0,1180.0,23.47,1.1339
Uganda,Soybeans,2002,10993,88.0,1180.0,23.99,1.0993
Uganda,Soybeans,2004,10972,88.0,1180.0,24.02,1.0972
Uganda,Soybeans,2005,10972,88.0,1180.0,24.29,1.0972
Uganda,Soybeans,2006,12069,88.0,1180.0,23.95,1.2069
Uganda,Soybeans,2007,11973,88.0,1180.0,23.68,1.1973
Uganda,Soybeans,2008,7097,88.0,1180.0,23.68,0.7097
Uganda,Soybeans,2009,6000,88.0,1180.0,24.18,0.6
Uganda,Soybeans,2010,6000,88.0,1180.0,24.14,0.6
Uganda,Soybeans,2011,7000,88.0,1180.0,23.89,0.7
Uganda,Soybeans,2012,5001,88.0,1180.0,24.03,0.5001
Uganda,Soybeans,2013,5000,88.0,1180.0,24.13,0.5
Uganda,Sweet potatoes,1990,41009,72.0,1180.0,23.36,4.1009
Uganda,Sweet potatoes,1991,41978,72.0,1180.0,23.3,4.1978
Uganda,Sweet potatoes,1992,43100,72.0,1180.0,23.46,4.31
Uganda,Sweet potatoes,1993,42565,71.0,1180.0,23.62,4.2565
Uganda,Sweet potatoes,1994,45011,59.0,1180.0,23.6,4.5011
Uganda,Sweet potatoes,1995,45000,88.0,1180.0,23.72,4.5
Uganda,Sweet potatoes,1996,30000,88.0,1180.0,23.49,3.0
Uganda,Sweet potatoes,1997,35803,88.0,1180.0,24.04,3.5803
Uganda,Sweet potatoes,1998,40000,88.0,1180.0,23.97,4.0
Uganda,Sweet potatoes,1999,43673,88.0,1180.0,23.52,4.3673
Uganda,Sweet potatoes,2000,43207,88.0,1180.0,23.75,4.3207
Uganda,Sweet potatoes,2001,43969,88.0,1180.0,23.47,4.3969
Uganda,Sweet potatoes,2002,44007,88.0,1180.0,23.99,4.4007
Uganda,Sweet potatoes,2004,44020,88.0,1180.0,24.02,4.402
Uganda,Sweet potatoes,2005,44136,88.0,1180.0,24.29,4.4136
Uganda,Sweet potatoes,2006,45000,88.0,1180.0,23.95,4.5
Uganda,Sweet potatoes,2007,45912,88.0,1180.0,23.68,4.5912
Uganda,Sweet potatoes,2008,42014,88.0,1180.0,23.68,4.2014
Uganda,Sweet potatoes,2009,41965,88.0,1180.0,24.18,4.1965
Uganda,Sweet potatoes,2010,44955,88.0,1180.0,24.14,4.4955
Uganda,Sweet potatoes,2011,40000,88.0,1180.0,23.89,4.0
Uganda,Sweet potatoes,2012,40978,88.0,1180.0,24.03,4.0978
Uganda,Sweet potatoes,2013,40059,88.0,1180.0,24.13,4.0059
Uganda,Wheat,1990,20000,72.0,1180.0,23.36,2.0
Uganda,Wheat,1991,18000,72.0,1180.0,23.3,1.8
Uganda,Wheat,1992,17600,72.0,1180.0,23.46,1.76
Uganda,Wheat,1993,18000,71.0,1180.0,23.62,1.8
Uganda,Wheat,1994,18000,59.0,1180.0,23.6,1.8
Uganda,Wheat,1995,18000,88.0,1180.0,23.72,1.8
Uganda,Wheat,1996,18000,88.0,1180.0,23.49,1.8
Uganda,Wheat,1997,18000,88.0,1180.0,24.04,1.8
Uganda,Wheat,1998,18000,88.0,1180.0,23.97,1.8
Uganda,Wheat,1999,18333,88.0,1180.0,23.52,1.8333
Uganda,Wheat,2000,17143,88.0,1180.0,23.75,1.7143
Uganda,Wheat,2001,17500,88.0,1180.0,23.47,1.75
Uganda,Wheat,2002,17500,88.0,1180.0,23.99,1.75
Uganda,Wheat,2004,16667,88.0,1180.0,24.02,1.6667
Uganda,Wheat,2005,16667,88.0,1180.0,24.29,1.6667
Uganda,Wheat,2006,18000,88.0,1180.0,23.95,1.8
Uganda,Wheat,2007,17273,88.0,1180.0,23.68,1.7273
Uganda,Wheat,2008,17273,88.0,1180.0,23.68,1.7273
Uganda,Wheat,2009,16667,88.0,1180.0,24.18,1.6667
Uganda,Wheat,2010,16667,88.0,1180.0,24.14,1.6667
Uganda,Wheat,2011,17692,88.0,1180.0,23.89,1.7692
Uganda,Wheat,2012,14286,88.0,1180.0,24.03,1.4286
Uganda,Wheat,2013,14286,88.0,1180.0,24.13,1.4286
Ukraine,Maize,1992,25072,66772.0,565.0,8.07,2.5072
Ukraine,Maize,1993,28445,61843.46,565.0,6.89,2.8445
Ukraine,Maize,1994,23614,56914.93,565.0,7.98,2.3614
Ukraine,Maize,1995,29207,51986.39,565.0,8.26,2.9207
Ukraine,Maize,1996,27365,47057.85,565.0,7.0,2.7365
Ukraine,Maize,1997,32628,42129.32,565.0,7.21,3.2628
Ukraine,Maize,1998,25342,37200.78,565.0,7.74,2.5342
Ukraine,Maize,1999,25220,32272.25,565.0,8.97,2.522
Ukraine,Maize,2000,30091,27343.71,565.0,8.82,3.0091
Ukraine,Maize,2001,32425,22415.17,565.0,8.42,3.2425
Ukraine,Maize,2002,35167,17486.64,565.0,8.87,3.5167
Ukraine,Maize,2004,38558,15344.4,565.0,8.32,3.8558
Ukraine,Maize,2005,43185,23021.7,565.0,8.39,4.3185
Ukraine,Maize,2006,37352,28832.6,565.0,7.88,3.7352
Ukraine,Maize,2007,39001,36476.0,565.0,9.46,3.9001
Ukraine,Maize,2008,46911,54080.5,565.0,9.24,4.6911
Ukraine,Maize,2009,50195,36444.7,565.0,8.82,5.0195
Ukraine,Maize,2010,45147,62534.6,565.0,8.97,4.5147
Ukraine,Maize,2011,64446,79491.7,565.0,8.48,6.4446
Ukraine,Maize,2012,47946,90814.8,565.0,8.56,4.7946
Ukraine,Maize,2013,64119,86781.8,565.0,10.33,6.4119
Ukraine,Potatoes,1992,118906,66772.0,565.0,8.07,11.8906
Ukraine,Potatoes,1993,136956,61843.46,565.0,6.89,13.6956
Ukraine,Potatoes,1994,105449,56914.93,565.0,7.98,10.5449
Ukraine,Potatoes,1995,96233,51986.39,565.0,8.26,9.6233
Ukraine,Potatoes,1996,118859,47057.85,565.0,7.0,11.8859
Ukraine,Potatoes,1997,105875,42129.32,565.0,7.21,10.5875
Ukraine,Potatoes,1998,101804,37200.78,565.0,7.74,10.1804
Ukraine,Potatoes,1999,82026,32272.25,565.0,8.97,8.2026
Ukraine,Potatoes,2000,121632,27343.71,565.0,8.82,12.1632
Ukraine,Potatoes,2001,108079,22415.17,565.0,8.42,10.8079
Ukraine,Potatoes,2002,104374,17486.64,565.0,8.87,10.4374
Ukraine,Potatoes,2004,133386,15344.4,565.0,8.32,13.3386
Ukraine,Potatoes,2005,128388,23021.7,565.0,8.39,12.8388
Ukraine,Potatoes,2006,133199,28832.6,565.0,7.88,13.3199
Ukraine,Potatoes,2007,131439,36476.0,565.0,9.46,13.1439
Ukraine,Potatoes,2008,138728,54080.5,565.0,9.24,13.8728
Ukraine,Potatoes,2009,139298,36444.7,565.0,8.82,13.9298
Ukraine,Potatoes,2010,132481,62534.6,565.0,8.97,13.2481
Ukraine,Potatoes,2011,168039,79491.7,565.0,8.48,16.8039
Ukraine,Potatoes,2012,161001,90814.8,565.0,8.56,16.1001
Ukraine,Potatoes,2013,159664,86781.8,565.0,10.33,15.9664
Ukraine,"Rice, paddy",1992,37722,66772.0,565.0,8.07,3.7722
Ukraine,"Rice, paddy",1993,29565,61843.46,565.0,6.89,2.9565
Ukraine,"Rice, paddy",1994,35909,56914.93,565.0,7.98,3.5909
Ukraine,"Rice, paddy",1995,36409,51986.39,565.0,8.26,3.6409
Ukraine,"Rice, paddy",1996,35518,47057.85,565.0,7.0,3.5518
Ukraine,"Rice, paddy",1997,28889,42129.32,565.0,7.21,2.8889
Ukraine,"Rice, paddy",1998,30286,37200.78,565.0,7.74,3.0286
Ukraine,"Rice, paddy",1999,29041,32272.25,565.0,8.97,2.9041
Ukraine,"Rice, paddy",2000,35595,27343.71,565.0,8.82,3.5595
Ukraine,"Rice, paddy",2001,36548,22415.17,565.0,8.42,3.6548
Ukraine,"Rice, paddy",2002,39894,17486.64,565.0,8.87,3.9894
Ukraine,"Rice, paddy",2004,37746,15344.4,565.0,8.32,3.7746
Ukraine,"Rice, paddy",2005,43458,23021.7,565.0,8.39,4.3458
Ukraine,"Rice, paddy",2006,46065,28832.6,565.0,7.88,4.6065
Ukraine,"Rice, paddy",2007,51185,36476.0,565.0,9.46,5.1185
Ukraine,"Rice, paddy",2008,50859,54080.5,565.0,9.24,5.0859
Ukraine,"Rice, paddy",2009,58327,36444.7,565.0,8.82,5.8327
Ukraine,"Rice, paddy",2010,50512,62534.6,565.0,8.97,5.0512
Ukraine,"Rice, paddy",2011,57399,79491.7,565.0,8.48,5.7399
Ukraine,"Rice, paddy",2012,61938,90814.8,565.0,8.56,6.1938
Ukraine,"Rice, paddy",2013,59938,86781.8,565.0,10.33,5.9938
Ukraine,Sorghum,1992,8571,66772.0,565.0,8.07,0.8571
Ukraine,Sorghum,1993,7143,61843.46,565.0,6.89,0.7143
Ukraine,Sorghum,1994,6000,56914.93,565.0,7.98,0.6
Ukraine,Sorghum,1995,8942,51986.39,565.0,8.26,0.8942
Ukraine,Sorghum,1996,7143,47057.85,565.0,7.0,0.7143
Ukraine,Sorghum,1997,8675,42129.32,565.0,7.21,0.8675
Ukraine,Sorghum,1998,6087,37200.78,565.0,7.74,0.6087
Ukraine,Sorghum,1999,6964,32272.25,565.0,8.97,0.6964
Ukraine,Sorghum,2000,11458,27343.71,565.0,8.82,1.1458
Ukraine,Sorghum,2001,9952,22415.17,565.0,8.42,0.9952
Ukraine,Sorghum,2002,13276,17486.64,565.0,8.87,1.3276
Ukraine,Sorghum,2004,18258,15344.4,565.0,8.32,1.8258
Ukraine,Sorghum,2005,26816,23021.7,565.0,8.39,2.6816
Ukraine,Sorghum,2006,18587,28832.6,565.0,7.88,1.8587
Ukraine,Sorghum,2007,15067,36476.0,565.0,9.46,1.5067
Ukraine,Sorghum,2008,20660,54080.5,565.0,9.24,2.066
Ukraine,Sorghum,2009,21276,36444.7,565.0,8.82,2.1276
Ukraine,Sorghum,2010,21394,62534.6,565.0,8.97,2.1394
Ukraine,Sorghum,2011,26372,79491.7,565.0,8.48,2.6372
Ukraine,Sorghum,2012,15230,90814.8,565.0,8.56,1.523
Ukraine,Sorghum,2013,27409,86781.8,565.0,10.33,2.7409
Ukraine,Soybeans,1992,7836,66772.0,565.0,8.07,0.7836
Ukraine,Soybeans,1993,8714,61843.46,565.0,6.89,0.8714
Ukraine,Soybeans,1994,7203,56914.93,565.0,7.98,0.7203
Ukraine,Soybeans,1995,9679,51986.39,565.0,8.26,0.9679
Ukraine,Soybeans,1996,9375,47057.85,565.0,7.0,0.9375
Ukraine,Soybeans,1997,13565,42129.32,565.0,7.21,1.3565
Ukraine,Soybeans,1998,11412,37200.78,565.0,7.74,1.1412
Ukraine,Soybeans,1999,10733,32272.25,565.0,8.97,1.0733
Ukraine,Soybeans,2000,10627,27343.71,565.0,8.82,1.0627
Ukraine,Soybeans,2001,10123,22415.17,565.0,8.42,1.0123
Ukraine,Soybeans,2002,12699,17486.64,565.0,8.87,1.2699
Ukraine,Soybeans,2004,14175,15344.4,565.0,8.32,1.4175
Ukraine,Soybeans,2005,14527,23021.7,565.0,8.39,1.4527
Ukraine,Soybeans,2006,12445,28832.6,565.0,7.88,1.2445
Ukraine,Soybeans,2007,12392,36476.0,565.0,9.46,1.2392
Ukraine,Soybeans,2008,15111,54080.5,565.0,9.24,1.5111
Ukraine,Soybeans,2009,16763,36444.7,565.0,8.82,1.6763
Ukraine,Soybeans,2010,16207,62534.6,565.0,8.97,1.6207
Ukraine,Soybeans,2011,20394,79491.7,565.0,8.48,2.0394
Ukraine,Soybeans,2012,17065,90814.8,565.0,8.56,1.7065
Ukraine,Soybeans,2013,20535,86781.8,565.0,10.33,2.0535
Ukraine,Wheat,1992,30926,66772.0,565.0,8.07,3.0926
Ukraine,Wheat,1993,37980,61843.46,565.0,6.89,3.798
Ukraine,Wheat,1994,30745,56914.93,565.0,7.98,3.0745
Ukraine,Wheat,1995,29699,51986.39,565.0,8.26,2.9699
Ukraine,Wheat,1996,22993,47057.85,565.0,7.0,2.2993
Ukraine,Wheat,1997,28277,42129.32,565.0,7.21,2.8277
Ukraine,Wheat,1998,26479,37200.78,565.0,7.74,2.6479
Ukraine,Wheat,1999,22903,32272.25,565.0,8.97,2.2903
Ukraine,Wheat,2000,19756,27343.71,565.0,8.82,1.9756
Ukraine,Wheat,2001,31020,22415.17,565.0,8.42,3.102
Ukraine,Wheat,2002,30455,17486.64,565.0,8.87,3.0455
Ukraine,Wheat,2004,31661,15344.4,565.0,8.32,3.1661
Ukraine,Wheat,2005,28457,23021.7,565.0,8.39,2.8457
Ukraine,Wheat,2006,25308,28832.6,565.0,7.88,2.5308
Ukraine,Wheat,2007,23420,36476.0,565.0,9.46,2.342
Ukraine,Wheat,2008,36698,54080.5,565.0,9.24,3.6698
Ukraine,Wheat,2009,30930,36444.7,565.0,8.82,3.093
Ukraine,Wheat,2010,26816,62534.6,565.0,8.97,2.6816
Ukraine,Wheat,2011,33533,79491.7,565.0,8.48,3.3533
Ukraine,Wheat,2012,27999,90814.8,565.0,8.56,2.7999
Ukraine,Wheat,2013,33931,86781.8,565.0,10.33,3.3931
United Kingdom,Potatoes,1990,365161,29517.0,1220.0,9.996,36.5161
United Kingdom,Potatoes,1991,354068,29022.0,1220.0,9.05,35.4068
United Kingdom,Potatoes,1992,433870,31077.0,1220.0,9.278,43.387
United Kingdom,Potatoes,1993,415790,32387.0,1220.0,8.862,41.579
United Kingdom,Potatoes,1994,399956,33929.0,1220.0,9.456,39.9956
United Kingdom,Potatoes,1995,374503,33743.0,1220.0,9.78,37.4503
United Kingdom,Potatoes,1996,407441,35579.0,1220.0,8.703999999999999,40.7441
United Kingdom,Potatoes,1997,429656,35490.0,1220.0,9.958,42.9656
United Kingdom,Potatoes,1998,391347,35422.0,1220.0,9.709999999999999,39.1347
United Kingdom,Potatoes,1999,401515,35537.0,1220.0,9.974,40.1515
United Kingdom,Potatoes,2000,399759,33031.28,1220.0,9.682,39.9759
United Kingdom,Potatoes,2001,402970,32893.1,1220.0,9.392,40.297
United Kingdom,Potatoes,2002,440886,30995.26,1220.0,10.001999999999999,44.0886
United Kingdom,Potatoes,2004,424781,31223.91,1220.0,10.017999999999999,42.4781
United Kingdom,Potatoes,2005,435153,31415.27,1220.0,9.972,43.5153
United Kingdom,Potatoes,2006,415887,22588.09,1220.0,10.276,41.5887
United Kingdom,Potatoes,2007,401926,22331.7,1220.0,10.123999999999999,40.1926
United Kingdom,Potatoes,2008,416597,21596.68,1220.0,9.584,41.6597
United Kingdom,Potatoes,2009,444167,21324.22,1220.0,9.709999999999999,44.4167
United Kingdom,Potatoes,2010,438841,16770.87,1220.0,8.562000000000001,43.8841
United Kingdom,Potatoes,2011,432192,16401.66,1220.0,10.244,43.2192
United Kingdom,Potatoes,2012,305570,17718.64,1220.0,9.290000000000001,30.557
United Kingdom,Potatoes,2013,408993,17673.46,1220.0,9.24,40.8993
United Kingdom,Wheat,1990,69712,29517.0,1220.0,9.996,6.9712
United Kingdom,Wheat,1991,72519,29022.0,1220.0,9.05,7.2519
United Kingdom,Wheat,1992,68194,31077.0,1220.0,9.278,6.8194
United Kingdom,Wheat,1993,73282,32387.0,1220.0,8.862,7.3282
United Kingdom,Wheat,1994,73520,33929.0,1220.0,9.456,7.352
United Kingdom,Wheat,1995,76992,33743.0,1220.0,9.78,7.6992
United Kingdom,Wheat,1996,81315,35579.0,1220.0,8.703999999999999,8.1315
United Kingdom,Wheat,1997,73776,35490.0,1220.0,9.958,7.3776
United Kingdom,Wheat,1998,75542,35422.0,1220.0,9.709999999999999,7.5542
United Kingdom,Wheat,1999,80495,35537.0,1220.0,9.974,8.0495
United Kingdom,Wheat,2000,80075,33031.28,1220.0,9.682,8.0075
United Kingdom,Wheat,2001,70827,32893.1,1220.0,9.392,7.0827
United Kingdom,Wheat,2002,80028,30995.26,1220.0,10.001999999999999,8.0028
United Kingdom,Wheat,2004,77754,31223.91,1220.0,10.017999999999999,7.7754
United Kingdom,Wheat,2005,79609,31415.27,1220.0,9.972,7.9609
United Kingdom,Wheat,2006,80361,22588.09,1220.0,10.276,8.0361
United Kingdom,Wheat,2007,72244,22331.7,1220.0,10.123999999999999,7.2244
United Kingdom,Wheat,2008,82814,21596.68,1220.0,9.584,8.2814
United Kingdom,Wheat,2009,79284,21324.22,1220.0,9.709999999999999,7.9284
United Kingdom,Wheat,2010,76746,16770.87,1220.0,8.562000000000001,7.6746
United Kingdom,Wheat,2011,77471,16401.66,1220.0,10.244,7.7471
United Kingdom,Wheat,2012,66571,17718.64,1220.0,9.290000000000001,6.6571
United Kingdom,Wheat,2013,73838,17673.46,1220.0,9.24,7.3838
Uruguay,Maize,1990,18510,1762.01,1300.0,16.91,1.851
Uruguay,Maize,1991,17800,1762.01,1300.0,16.95,1.78
Uruguay,Maize,1992,15613,2072.03,1300.0,16.7,1.5613
Uruguay,Maize,1993,19631,1634.02,1300.0,16.81,1.9631
Uruguay,Maize,1994,16279,2272.08,1300.0,17.17,1.6279
Uruguay,Maize,1995,24528,2413.02,1300.0,16.66,2.4528
Uruguay,Maize,1996,21712,3444.01,1300.0,17.03,2.1712
Uruguay,Maize,1997,26444,3362.05,1300.0,17.46,2.6444
Uruguay,Maize,1998,33715,4239.03,1300.0,16.77,3.3715
Uruguay,Maize,1999,40894,3925.03,1300.0,16.62,4.0894
Uruguay,Maize,2000,15296,3650.08,1300.0,16.95,1.5296
Uruguay,Maize,2001,46643,4433.04,1300.0,17.61,4.6643
Uruguay,Maize,2002,33552,5184.5,1300.0,17.06,3.3552
Uruguay,Maize,2004,49640,9017.73,1300.0,17.22,4.964
Uruguay,Maize,2005,41419,9232.47,1300.0,17.13,4.1419
Uruguay,Maize,2006,41837,9143.45,1300.0,17.13,4.1837
Uruguay,Maize,2007,57541,14057.2,1300.0,16.53,5.7541
Uruguay,Maize,2008,41526,13335.22,1300.0,17.43,4.1526
Uruguay,Maize,2009,30834,13475.41,1300.0,16.96,3.0834
Uruguay,Maize,2010,55115,14981.18,1300.0,17.11,5.5115
Uruguay,Maize,2011,35377,17517.76,1300.0,16.9,3.5377
Uruguay,Maize,2012,42615,23506.4,1300.0,17.53,4.2615
Uruguay,Maize,2013,56309,19028.6,1300.0,15.92,5.6309
Uruguay,Potatoes,1990,95000,1762.01,1300.0,16.91,9.5
Uruguay,Potatoes,1991,101741,1762.01,1300.0,16.95,10.1741
Uruguay,Potatoes,1992,92262,2072.03,1300.0,16.7,9.2262
Uruguay,Potatoes,1993,85938,1634.02,1300.0,16.81,8.5938
Uruguay,Potatoes,1994,93306,2272.08,1300.0,17.17,9.3306
Uruguay,Potatoes,1995,100603,2413.02,1300.0,16.66,10.0603
Uruguay,Potatoes,1996,109417,3444.01,1300.0,17.03,10.9417
Uruguay,Potatoes,1997,150885,3362.05,1300.0,17.46,15.0885
Uruguay,Potatoes,1998,157532,4239.03,1300.0,16.77,15.7532
Uruguay,Potatoes,1999,163866,3925.03,1300.0,16.62,16.3866
Uruguay,Potatoes,2000,124074,3650.08,1300.0,16.95,12.4074
Uruguay,Potatoes,2001,146493,4433.04,1300.0,17.61,14.6493
Uruguay,Potatoes,2002,129399,5184.5,1300.0,17.06,12.9399
Uruguay,Potatoes,2004,159905,9017.73,1300.0,17.22,15.9905
Uruguay,Potatoes,2005,189330,9232.47,1300.0,17.13,18.933
Uruguay,Potatoes,2006,172693,9143.45,1300.0,17.13,17.2693
Uruguay,Potatoes,2007,149353,14057.2,1300.0,16.53,14.9353
Uruguay,Potatoes,2008,169299,13335.22,1300.0,17.43,16.9299
Uruguay,Potatoes,2009,161006,13475.41,1300.0,16.96,16.1006
Uruguay,Potatoes,2010,200915,14981.18,1300.0,17.11,20.0915
Uruguay,Potatoes,2011,177610,17517.76,1300.0,16.9,17.761
Uruguay,Potatoes,2012,219891,23506.4,1300.0,17.53,21.9891
Uruguay,Potatoes,2013,224434,19028.6,1300.0,15.92,22.4434
Uruguay,"Rice, paddy",1990,44474,1762.01,1300.0,16.91,4.4474
Uruguay,"Rice, paddy",1991,47767,1762.01,1300.0,16.95,4.7767
Uruguay,"Rice, paddy",1992,47557,2072.03,1300.0,16.7,4.7557
Uruguay,"Rice, paddy",1993,51717,1634.02,1300.0,16.81,5.1717
Uruguay,"Rice, paddy",1994,49158,2272.08,1300.0,17.17,4.9158
Uruguay,"Rice, paddy",1995,55099,2413.02,1300.0,16.66,5.5099
Uruguay,"Rice, paddy",1996,64684,3444.01,1300.0,17.03,6.4684
Uruguay,"Rice, paddy",1997,65839,3362.05,1300.0,17.46,6.5839
Uruguay,"Rice, paddy",1998,50862,4239.03,1300.0,16.77,5.0862
Uruguay,"Rice, paddy",1999,63830,3925.03,1300.0,16.62,6.383
Uruguay,"Rice, paddy",2000,63840,3650.08,1300.0,16.95,6.384
Uruguay,"Rice, paddy",2001,67037,4433.04,1300.0,17.61,6.7037
Uruguay,"Rice, paddy",2002,58632,5184.5,1300.0,17.06,5.8632
Uruguay,"Rice, paddy",2004,67712,9017.73,1300.0,17.22,6.7712
Uruguay,"Rice, paddy",2005,66005,9232.47,1300.0,17.13,6.6005
Uruguay,"Rice, paddy",2006,72893,9143.45,1300.0,17.13,7.2893
Uruguay,"Rice, paddy",2007,78796,14057.2,1300.0,16.53,7.8796
Uruguay,"Rice, paddy",2008,78989,13335.22,1300.0,17.43,7.8989
Uruguay,"Rice, paddy",2009,80100,13475.41,1300.0,16.96,8.01
Uruguay,"Rice, paddy",2010,70954,14981.18,1300.0,17.11,7.0954
Uruguay,"Rice, paddy",2011,83827,17517.76,1300.0,16.9,8.3827
Uruguay,"Rice, paddy",2012,78513,23506.4,1300.0,17.53,7.8513
Uruguay,"Rice, paddy",2013,78812,19028.6,1300.0,15.92,7.8812
Uruguay,Sorghum,1990,22680,1762.01,1300.0,16.91,2.268
Uruguay,Sorghum,1991,31718,1762.01,1300.0,16.95,3.1718
Uruguay,Sorghum,1992,28877,2072.03,1300.0,16.7,2.8877
Uruguay,Sorghum,1993,31952,1634.02,1300.0,16.81,3.1952
Uruguay,Sorghum,1994,27997,2272.08,1300.0,17.17,2.7997
Uruguay,Sorghum,1995,31881,2413.02,1300.0,16.66,3.1881
Uruguay,Sorghum,1996,30391,3444.01,1300.0,17.03,3.0391
Uruguay,Sorghum,1997,33428,3362.05,1300.0,17.46,3.3428
Uruguay,Sorghum,1998,33616,4239.03,1300.0,16.77,3.3616
Uruguay,Sorghum,1999,35724,3925.03,1300.0,16.62,3.5724
Uruguay,Sorghum,2000,16048,3650.08,1300.0,16.95,1.6048
Uruguay,Sorghum,2001,40630,4433.04,1300.0,17.61,4.063
Uruguay,Sorghum,2002,32075,5184.5,1300.0,17.06,3.2075
Uruguay,Sorghum,2004,38760,9017.73,1300.0,17.22,3.876
Uruguay,Sorghum,2005,44579,9232.47,1300.0,17.13,4.4579
Uruguay,Sorghum,2006,38797,9143.45,1300.0,17.13,3.8797
Uruguay,Sorghum,2007,38000,14057.2,1300.0,16.53,3.8
Uruguay,Sorghum,2008,40106,13335.22,1300.0,17.43,4.0106
Uruguay,Sorghum,2009,47606,13475.41,1300.0,16.96,4.7606
Uruguay,Sorghum,2010,39093,14981.18,1300.0,17.11,3.9093
Uruguay,Sorghum,2011,39299,17517.76,1300.0,16.9,3.9299
Uruguay,Sorghum,2012,42273,23506.4,1300.0,17.53,4.2273
Uruguay,Sorghum,2013,42653,19028.6,1300.0,15.92,4.2653
Uruguay,Soybeans,1990,12982,1762.01,1300.0,16.91,1.2982
Uruguay,Soybeans,1991,18333,1762.01,1300.0,16.95,1.8333
Uruguay,Soybeans,1992,19886,2072.03,1300.0,16.7,1.9886
Uruguay,Soybeans,1993,18500,1634.02,1300.0,16.81,1.85
Uruguay,Soybeans,1994,15091,2272.08,1300.0,17.17,1.5091
Uruguay,Soybeans,1995,18235,2413.02,1300.0,16.66,1.8235
Uruguay,Soybeans,1996,17895,3444.01,1300.0,17.03,1.7895
Uruguay,Soybeans,1997,17333,3362.05,1300.0,17.46,1.7333
Uruguay,Soybeans,1998,21111,4239.03,1300.0,16.77,2.1111
Uruguay,Soybeans,1999,21110,3925.03,1300.0,16.62,2.111
Uruguay,Soybeans,2000,7640,3650.08,1300.0,16.95,0.764
Uruguay,Soybeans,2001,23000,4433.04,1300.0,17.61,2.3
Uruguay,Soybeans,2002,24567,5184.5,1300.0,17.06,2.4567
Uruguay,Soybeans,2004,15263,9017.73,1300.0,17.22,1.5263
Uruguay,Soybeans,2005,18381,9232.47,1300.0,17.13,1.8381
Uruguay,Soybeans,2006,21899,9143.45,1300.0,17.13,2.1899
Uruguay,Soybeans,2007,22233,14057.2,1300.0,16.53,2.2233
Uruguay,Soybeans,2008,16733,13335.22,1300.0,17.43,1.6733
Uruguay,Soybeans,2009,17802,13475.41,1300.0,16.96,1.7802
Uruguay,Soybeans,2010,21124,14981.18,1300.0,17.11,2.1124
Uruguay,Soybeans,2011,17875,17517.76,1300.0,16.9,1.7875
Uruguay,Soybeans,2012,23902,23506.4,1300.0,17.53,2.3902
Uruguay,Soybeans,2013,26333,19028.6,1300.0,15.92,2.6333
Uruguay,Sweet potatoes,1990,57857,1762.01,1300.0,16.91,5.7857
Uruguay,Sweet potatoes,1991,40000,1762.01,1300.0,16.95,4.0
Uruguay,Sweet potatoes,1992,67758,2072.03,1300.0,16.7,6.7758
Uruguay,Sweet potatoes,1993,87002,1634.02,1300.0,16.81,8.7002
Uruguay,Sweet potatoes,1994,91667,2272.08,1300.0,17.17,9.1667
Uruguay,Sweet potatoes,1995,99107,2413.02,1300.0,16.66,9.9107
Uruguay,Sweet potatoes,1996,91667,3444.01,1300.0,17.03,9.1667
Uruguay,Sweet potatoes,1997,107143,3362.05,1300.0,17.46,10.7143
Uruguay,Sweet potatoes,1998,100000,4239.03,1300.0,16.77,10.0
Uruguay,Sweet potatoes,1999,100000,3925.03,1300.0,16.62,10.0
Uruguay,Sweet potatoes,2000,100000,3650.08,1300.0,16.95,10.0
Uruguay,Sweet potatoes,2001,100000,4433.04,1300.0,17.61,10.0
Uruguay,Sweet potatoes,2002,100000,5184.5,1300.0,17.06,10.0
Uruguay,Sweet potatoes,2004,90909,9017.73,1300.0,17.22,9.0909
Uruguay,Sweet potatoes,2005,94286,9232.47,1300.0,17.13,9.4286
Uruguay,Sweet potatoes,2006,91892,9143.45,1300.0,17.13,9.1892
Uruguay,Sweet potatoes,2007,93333,14057.2,1300.0,16.53,9.3333
Uruguay,Sweet potatoes,2008,93421,13335.22,1300.0,17.43,9.3421
Uruguay,Sweet potatoes,2009,94737,13475.41,1300.0,16.96,9.4737
Uruguay,Sweet potatoes,2010,94156,14981.18,1300.0,17.11,9.4156
Uruguay,Sweet potatoes,2011,94872,17517.76,1300.0,16.9,9.4872
Uruguay,Sweet potatoes,2012,94375,23506.4,1300.0,17.53,9.4375
Uruguay,Sweet potatoes,2013,93902,19028.6,1300.0,15.92,9.3902
Uruguay,Wheat,1990,18510,1762.01,1300.0,16.91,1.851
Uruguay,Wheat,1991,16135,1762.01,1300.0,16.95,1.6135
Uruguay,Wheat,1992,23035,2072.03,1300.0,16.7,2.3035
Uruguay,Wheat,1993,16018,1634.02,1300.0,16.81,1.6018
Uruguay,Wheat,1994,25653,2272.08,1300.0,17.17,2.5653
Uruguay,Wheat,1995,23359,2413.02,1300.0,16.66,2.3359
Uruguay,Wheat,1996,25957,3444.01,1300.0,17.03,2.5957
Uruguay,Wheat,1997,19843,3362.05,1300.0,17.46,1.9843
Uruguay,Wheat,1998,28929,4239.03,1300.0,16.77,2.8929
Uruguay,Wheat,1999,19537,3925.03,1300.0,16.62,1.9537
Uruguay,Wheat,2000,25344,3650.08,1300.0,16.95,2.5344
Uruguay,Wheat,2001,11488,4433.04,1300.0,17.61,1.1488
Uruguay,Wheat,2002,15011,5184.5,1300.0,17.06,1.5011
Uruguay,Wheat,2004,29704,9017.73,1300.0,17.22,2.9704
Uruguay,Wheat,2005,29583,9232.47,1300.0,17.13,2.9583
Uruguay,Wheat,2006,31603,9143.45,1300.0,17.13,3.1603
Uruguay,Wheat,2007,28420,14057.2,1300.0,16.53,2.842
Uruguay,Wheat,2008,28560,13335.22,1300.0,17.43,2.856
Uruguay,Wheat,2009,33583,13475.41,1300.0,16.96,3.3583
Uruguay,Wheat,2010,32196,14981.18,1300.0,17.11,3.2196
Uruguay,Wheat,2011,33979,17517.76,1300.0,16.9,3.3979
Uruguay,Wheat,2012,21822,23506.4,1300.0,17.53,2.1822
Uruguay,Wheat,2013,33177,19028.6,1300.0,15.92,3.3177
Zambia,Cassava,1990,62040,1080.0,1020.0,21.43,6.204
Zambia,Cassava,1991,62000,1080.0,1020.0,20.84,6.2
Zambia,Cassava,1992,61679,1080.0,1020.0,21.85,6.1679
Zambia,Cassava,1993,62000,1080.0,1020.0,21.0,6.2
Zambia,Cassava,1994,61430,1080.0,1020.0,21.2,6.143
Zambia,Cassava,1995,61268,716.0,1020.0,21.86,6.1268
Zambia,Cassava,1996,61172,1670.0,1020.0,21.19,6.1172
Zambia,Cassava,1997,61978,1670.0,1020.0,20.9,6.1978
Zambia,Cassava,1998,62000,1670.0,1020.0,21.32,6.2
Zambia,Cassava,1999,57107,1670.0,1020.0,20.53,5.7107
Zambia,Cassava,2000,49409,1670.0,1020.0,20.66,4.9409
Zambia,Cassava,2001,53409,1670.0,1020.0,20.9,5.3409
Zambia,Cassava,2002,55538,1670.0,1020.0,21.55,5.5538
Zambia,Cassava,2004,58000,1670.0,1020.0,20.79,5.8
Zambia,Cassava,2005,58667,1670.0,1020.0,21.97,5.8667
Zambia,Cassava,2006,57917,1670.0,1020.0,21.05,5.7917
Zambia,Cassava,2007,57917,1670.0,1020.0,20.87,5.7917
Zambia,Cassava,2008,57834,1670.0,1020.0,20.66,5.7834
Zambia,Cassava,2009,58043,1670.0,1020.0,20.76,5.8043
Zambia,Cassava,2010,57968,1670.0,1020.0,21.34,5.7968
Zambia,Cassava,2011,57754,1670.0,1020.0,20.88,5.7754
Zambia,Cassava,2012,58188,1670.0,1020.0,20.8,5.8188
Zambia,Cassava,2013,58248,1670.0,1020.0,20.14,5.8248
Zambia,Maize,1990,14316,1080.0,1020.0,21.43,1.4316
Zambia,Maize,1991,17140,1080.0,1020.0,20.84,1.714
Zambia,Maize,1992,7311,1080.0,1020.0,21.85,0.7311
Zambia,Maize,1993,25228,1080.0,1020.0,21.0,2.5228
Zambia,Maize,1994,15025,1080.0,1020.0,21.2,1.5025
Zambia,Maize,1995,14185,716.0,1020.0,21.86,1.4185
Zambia,Maize,1996,20864,1670.0,1020.0,21.19,2.0864
Zambia,Maize,1997,14794,1670.0,1020.0,20.9,1.4794
Zambia,Maize,1998,12503,1670.0,1020.0,21.32,1.2503
Zambia,Maize,1999,13759,1670.0,1020.0,20.53,1.3759
Zambia,Maize,2000,17720,1670.0,1020.0,20.66,1.772
Zambia,Maize,2001,13780,1670.0,1020.0,20.9,1.378
Zambia,Maize,2002,14097,1670.0,1020.0,21.55,1.4097
Zambia,Maize,2004,19239,1670.0,1020.0,20.79,1.9239
Zambia,Maize,2005,18594,1670.0,1020.0,21.97,1.8594
Zambia,Maize,2006,18992,1670.0,1020.0,21.05,1.8992
Zambia,Maize,2007,23342,1670.0,1020.0,20.87,2.3342
Zambia,Maize,2008,22442,1670.0,1020.0,20.66,2.2442
Zambia,Maize,2009,20692,1670.0,1020.0,20.76,2.0692
Zambia,Maize,2010,25871,1670.0,1020.0,21.34,2.5871
Zambia,Maize,2011,27414,1670.0,1020.0,20.88,2.7414
Zambia,Maize,2012,26545,1670.0,1020.0,20.8,2.6545
Zambia,Maize,2013,25382,1670.0,1020.0,20.14,2.5382
Zambia,Potatoes,1990,90000,1080.0,1020.0,21.43,9.0
Zambia,Potatoes,1991,90909,1080.0,1020.0,20.84,9.0909
Zambia,Potatoes,1992,88889,1080.0,1020.0,21.85,8.8889
Zambia,Potatoes,1993,90909,1080.0,1020.0,21.0,9.0909
Zambia,Potatoes,1994,90000,1080.0,1020.0,21.2,9.0
Zambia,Potatoes,1995,88889,716.0,1020.0,21.86,8.8889
Zambia,Potatoes,1996,90909,1670.0,1020.0,21.19,9.0909
Zambia,Potatoes,1997,90000,1670.0,1020.0,20.9,9.0
Zambia,Potatoes,1998,88889,1670.0,1020.0,21.32,8.8889
Zambia,Potatoes,1999,90909,1670.0,1020.0,20.53,9.0909
Zambia,Potatoes,2000,90909,1670.0,1020.0,20.66,9.0909
Zambia,Potatoes,2001,107450,1670.0,1020.0,20.9,10.745
Zambia,Potatoes,2002,115006,1670.0,1020.0,21.55,11.5006
Zambia,Potatoes,2004,127573,1670.0,1020.0,20.79,12.7573
Zambia,Potatoes,2005,144245,1670.0,1020.0,21.97,14.4245
Zambia,Potatoes,2006,140000,1670.0,1020.0,21.05,14.0
Zambia,Potatoes,2007,131818,1670.0,1020.0,20.87,13.1818
Zambia,Potatoes,2008,101051,1670.0,1020.0,20.66,10.1051
Zambia,Potatoes,2009,172628,1670.0,1020.0,20.76,17.2628
Zambia,Potatoes,2010,162228,1670.0,1020.0,21.34,16.2228
Zambia,Potatoes,2011,156005,1670.0,1020.0,20.88,15.6005
Zambia,Potatoes,2012,155862,1670.0,1020.0,20.8,15.5862
Zambia,Potatoes,2013,158337,1670.0,1020.0,20.14,15.8337
Zambia,"Rice, paddy",1990,9664,1080.0,1020.0,21.43,0.9664
Zambia,"Rice, paddy",1991,10857,1080.0,1020.0,20.84,1.0857
Zambia,"Rice, paddy",1992,5764,1080.0,1020.0,21.85,0.5764
Zambia,"Rice, paddy",1993,10138,1080.0,1020.0,21.0,1.0138
Zambia,"Rice, paddy",1994,8859,1080.0,1020.0,21.2,0.8859
Zambia,"Rice, paddy",1995,12426,716.0,1020.0,21.86,1.2426
Zambia,"Rice, paddy",1996,13447,1670.0,1020.0,21.19,1.3447
Zambia,"Rice, paddy",1997,10049,1670.0,1020.0,20.9,1.0049
Zambia,"Rice, paddy",1998,7059,1670.0,1020.0,21.32,0.7059
Zambia,"Rice, paddy",1999,9119,1670.0,1020.0,20.53,0.9119
Zambia,"Rice, paddy",2000,11333,1670.0,1020.0,20.66,1.1333
Zambia,"Rice, paddy",2001,12562,1670.0,1020.0,20.9,1.2562
Zambia,"Rice, paddy",2002,12857,1670.0,1020.0,21.55,1.2857
Zambia,"Rice, paddy",2004,13751,1670.0,1020.0,20.79,1.3751
Zambia,"Rice, paddy",2005,12864,1670.0,1020.0,21.97,1.2864
Zambia,"Rice, paddy",2006,9726,1670.0,1020.0,21.05,0.9726
Zambia,"Rice, paddy",2007,15126,1670.0,1020.0,20.87,1.5126
Zambia,"Rice, paddy",2008,13833,1670.0,1020.0,20.66,1.3833
Zambia,"Rice, paddy",2009,16390,1670.0,1020.0,20.76,1.639
Zambia,"Rice, paddy",2010,16778,1670.0,1020.0,21.34,1.6778
Zambia,"Rice, paddy",2011,17974,1670.0,1020.0,20.88,1.7974
Zambia,"Rice, paddy",2012,17255,1670.0,1020.0,20.8,1.7255
Zambia,"Rice, paddy",2013,11617,1670.0,1020.0,20.14,1.1617
Zambia,Sorghum,1990,4042,1080.0,1020.0,21.43,0.4042
Zambia,Sorghum,1991,6587,1080.0,1020.0,20.84,0.6587
Zambia,Sorghum,1992,3226,1080.0,1020.0,21.85,0.3226
Zambia,Sorghum,1993,7613,1080.0,1020.0,21.0,0.7613
Zambia,Sorghum,1994,6348,1080.0,1020.0,21.2,0.6348
Zambia,Sorghum,1995,6571,716.0,1020.0,21.86,0.6571
Zambia,Sorghum,1996,7450,1670.0,1020.0,21.19,0.745
Zambia,Sorghum,1997,6877,1670.0,1020.0,20.9,0.6877
Zambia,Sorghum,1998,7082,1670.0,1020.0,21.32,0.7082
Zambia,Sorghum,1999,6954,1670.0,1020.0,20.53,0.6954
Zambia,Sorghum,2000,7700,1670.0,1020.0,20.66,0.77
Zambia,Sorghum,2001,7713,1670.0,1020.0,20.9,0.7713
Zambia,Sorghum,2002,7637,1670.0,1020.0,21.55,0.7637
Zambia,Sorghum,2004,5797,1670.0,1020.0,20.79,0.5797
Zambia,Sorghum,2005,8588,1670.0,1020.0,21.97,0.8588
Zambia,Sorghum,2006,6013,1670.0,1020.0,21.05,0.6013
Zambia,Sorghum,2007,6589,1670.0,1020.0,20.87,0.6589
Zambia,Sorghum,2008,2976,1670.0,1020.0,20.66,0.2976
Zambia,Sorghum,2009,6777,1670.0,1020.0,20.76,0.6777
Zambia,Sorghum,2010,9593,1670.0,1020.0,21.34,0.9593
Zambia,Sorghum,2011,8223,1670.0,1020.0,20.88,0.8223
Zambia,Sorghum,2012,9787,1670.0,1020.0,20.8,0.9787
Zambia,Sorghum,2013,6478,1670.0,1020.0,20.14,0.6478
Zambia,Soybeans,1990,8986,1080.0,1020.0,21.43,0.8986
Zambia,Soybeans,1991,9491,1080.0,1020.0,20.84,0.9491
Zambia,Soybeans,1992,3075,1080.0,1020.0,21.85,0.3075
Zambia,Soybeans,1993,13090,1080.0,1020.0,21.0,1.309
Zambia,Soybeans,1994,9679,1080.0,1020.0,21.2,0.9679
Zambia,Soybeans,1995,9759,716.0,1020.0,21.86,0.9759
Zambia,Soybeans,1996,15727,1670.0,1020.0,21.19,1.5727
Zambia,Soybeans,1997,16958,1670.0,1020.0,20.9,1.6958
Zambia,Soybeans,1998,10595,1670.0,1020.0,21.32,1.0595
Zambia,Soybeans,1999,22785,1670.0,1020.0,20.53,2.2785
Zambia,Soybeans,2000,17067,1670.0,1020.0,20.66,1.7067
Zambia,Soybeans,2001,6043,1670.0,1020.0,20.9,0.6043
Zambia,Soybeans,2002,11250,1670.0,1020.0,21.55,1.125
Zambia,Soybeans,2004,12973,1670.0,1020.0,20.79,1.2973
Zambia,Soybeans,2005,16371,1670.0,1020.0,21.97,1.6371
Zambia,Soybeans,2006,13708,1670.0,1020.0,21.05,1.3708
Zambia,Soybeans,2007,16013,1670.0,1020.0,20.87,1.6013
Zambia,Soybeans,2008,18642,1670.0,1020.0,20.66,1.8642
Zambia,Soybeans,2009,18893,1670.0,1020.0,20.76,1.8893
Zambia,Soybeans,2010,18409,1670.0,1020.0,21.34,1.8409
Zambia,Soybeans,2011,19427,1670.0,1020.0,20.88,1.9427
Zambia,Soybeans,2012,23941,1670.0,1020.0,20.8,2.3941
Zambia,Soybeans,2013,20909,1670.0,1020.0,20.14,2.0909
Zambia,Sweet potatoes,1990,54000,1080.0,1020.0,21.43,5.4
Zambia,Sweet potatoes,1991,43077,1080.0,1020.0,20.84,4.3077
Zambia,Sweet potatoes,1992,33333,1080.0,1020.0,21.85,3.3333
Zambia,Sweet potatoes,1993,30556,1080.0,1020.0,21.0,3.0556
Zambia,Sweet potatoes,1994,26500,1080.0,1020.0,21.2,2.65
Zambia,Sweet potatoes,1995,21250,716.0,1020.0,21.86,2.125
Zambia,Sweet potatoes,1996,20000,1670.0,1020.0,21.19,2.0
Zambia,Sweet potatoes,1997,17000,1670.0,1020.0,20.9,1.7
Zambia,Sweet potatoes,1998,15152,1670.0,1020.0,21.32,1.5152
Zambia,Sweet potatoes,1999,14054,1670.0,1020.0,20.53,1.4054
Zambia,Sweet potatoes,2000,13213,1670.0,1020.0,20.66,1.3213
Zambia,Sweet potatoes,2001,10275,1670.0,1020.0,20.9,1.0275
Zambia,Sweet potatoes,2002,19969,1670.0,1020.0,21.55,1.9969
Zambia,Sweet potatoes,2004,38881,1670.0,1020.0,20.79,3.8881
Zambia,Sweet potatoes,2005,29828,1670.0,1020.0,21.97,2.9828
Zambia,Sweet potatoes,2006,31527,1670.0,1020.0,21.05,3.1527
Zambia,Sweet potatoes,2007,27702,1670.0,1020.0,20.87,2.7702
Zambia,Sweet potatoes,2008,35714,1670.0,1020.0,20.66,3.5714
Zambia,Sweet potatoes,2009,33057,1670.0,1020.0,20.76,3.3057
Zambia,Sweet potatoes,2010,36651,1670.0,1020.0,21.34,3.6651
Zambia,Sweet potatoes,2011,33930,1670.0,1020.0,20.88,3.393
Zambia,Sweet potatoes,2012,39181,1670.0,1020.0,20.8,3.9181
Zambia,Sweet potatoes,2013,38873,1670.0,1020.0,20.14,3.8873
Zambia,Wheat,1990,43938,1080.0,1020.0,21.43,4.3938
Zambia,Wheat,1991,43841,1080.0,1020.0,20.84,4.3841
Zambia,Wheat,1992,41004,1080.0,1020.0,21.85,4.1004
Zambia,Wheat,1993,50737,1080.0,1020.0,21.0,5.0737
Zambia,Wheat,1994,52692,1080.0,1020.0,21.2,5.2692
Zambia,Wheat,1995,48705,716.0,1020.0,21.86,4.8705
Zambia,Wheat,1996,55771,1670.0,1020.0,21.19,5.5771
Zambia,Wheat,1997,66221,1670.0,1020.0,20.9,6.6221
Zambia,Wheat,1998,56681,1670.0,1020.0,21.32,5.6681
Zambia,Wheat,1999,69777,1670.0,1020.0,20.53,6.9777
Zambia,Wheat,2000,62102,1670.0,1020.0,20.66,6.2102
Zambia,Wheat,2001,66667,1670.0,1020.0,20.9,6.6667
Zambia,Wheat,2002,62500,1670.0,1020.0,21.55,6.25
Zambia,Wheat,2004,61181,1670.0,1020.0,20.79,6.1181
Zambia,Wheat,2005,62104,1670.0,1020.0,21.97,6.2104
Zambia,Wheat,2006,54946,1670.0,1020.0,21.05,5.4946
Zambia,Wheat,2007,61511,1670.0,1020.0,20.87,6.1511
Zambia,Wheat,2008,99387,1670.0,1020.0,20.66,9.9387
Zambia,Wheat,2009,56991,1670.0,1020.0,20.76,5.6991
Zambia,Wheat,2010,63118,1670.0,1020.0,21.34,6.3118
Zambia,Wheat,2011,63068,1670.0,1020.0,20.88,6.3068
Zambia,Wheat,2012,68135,1670.0,1020.0,20.8,6.8135
Zambia,Wheat,2013,65435,1670.0,1020.0,20.14,6.5435
Zimbabwe,Cassava,1990,39916,5727.0,657.0,21.19,3.9916
Zimbabwe,Cassava,1991,40000,6753.0,657.0,20.95,4.0
Zimbabwe,Cassava,1992,40000,3303.0,657.0,21.93,4.0
Zimbabwe,Cassava,1993,39394,1716.0,657.0,20.88,3.9394
Zimbabwe,Cassava,1994,40095,1664.0,657.0,20.64,4.0095
Zimbabwe,Cassava,1995,39474,2599.0,657.0,21.57,3.9474
Zimbabwe,Cassava,1996,40638,2538.0,657.0,20.7,4.0638
Zimbabwe,Cassava,1997,41026,2762.0,657.0,20.63,4.1026
Zimbabwe,Cassava,1998,42308,2883.0,657.0,21.3,4.2308
Zimbabwe,Cassava,1999,42121,2918.18,657.0,20.44,4.2121
Zimbabwe,Cassava,2000,43750,2953.36,657.0,20.28,4.375
Zimbabwe,Cassava,2001,42650,2988.54,657.0,20.86,4.265
Zimbabwe,Cassava,2002,42679,3023.72,657.0,21.08,4.2679
Zimbabwe,Cassava,2004,43678,3094.08,657.0,20.31,4.3678
Zimbabwe,Cassava,2005,43541,3129.26,657.0,21.49,4.3541
Zimbabwe,Cassava,2006,43714,3164.45,657.0,20.7,4.3714
Zimbabwe,Cassava,2007,43146,3199.63,657.0,20.75,4.3146
Zimbabwe,Cassava,2008,44259,3234.81,657.0,20.68,4.4259
Zimbabwe,Cassava,2009,44708,3269.99,657.0,20.52,4.4708
Zimbabwe,Cassava,2010,45152,3305.17,657.0,21.17,4.5152
Zimbabwe,Cassava,2011,45589,3340.35,657.0,20.78,4.5589
Zimbabwe,Cassava,2012,47010,3375.53,657.0,20.52,4.701
Zimbabwe,Cassava,2013,46000,2550.07,657.0,19.76,4.6
Zimbabwe,Maize,1990,17206,5727.0,657.0,21.19,1.7206
Zimbabwe,Maize,1991,14400,6753.0,657.0,20.95,1.44
Zimbabwe,Maize,1992,4108,3303.0,657.0,21.93,0.4108
Zimbabwe,Maize,1993,16526,1716.0,657.0,20.88,1.6526
Zimbabwe,Maize,1994,12133,1664.0,657.0,20.64,1.2133
Zimbabwe,Maize,1995,5949,2599.0,657.0,21.57,0.5949
Zimbabwe,Maize,1996,14150,2538.0,657.0,20.7,1.415
Zimbabwe,Maize,1997,11043,2762.0,657.0,20.63,1.1043
Zimbabwe,Maize,1998,10125,2883.0,657.0,21.3,1.0125
Zimbabwe,Maize,1999,10870,2918.18,657.0,20.44,1.087
Zimbabwe,Maize,2000,11795,2953.36,657.0,20.28,1.1795
Zimbabwe,Maize,2001,12309,2988.54,657.0,20.86,1.2309
Zimbabwe,Maize,2002,4554,3023.72,657.0,21.08,0.4554
Zimbabwe,Maize,2004,12965,3094.08,657.0,20.31,1.2965
Zimbabwe,Maize,2005,6195,3129.26,657.0,21.49,0.6195
Zimbabwe,Maize,2006,9772,3164.45,657.0,20.7,0.9772
Zimbabwe,Maize,2007,8651,3199.63,657.0,20.75,0.8651
Zimbabwe,Maize,2008,2867,3234.81,657.0,20.68,0.2867
Zimbabwe,Maize,2009,4642,3269.99,657.0,20.52,0.4642
Zimbabwe,Maize,2010,8751,3305.17,657.0,21.17,0.8751
Zimbabwe,Maize,2011,6568,3340.35,657.0,20.78,0.6568
Zimbabwe,Maize,2012,7912,3375.53,657.0,20.52,0.7912
Zimbabwe,Maize,2013,7449,2550.07,657.0,19.76,0.7449
Zimbabwe,Potatoes,1990,158974,5727.0,657.0,21.19,15.8974
Zimbabwe,Potatoes,1991,156839,6753.0,657.0,20.95,15.6839
Zimbabwe,Potatoes,1992,156250,3303.0,657.0,21.93,15.625
Zimbabwe,Potatoes,1993,157895,1716.0,657.0,20.88,15.7895
Zimbabwe,Potatoes,1994,158974,1664.0,657.0,20.64,15.8974
Zimbabwe,Potatoes,1995,157895,2599.0,657.0,21.57,15.7895
Zimbabwe,Potatoes,1996,157062,2538.0,657.0,20.7,15.7062
Zimbabwe,Potatoes,1997,156673,2762.0,657.0,20.63,15.6673
Zimbabwe,Potatoes,1998,152632,2883.0,657.0,21.3,15.2632
Zimbabwe,Potatoes,1999,157697,2918.18,657.0,20.44,15.7697
Zimbabwe,Potatoes,2000,160000,2953.36,657.0,20.28,16.0
Zimbabwe,Potatoes,2001,157143,2988.54,657.0,20.86,15.7143
Zimbabwe,Potatoes,2002,159091,3023.72,657.0,21.08,15.9091
Zimbabwe,Potatoes,2004,161413,3094.08,657.0,20.31,16.1413
Zimbabwe,Potatoes,2005,162464,3129.26,657.0,21.49,16.2464
Zimbabwe,Potatoes,2006,163494,3164.45,657.0,20.7,16.3494
Zimbabwe,Potatoes,2007,164490,3199.63,657.0,20.75,16.449
Zimbabwe,Potatoes,2008,165333,3234.81,657.0,20.68,16.5333
Zimbabwe,Potatoes,2009,166136,3269.99,657.0,20.52,16.6136
Zimbabwe,Potatoes,2010,166825,3305.17,657.0,21.17,16.6825
Zimbabwe,Potatoes,2011,167336,3340.35,657.0,20.78,16.7336
Zimbabwe,Potatoes,2012,171875,3375.53,657.0,20.52,17.1875
Zimbabwe,Potatoes,2013,165714,2550.07,657.0,19.76,16.5714
Zimbabwe,"Rice, paddy",1990,23400,5727.0,657.0,21.19,2.34
Zimbabwe,"Rice, paddy",1991,22500,6753.0,657.0,20.95,2.25
Zimbabwe,"Rice, paddy",1992,22222,3303.0,657.0,21.93,2.2222
Zimbabwe,"Rice, paddy",1993,25000,1716.0,657.0,20.88,2.5
Zimbabwe,"Rice, paddy",1994,23871,1664.0,657.0,20.64,2.3871
Zimbabwe,"Rice, paddy",1995,23246,2599.0,657.0,21.57,2.3246
Zimbabwe,"Rice, paddy",1996,22727,2538.0,657.0,20.7,2.2727
Zimbabwe,"Rice, paddy",1997,22133,2762.0,657.0,20.63,2.2133
Zimbabwe,"Rice, paddy",1998,20000,2883.0,657.0,21.3,2.0
Zimbabwe,"Rice, paddy",1999,21457,2918.18,657.0,20.44,2.1457
Zimbabwe,"Rice, paddy",2000,20000,2953.36,657.0,20.28,2.0
Zimbabwe,"Rice, paddy",2001,22070,2988.54,657.0,20.86,2.207
Zimbabwe,"Rice, paddy",2002,22618,3023.72,657.0,21.08,2.2618
Zimbabwe,"Rice, paddy",2004,23149,3094.08,657.0,20.31,2.3149
Zimbabwe,"Rice, paddy",2005,23165,3129.26,657.0,21.49,2.3165
Zimbabwe,"Rice, paddy",2006,24000,3164.45,657.0,20.7,2.4
Zimbabwe,"Rice, paddy",2007,23058,3199.63,657.0,20.75,2.3058
Zimbabwe,"Rice, paddy",2008,22951,3234.81,657.0,20.68,2.2951
Zimbabwe,"Rice, paddy",2009,22857,3269.99,657.0,20.52,2.2857
Zimbabwe,"Rice, paddy",2010,22775,3305.17,657.0,21.17,2.2775
Zimbabwe,"Rice, paddy",2011,22704,3340.35,657.0,20.78,2.2704
Zimbabwe,"Rice, paddy",2012,22581,3375.53,657.0,20.52,2.2581
Zimbabwe,"Rice, paddy",2013,22581,2550.07,657.0,19.76,2.2581
Zimbabwe,Sorghum,1990,6836,5727.0,657.0,21.19,0.6836
Zimbabwe,Sorghum,1991,5983,6753.0,657.0,20.95,0.5983
Zimbabwe,Sorghum,1992,3914,3303.0,657.0,21.93,0.3914
Zimbabwe,Sorghum,1993,6464,1716.0,657.0,20.88,0.6464
Zimbabwe,Sorghum,1994,3276,1664.0,657.0,20.64,0.3276
Zimbabwe,Sorghum,1995,3369,2599.0,657.0,21.57,0.3369
Zimbabwe,Sorghum,1996,4381,2538.0,657.0,20.7,0.4381
Zimbabwe,Sorghum,1997,3585,2762.0,657.0,20.63,0.3585
Zimbabwe,Sorghum,1998,3106,2883.0,657.0,21.3,0.3106
Zimbabwe,Sorghum,1999,3998,2918.18,657.0,20.44,0.3998
Zimbabwe,Sorghum,2000,3983,2953.36,657.0,20.28,0.3983
Zimbabwe,Sorghum,2001,5117,2988.54,657.0,20.86,0.5117
Zimbabwe,Sorghum,2002,2652,3023.72,657.0,21.08,0.2652
Zimbabwe,Sorghum,2004,6193,3094.08,657.0,20.31,0.6193
Zimbabwe,Sorghum,2005,2726,3129.26,657.0,21.49,0.2726
Zimbabwe,Sorghum,2006,4091,3164.45,657.0,20.7,0.4091
Zimbabwe,Sorghum,2007,3332,3199.63,657.0,20.75,0.3332
Zimbabwe,Sorghum,2008,2577,3234.81,657.0,20.68,0.2577
Zimbabwe,Sorghum,2009,3230,3269.99,657.0,20.52,0.323
Zimbabwe,Sorghum,2010,2702,3305.17,657.0,21.17,0.2702
Zimbabwe,Sorghum,2011,2267,3340.35,657.0,20.78,0.2267
Zimbabwe,Sorghum,2012,2046,3375.53,657.0,20.52,0.2046
Zimbabwe,Sorghum,2013,3066,2550.07,657.0,19.76,0.3066
Zimbabwe,Soybeans,1990,20689,5727.0,657.0,21.19,2.0689
Zimbabwe,Soybeans,1991,19261,6753.0,657.0,20.95,1.9261
Zimbabwe,Soybeans,1992,11336,3303.0,657.0,21.93,1.1336
Zimbabwe,Soybeans,1993,19341,1716.0,657.0,20.88,1.9341
Zimbabwe,Soybeans,1994,21217,1664.0,657.0,20.64,2.1217
Zimbabwe,Soybeans,1995,16791,2599.0,657.0,21.57,1.6791
Zimbabwe,Soybeans,1996,18914,2538.0,657.0,20.7,1.8914
Zimbabwe,Soybeans,1997,18158,2762.0,657.0,20.63,1.8158
Zimbabwe,Soybeans,1998,19295,2883.0,657.0,21.3,1.9295
Zimbabwe,Soybeans,1999,22800,2918.18,657.0,20.44,2.28
Zimbabwe,Soybeans,2000,22328,2953.36,657.0,20.28,2.2328
Zimbabwe,Soybeans,2001,21996,2988.54,657.0,20.86,2.1996
Zimbabwe,Soybeans,2002,16466,3023.72,657.0,21.08,1.6466
Zimbabwe,Soybeans,2004,17314,3094.08,657.0,20.31,1.7314
Zimbabwe,Soybeans,2005,13549,3129.26,657.0,21.49,1.3549
Zimbabwe,Soybeans,2006,14908,3164.45,657.0,20.7,1.4908
Zimbabwe,Soybeans,2007,17566,3199.63,657.0,20.75,1.7566
Zimbabwe,Soybeans,2008,16129,3234.81,657.0,20.68,1.6129
Zimbabwe,Soybeans,2009,15000,3269.99,657.0,20.52,1.5
Zimbabwe,Soybeans,2010,13557,3305.17,657.0,21.17,1.3557
Zimbabwe,Soybeans,2011,12054,3340.35,657.0,20.78,1.2054
Zimbabwe,Soybeans,2012,15300,3375.53,657.0,20.52,1.53
Zimbabwe,Soybeans,2013,13142,2550.07,657.0,19.76,1.3142
Zimbabwe,Sweet potatoes,1990,21538,5727.0,657.0,21.19,2.1538
Zimbabwe,Sweet potatoes,1991,21429,6753.0,657.0,20.95,2.1429
Zimbabwe,Sweet potatoes,1992,20000,3303.0,657.0,21.93,2.0
Zimbabwe,Sweet potatoes,1993,21429,1716.0,657.0,20.88,2.1429
Zimbabwe,Sweet potatoes,1994,21105,1664.0,657.0,20.64,2.1105
Zimbabwe,Sweet potatoes,1995,21012,2599.0,657.0,21.57,2.1012
Zimbabwe,Sweet potatoes,1996,20966,2538.0,657.0,20.7,2.0966
Zimbabwe,Sweet potatoes,1997,20920,2762.0,657.0,20.63,2.092
Zimbabwe,Sweet potatoes,1998,20000,2883.0,657.0,21.3,2.0
Zimbabwe,Sweet potatoes,1999,20968,2918.18,657.0,20.44,2.0968
Zimbabwe,Sweet potatoes,2000,21333,2953.36,657.0,20.28,2.1333
Zimbabwe,Sweet potatoes,2001,21204,2988.54,657.0,20.86,2.1204
Zimbabwe,Sweet potatoes,2002,21250,3023.72,657.0,21.08,2.125
Zimbabwe,Sweet potatoes,2004,21376,3094.08,657.0,20.31,2.1376
Zimbabwe,Sweet potatoes,2005,21472,3129.26,657.0,21.49,2.1472
Zimbabwe,Sweet potatoes,2006,21569,3164.45,657.0,20.7,2.1569
Zimbabwe,Sweet potatoes,2007,21951,3199.63,657.0,20.75,2.1951
Zimbabwe,Sweet potatoes,2008,21798,3234.81,657.0,20.68,2.1798
Zimbabwe,Sweet potatoes,2009,21854,3269.99,657.0,20.52,2.1854
Zimbabwe,Sweet potatoes,2010,21905,3305.17,657.0,21.17,2.1905
Zimbabwe,Sweet potatoes,2011,21953,3340.35,657.0,20.78,2.1953
Zimbabwe,Sweet potatoes,2012,22222,3375.53,657.0,20.52,2.2222
Zimbabwe,Sweet potatoes,2013,22222,2550.07,657.0,19.76,2.2222
Zimbabwe,Wheat,1990,58211,5727.0,657.0,21.19,5.8211
Zimbabwe,Wheat,1991,58912,6753.0,657.0,20.95,5.8912
Zimbabwe,Wheat,1992,50893,3303.0,657.0,21.93,5.0893
Zimbabwe,Wheat,1993,57708,1716.0,657.0,20.88,5.7708
Zimbabwe,Wheat,1994,54649,1664.0,657.0,20.64,5.4649
Zimbabwe,Wheat,1995,50360,2599.0,657.0,21.57,5.036
Zimbabwe,Wheat,1996,54999,2538.0,657.0,20.7,5.4999
Zimbabwe,Wheat,1997,56000,2762.0,657.0,20.63,5.6
Zimbabwe,Wheat,1998,55000,2883.0,657.0,21.3,5.5
Zimbabwe,Wheat,1999,55000,2918.18,657.0,20.44,5.5
Zimbabwe,Wheat,2000,54000,2953.36,657.0,20.28,5.4
Zimbabwe,Wheat,2001,53000,2988.54,657.0,20.86,5.3
Zimbabwe,Wheat,2002,50000,3023.72,657.0,21.08,5.0
Zimbabwe,Wheat,2004,35000,3094.08,657.0,20.31,3.5
Zimbabwe,Wheat,2005,35000,3129.26,657.0,21.49,3.5
Zimbabwe,Wheat,2006,36000,3164.45,657.0,20.7,3.6
Zimbabwe,Wheat,2007,29998,3199.63,657.0,20.75,2.9998
Zimbabwe,Wheat,2008,30097,3234.81,657.0,20.68,3.0097
Zimbabwe,Wheat,2009,30000,3269.99,657.0,20.52,3.0
Zimbabwe,Wheat,2010,27681,3305.17,657.0,21.17,2.7681
Zimbabwe,Wheat,2011,26274,3340.35,657.0,20.78,2.6274
Zimbabwe,Wheat,2012,24420,3375.53,657.0,20.52,2.442
Zimbabwe,Wheat,2013,22888,2550.07,657.0,19.76,2.2888
